index,id,group,F,n,outcome,pbc,direction,role,delta,alpha,actual_amplitude,feasibility_scale,n_trials,expected_trials,complete,reference_draws,calibration_replicates,evaluation,score,method,rejections,rate,mcse,ci_lower,ci_upper,difference_from_nominal,note,paper_id
0,11346d1fe5a61b9b84ea,main,2,200,continuous,0.8,first_factor,superiority_null,0.0,0.05,0.5,1.0,100000,100000,True,4999,100000,type1,unadjusted,RT,4866,0.04866,0.0006803837476013,0.0473437226458054,0.050010952102661,-0.00134,null rejection probability,P01
0,11346d1fe5a61b9b84ea,main,2,200,continuous,0.8,first_factor,superiority_null,0.0,0.05,0.5,1.0,100000,100000,True,4999,100000,type1,unadjusted,refined_S_normal,4903,0.04903,0.0006828327694245,0.0477089091187804,0.0503857372039827,-0.00097,null rejection probability,P01
0,11346d1fe5a61b9b84ea,main,2,200,continuous,0.8,first_factor,superiority_null,0.0,0.05,0.5,1.0,100000,100000,True,4999,100000,type1,unadjusted,refined_R_normal,4816,0.04816,0.0006770569724919,0.0468502612817549,0.049504451879824,-0.00184,null rejection probability,P01
0,11346d1fe5a61b9b84ea,main,2,200,continuous,0.8,first_factor,superiority_null,0.0,0.05,0.5,1.0,100000,100000,True,4999,100000,type1,unadjusted,refined_CRT_data,4947,0.04947,0.0006857311360876,0.0481432123233967,0.0508314001958273,-0.00053,null rejection probability,P01
0,11346d1fe5a61b9b84ea,main,2,200,continuous,0.8,first_factor,superiority_null,0.0,0.05,0.5,1.0,100000,100000,True,4999,100000,type1,adjusted,RT,4886,0.04886,0.0006817088850821,0.0475411181100434,0.0502135412731779,-0.00114,null rejection probability,P01
0,11346d1fe5a61b9b84ea,main,2,200,continuous,0.8,first_factor,superiority_null,0.0,0.05,0.5,1.0,100000,100000,True,4999,100000,type1,adjusted,refined_S_normal,4948,0.04948,0.0006857968328885,0.0481530831939931,0.0508415285569686,-0.0005199999999999,null rejection probability,P01
0,11346d1fe5a61b9b84ea,main,2,200,continuous,0.8,first_factor,superiority_null,0.0,0.05,0.5,1.0,100000,100000,True,4999,100000,type1,adjusted,refined_R_normal,4861,0.04861,0.0006800519678671,0.0472943747503396,0.0499603038394381,-0.00139,null rejection probability,P01
0,11346d1fe5a61b9b84ea,main,2,200,continuous,0.8,first_factor,superiority_null,0.0,0.05,0.5,1.0,100000,100000,True,4999,100000,type1,adjusted,refined_CRT_data,4972,0.04972,0.0006873712359416,0.0483899886343672,0.0510846046783005,-0.00028,null rejection probability,P01
2,df8c15feef85cacf23f3,main,2,200,continuous,0.8,first_factor,noninferiority_null,-0.2,0.025,0.5,1.0,100000,100000,True,4999,100000,type1,unadjusted,RT,2533,0.02533,0.0004968741399992,0.0243742261552361,0.0263222409490633,0.0003299999999999,null rejection probability,P03
2,df8c15feef85cacf23f3,main,2,200,continuous,0.8,first_factor,noninferiority_null,-0.2,0.025,0.5,1.0,100000,100000,True,4999,100000,type1,unadjusted,refined_S_normal,2509,0.02509,0.0004945754937317,0.0241387395851773,0.0260777459574162,8.99999999999998e-05,null rejection probability,P03
2,df8c15feef85cacf23f3,main,2,200,continuous,0.8,first_factor,noninferiority_null,-0.2,0.025,0.5,1.0,100000,100000,True,4999,100000,type1,unadjusted,refined_R_normal,2480,0.0248,0.0004917820655534,0.0238542244527493,0.0257822833694495,-0.0002,null rejection probability,P03
2,df8c15feef85cacf23f3,main,2,200,continuous,0.8,first_factor,noninferiority_null,-0.2,0.025,0.5,1.0,100000,100000,True,4999,100000,type1,unadjusted,refined_CRT_data,2574,0.02574,0.00050077392504,0.0247765687358077,0.0267398668697394,0.0007399999999999,null rejection probability,P03
2,df8c15feef85cacf23f3,main,2,200,continuous,0.8,first_factor,noninferiority_null,-0.2,0.025,0.5,1.0,100000,100000,True,4999,100000,type1,adjusted,RT,2521,0.02521,0.0004957262944407,0.0242564799759092,0.0261999963475373,0.0002099999999999,null rejection probability,P03
2,df8c15feef85cacf23f3,main,2,200,continuous,0.8,first_factor,noninferiority_null,-0.2,0.025,0.5,1.0,100000,100000,True,4999,100000,type1,adjusted,refined_S_normal,2524,0.02524,0.0004960135320734,0.0242859159796311,0.0262305580390287,0.0002399999999999,null rejection probability,P03
2,df8c15feef85cacf23f3,main,2,200,continuous,0.8,first_factor,noninferiority_null,-0.2,0.025,0.5,1.0,100000,100000,True,4999,100000,type1,adjusted,refined_R_normal,2488,0.02488,0.0004925544193284,0.023932707952251,0.0258637937238498,-0.00012,null rejection probability,P03
2,df8c15feef85cacf23f3,main,2,200,continuous,0.8,first_factor,noninferiority_null,-0.2,0.025,0.5,1.0,100000,100000,True,4999,100000,type1,adjusted,refined_CRT_data,2569,0.02569,0.0005003001489106,0.0247274990270285,0.0266889404198299,0.0006899999999999,null rejection probability,P03
4,9583aab7040d6cdbfedd,main,2,200,continuous,0.8,interaction,superiority_null,0.0,0.05,0.5,1.0,100000,100000,True,4999,100000,type1,unadjusted,RT,5049,0.05049,0.0006923926624394,0.0491501186120235,0.0518644155444508,0.0004899999999999,null rejection probability,P05
4,9583aab7040d6cdbfedd,main,2,200,continuous,0.8,interaction,superiority_null,0.0,0.05,0.5,1.0,100000,100000,True,4999,100000,type1,unadjusted,refined_S_normal,5032,0.05032,0.0006912879110761,0.048982290114779,0.0516922571021536,0.0003199999999999,null rejection probability,P05
4,9583aab7040d6cdbfedd,main,2,200,continuous,0.8,interaction,superiority_null,0.0,0.05,0.5,1.0,100000,100000,True,4999,100000,type1,unadjusted,refined_R_normal,4971,0.04971,0.0006873057245505,0.0483801174004851,0.0510744766804448,-0.00029,null rejection probability,P05
4,9583aab7040d6cdbfedd,main,2,200,continuous,0.8,interaction,superiority_null,0.0,0.05,0.5,1.0,100000,100000,True,4999,100000,type1,unadjusted,refined_CRT_data,5109,0.05109,0.000696274456662,0.0497424884371945,0.0524719996235447,0.00109,null rejection probability,P05
4,9583aab7040d6cdbfedd,main,2,200,continuous,0.8,interaction,superiority_null,0.0,0.05,0.5,1.0,100000,100000,True,4999,100000,type1,adjusted,RT,5019,0.05019,0.0006904416260626,0.0488539535660744,0.0515606036382675,0.0001899999999999,null rejection probability,P05
4,9583aab7040d6cdbfedd,main,2,200,continuous,0.8,interaction,superiority_null,0.0,0.05,0.5,1.0,100000,100000,True,4999,100000,type1,adjusted,refined_S_normal,5005,0.05005,0.0006895288065048,0.0487157477882261,0.0514188201717873,4.999999999999449e-05,null rejection probability,P05
4,9583aab7040d6cdbfedd,main,2,200,continuous,0.8,interaction,superiority_null,0.0,0.05,0.5,1.0,100000,100000,True,4999,100000,type1,adjusted,refined_R_normal,4953,0.04953,0.000686125200674,0.0482024377746914,0.0508921701349591,-0.00047,null rejection probability,P05
4,9583aab7040d6cdbfedd,main,2,200,continuous,0.8,interaction,superiority_null,0.0,0.05,0.5,1.0,100000,100000,True,4999,100000,type1,adjusted,refined_CRT_data,5082,0.05082,0.0006945309755511,0.0494759154984076,0.0521985933054124,0.0008199999999999,null rejection probability,P05
6,048aff38bf02e7e4552f,main,2,200,continuous,0.8,interaction,noninferiority_null,-0.2,0.025,0.5,1.0,100000,100000,True,4999,100000,type1,unadjusted,RT,2567,0.02567,0.00050011049879,0.0247078714171053,0.0266685695662776,0.0006699999999999,null rejection probability,P07
6,048aff38bf02e7e4552f,main,2,200,continuous,0.8,interaction,noninferiority_null,-0.2,0.025,0.5,1.0,100000,100000,True,4999,100000,type1,unadjusted,refined_S_normal,2566,0.02566,0.0005000156437552,0.0246980576708587,0.0266583840807865,0.0006599999999999,null rejection probability,P07
6,048aff38bf02e7e4552f,main,2,200,continuous,0.8,interaction,noninferiority_null,-0.2,0.025,0.5,1.0,100000,100000,True,4999,100000,type1,unadjusted,refined_R_normal,2536,0.02536,0.0004971606420464,0.0244036635998369,0.0263528011996758,0.0003599999999999,null rejection probability,P07
6,048aff38bf02e7e4552f,main,2,200,continuous,0.8,interaction,noninferiority_null,-0.2,0.025,0.5,1.0,100000,100000,True,4999,100000,type1,unadjusted,refined_CRT_data,2594,0.02594,0.0005026640667483,0.0249728572922778,0.0269435629480244,0.0009399999999999,null rejection probability,P07
6,048aff38bf02e7e4552f,main,2,200,continuous,0.8,interaction,noninferiority_null,-0.2,0.025,0.5,1.0,100000,100000,True,4999,100000,type1,adjusted,RT,2543,0.02543,0.0004978284353067,0.0244723523643064,0.0264241070573706,0.0004299999999999,null rejection probability,P07
6,048aff38bf02e7e4552f,main,2,200,continuous,0.8,interaction,noninferiority_null,-0.2,0.025,0.5,1.0,100000,100000,True,4999,100000,type1,adjusted,refined_S_normal,2563,0.02563,0.0004997309586167,0.0246686166672463,0.0266278273891856,0.0006299999999999,null rejection probability,P07
6,048aff38bf02e7e4552f,main,2,200,continuous,0.8,interaction,noninferiority_null,-0.2,0.025,0.5,1.0,100000,100000,True,4999,100000,type1,adjusted,refined_R_normal,2536,0.02536,0.0004971606420464,0.0244036635998369,0.0263528011996758,0.0003599999999999,null rejection probability,P07
6,048aff38bf02e7e4552f,main,2,200,continuous,0.8,interaction,noninferiority_null,-0.2,0.025,0.5,1.0,100000,100000,True,4999,100000,type1,adjusted,refined_CRT_data,2583,0.02583,0.000501625468851,0.0248648966664706,0.0268315320247163,0.0008299999999999,null rejection probability,P07
8,91f3e97730882aa0b880,main,2,200,binary,0.8,first_factor,superiority_null,0.0,0.05,0.12,1.0,100000,100000,True,4999,100000,type1,unadjusted,RT,4276,0.04276,0.0006397779489791,0.0415235233513967,0.0440316046717981,-0.00724,null rejection probability,P09
8,91f3e97730882aa0b880,main,2,200,binary,0.8,first_factor,superiority_null,0.0,0.05,0.12,1.0,100000,100000,True,4999,100000,type1,unadjusted,refined_S_normal,4933,0.04933,0.0006848105657771,0.0480050217321174,0.0506896015427781,-0.00067,null rejection probability,P09
8,91f3e97730882aa0b880,main,2,200,binary,0.8,first_factor,superiority_null,0.0,0.05,0.12,1.0,100000,100000,True,4999,100000,type1,unadjusted,refined_R_normal,4893,0.04893,0.0006821719365379,0.0476102079855045,0.0502844460198811,-0.00107,null rejection probability,P09
8,91f3e97730882aa0b880,main,2,200,binary,0.8,first_factor,superiority_null,0.0,0.05,0.12,1.0,100000,100000,True,4999,100000,type1,unadjusted,refined_CRT_data,4276,0.04276,0.0006397779489791,0.0415235233513967,0.0440316046717981,-0.00724,null rejection probability,P09
8,91f3e97730882aa0b880,main,2,200,binary,0.8,first_factor,superiority_null,0.0,0.05,0.12,1.0,100000,100000,True,4999,100000,type1,adjusted,RT,4905,0.04905,0.0006829648417012,0.0477286495302042,0.0504059952560343,-0.0009499999999999,null rejection probability,P09
8,91f3e97730882aa0b880,main,2,200,binary,0.8,first_factor,superiority_null,0.0,0.05,0.12,1.0,100000,100000,True,4999,100000,type1,adjusted,refined_S_normal,5054,0.05054,0.0006927171746102,0.0491994807472967,0.0519150495678663,0.0005399999999999,null rejection probability,P09
8,91f3e97730882aa0b880,main,2,200,binary,0.8,first_factor,superiority_null,0.0,0.05,0.12,1.0,100000,100000,True,4999,100000,type1,adjusted,refined_R_normal,4983,0.04983,0.0006880913536733,0.0484985732015867,0.0511960116601962,-0.00017,null rejection probability,P09
8,91f3e97730882aa0b880,main,2,200,binary,0.8,first_factor,superiority_null,0.0,0.05,0.12,1.0,100000,100000,True,4999,100000,type1,adjusted,refined_CRT_data,4960,0.0496,0.000686584590564,0.0482715348244813,0.0509630677073334,-0.0004,null rejection probability,P09
10,e099f752c2d738f34e7b,main,2,200,binary,0.8,first_factor,noninferiority_null,-0.1,0.025,0.12,1.0,100000,100000,True,4999,100000,type1,unadjusted,RT,2361,0.02361,0.0004801308977768,0.0226871005139799,0.0245694987314269,-0.00139,null rejection probability,P11
10,e099f752c2d738f34e7b,main,2,200,binary,0.8,first_factor,noninferiority_null,-0.1,0.025,0.12,1.0,100000,100000,True,4999,100000,type1,unadjusted,refined_S_normal,2474,0.02474,0.0004912019177486,0.0237953635567098,0.0257211488750625,-0.0002599999999999,null rejection probability,P11
10,e099f752c2d738f34e7b,main,2,200,binary,0.8,first_factor,noninferiority_null,-0.1,0.025,0.12,1.0,100000,100000,True,4999,100000,type1,unadjusted,refined_R_normal,2457,0.02457,0.0004895540327686,0.0236285991133603,0.0255479263788703,-0.0004299999999999,null rejection probability,P11
10,e099f752c2d738f34e7b,main,2,200,binary,0.8,first_factor,noninferiority_null,-0.1,0.025,0.12,1.0,100000,100000,True,4999,100000,type1,unadjusted,refined_CRT_data,2372,0.02372,0.0004812209637993,0.0227949603243267,0.0246816304701953,-0.0012799999999999,null rejection probability,P11
10,e099f752c2d738f34e7b,main,2,200,binary,0.8,first_factor,noninferiority_null,-0.1,0.025,0.12,1.0,100000,100000,True,4999,100000,type1,adjusted,RT,2391,0.02391,0.0004830974218519,0.0229812761362953,0.0248753000612439,-0.00109,null rejection probability,P11
10,e099f752c2d738f34e7b,main,2,200,binary,0.8,first_factor,noninferiority_null,-0.1,0.025,0.12,1.0,100000,100000,True,4999,100000,type1,adjusted,refined_S_normal,2456,0.02456,0.000489456907194,0.0236187898146718,0.025537736445821,-0.00044,null rejection probability,P11
10,e099f752c2d738f34e7b,main,2,200,binary,0.8,first_factor,noninferiority_null,-0.1,0.025,0.12,1.0,100000,100000,True,4999,100000,type1,adjusted,refined_R_normal,2420,0.0242,0.0004859460875446,0.023265683070426,0.0251708708475079,-0.0008,null rejection probability,P11
10,e099f752c2d738f34e7b,main,2,200,binary,0.8,first_factor,noninferiority_null,-0.1,0.025,0.12,1.0,100000,100000,True,4999,100000,type1,adjusted,refined_CRT_data,2425,0.02425,0.000486435375975,0.0233147223936474,0.0252218276829753,-0.00075,null rejection probability,P11
12,f28640855cc46a5880e0,main,2,200,binary,0.8,interaction,superiority_null,0.0,0.05,0.12,1.0,100000,100000,True,4999,100000,type1,unadjusted,RT,4189,0.04189,0.0006335237004248,0.0406658129499272,0.0431493819120836,-0.00811,null rejection probability,P13
12,f28640855cc46a5880e0,main,2,200,binary,0.8,interaction,superiority_null,0.0,0.05,0.12,1.0,100000,100000,True,4999,100000,type1,unadjusted,refined_S_normal,4999,0.04999,0.0006891371409233,0.0486565176364003,0.0513580549331866,-1.0000000000003062e-05,null rejection probability,P13
12,f28640855cc46a5880e0,main,2,200,binary,0.8,interaction,superiority_null,0.0,0.05,0.12,1.0,100000,100000,True,4999,100000,type1,unadjusted,refined_R_normal,4967,0.04967,0.0006870436019642,0.048340632615871,0.0510339645381079,-0.00033,null rejection probability,P13
12,f28640855cc46a5880e0,main,2,200,binary,0.8,interaction,superiority_null,0.0,0.05,0.12,1.0,100000,100000,True,4999,100000,type1,unadjusted,refined_CRT_data,4191,0.04191,0.00063366830361,0.0406855288094101,0.0431696645160762,-0.00809,null rejection probability,P13
12,f28640855cc46a5880e0,main,2,200,binary,0.8,interaction,superiority_null,0.0,0.05,0.12,1.0,100000,100000,True,4999,100000,type1,adjusted,RT,4808,0.04808,0.0006765228274049,0.0467713111099933,0.0494234081976837,-0.00192,null rejection probability,P13
12,f28640855cc46a5880e0,main,2,200,binary,0.8,interaction,superiority_null,0.0,0.05,0.12,1.0,100000,100000,True,4999,100000,type1,adjusted,refined_S_normal,5016,0.05016,0.0006902461473996,0.0488243377962939,0.0515302217128347,0.00016,null rejection probability,P13
12,f28640855cc46a5880e0,main,2,200,binary,0.8,interaction,superiority_null,0.0,0.05,0.12,1.0,100000,100000,True,4999,100000,type1,adjusted,refined_R_normal,4967,0.04967,0.0006870436019642,0.048340632615871,0.0510339645381079,-0.00033,null rejection probability,P13
12,f28640855cc46a5880e0,main,2,200,binary,0.8,interaction,superiority_null,0.0,0.05,0.12,1.0,100000,100000,True,4999,100000,type1,adjusted,refined_CRT_data,4890,0.0489,0.0006819735332107,0.0475805979462072,0.0502540583639651,-0.0011,null rejection probability,P13
14,2e99017baf88ab41b624,main,2,200,binary,0.8,interaction,noninferiority_null,-0.1,0.025,0.12,1.0,100000,100000,True,4999,100000,type1,unadjusted,RT,2313,0.02313,0.0004753420147641,0.0222165026558591,0.0240801334661358,-0.00187,null rejection probability,P15
14,2e99017baf88ab41b624,main,2,200,binary,0.8,interaction,noninferiority_null,-0.1,0.025,0.12,1.0,100000,100000,True,4999,100000,type1,unadjusted,refined_S_normal,2497,0.02497,0.0004934217171953,0.0240210050235266,0.025955489738214,-3.0000000000002247e-05,null rejection probability,P15
14,2e99017baf88ab41b624,main,2,200,binary,0.8,interaction,noninferiority_null,-0.1,0.025,0.12,1.0,100000,100000,True,4999,100000,type1,unadjusted,refined_R_normal,2419,0.02419,0.0004858481645534,0.0232558753336995,0.0251606793524967,-0.00081,null rejection probability,P15
14,2e99017baf88ab41b624,main,2,200,binary,0.8,interaction,noninferiority_null,-0.1,0.025,0.12,1.0,100000,100000,True,4999,100000,type1,unadjusted,refined_CRT_data,2333,0.02333,0.0004773438079623,0.0224125725113816,0.0242840482453682,-0.00167,null rejection probability,P15
14,2e99017baf88ab41b624,main,2,200,binary,0.8,interaction,noninferiority_null,-0.1,0.025,0.12,1.0,100000,100000,True,4999,100000,type1,adjusted,RT,2360,0.0236,0.0004800316656221,0.0226772953415827,0.0245593046720863,-0.0014,null rejection probability,P15
14,2e99017baf88ab41b624,main,2,200,binary,0.8,interaction,noninferiority_null,-0.1,0.025,0.12,1.0,100000,100000,True,4999,100000,type1,adjusted,refined_S_normal,2428,0.02428,0.0004867286882853,0.0233441464983256,0.0252524012735103,-0.00072,null rejection probability,P15
14,2e99017baf88ab41b624,main,2,200,binary,0.8,interaction,noninferiority_null,-0.1,0.025,0.12,1.0,100000,100000,True,4999,100000,type1,adjusted,refined_R_normal,2361,0.02361,0.0004801308977768,0.0226871005139799,0.0245694987314269,-0.00139,null rejection probability,P15
14,2e99017baf88ab41b624,main,2,200,binary,0.8,interaction,noninferiority_null,-0.1,0.025,0.12,1.0,100000,100000,True,4999,100000,type1,adjusted,refined_CRT_data,2394,0.02394,0.0004833929705736,0.0230106958603719,0.0249058780323806,-0.00106,null rejection probability,P15
16,41e8421f977f76d12275,main,5,400,continuous,0.8,first_factor,superiority_null,0.0,0.05,0.5,1.0,100000,100000,True,4999,100000,type1,unadjusted,RT,4973,0.04973,0.000687436739635,0.048399859883332,0.0510947326610734,-0.0002699999999999,null rejection probability,P17
16,41e8421f977f76d12275,main,5,400,continuous,0.8,first_factor,superiority_null,0.0,0.05,0.5,1.0,100000,100000,True,4999,100000,type1,unadjusted,refined_S_normal,4988,0.04988,0.0006884183727937,0.0485479304248136,0.0512466505956581,-0.00012,null rejection probability,P17
16,41e8421f977f76d12275,main,5,400,continuous,0.8,first_factor,superiority_null,0.0,0.05,0.5,1.0,100000,100000,True,4999,100000,type1,unadjusted,refined_R_normal,4952,0.04952,0.0006860595426054,0.0481925668282041,0.0508820418497086,-0.00048,null rejection probability,P17
16,41e8421f977f76d12275,main,5,400,continuous,0.8,first_factor,superiority_null,0.0,0.05,0.5,1.0,100000,100000,True,4999,100000,type1,unadjusted,refined_CRT_data,5012,0.05012,0.0006899854027441,0.0487848503118051,0.0514897122703725,0.0001199999999999,null rejection probability,P17
16,41e8421f977f76d12275,main,5,400,continuous,0.8,first_factor,superiority_null,0.0,0.05,0.5,1.0,100000,100000,True,4999,100000,type1,adjusted,RT,5011,0.05011,0.0006899201975591,0.0487749784779525,0.0514795848724874,0.0001099999999999,null rejection probability,P17
16,41e8421f977f76d12275,main,5,400,continuous,0.8,first_factor,superiority_null,0.0,0.05,0.5,1.0,100000,100000,True,4999,100000,type1,adjusted,refined_S_normal,5001,0.05001,0.000689267726649,0.048676260960519,0.0513783100725434,9.999999999996125e-06,null rejection probability,P17
16,41e8421f977f76d12275,main,5,400,continuous,0.8,first_factor,superiority_null,0.0,0.05,0.5,1.0,100000,100000,True,4999,100000,type1,adjusted,refined_R_normal,4985,0.04985,0.0006882221843271,0.048518316045801,0.0512162672794574,-0.00015,null rejection probability,P17
16,41e8421f977f76d12275,main,5,400,continuous,0.8,first_factor,superiority_null,0.0,0.05,0.5,1.0,100000,100000,True,4999,100000,type1,adjusted,refined_CRT_data,5033,0.05033,0.0006913529568896,0.0489921622608999,0.0517023841877705,0.0003299999999999,null rejection probability,P17
18,523b2a5c8df3d80c5247,main,5,400,continuous,0.8,first_factor,noninferiority_null,-0.2,0.025,0.5,1.0,100000,100000,True,4999,100000,type1,unadjusted,RT,2510,0.0251,0.000494671507164,0.024148551062328,0.0260879337120033,9.99999999999994e-05,null rejection probability,P19
18,523b2a5c8df3d80c5247,main,5,400,continuous,0.8,first_factor,noninferiority_null,-0.2,0.025,0.5,1.0,100000,100000,True,4999,100000,type1,unadjusted,refined_S_normal,2530,0.0253,0.0004965874545334,0.0243447890699197,0.0262916803391665,0.0002999999999999,null rejection probability,P19
18,523b2a5c8df3d80c5247,main,5,400,continuous,0.8,first_factor,noninferiority_null,-0.2,0.025,0.5,1.0,100000,100000,True,4999,100000,type1,unadjusted,refined_R_normal,2518,0.02518,0.0004954388721123,0.0242270443339721,0.0261694342942611,0.0001799999999999,null rejection probability,P19
18,523b2a5c8df3d80c5247,main,5,400,continuous,0.8,first_factor,noninferiority_null,-0.2,0.025,0.5,1.0,100000,100000,True,4999,100000,type1,unadjusted,refined_CRT_data,2529,0.02529,0.0004964918518968,0.024334976788096,0.0262814933892525,0.0002899999999999,null rejection probability,P19
18,523b2a5c8df3d80c5247,main,5,400,continuous,0.8,first_factor,noninferiority_null,-0.2,0.025,0.5,1.0,100000,100000,True,4999,100000,type1,adjusted,RT,2514,0.02514,0.0004950553544806,0.0241877973752546,0.0261286843260276,0.0001399999999999,null rejection probability,P19
18,523b2a5c8df3d80c5247,main,5,400,continuous,0.8,first_factor,noninferiority_null,-0.2,0.025,0.5,1.0,100000,100000,True,4999,100000,type1,adjusted,refined_S_normal,2530,0.0253,0.0004965874545334,0.0243447890699197,0.0262916803391665,0.0002999999999999,null rejection probability,P19
18,523b2a5c8df3d80c5247,main,5,400,continuous,0.8,first_factor,noninferiority_null,-0.2,0.025,0.5,1.0,100000,100000,True,4999,100000,type1,adjusted,refined_R_normal,2522,0.02522,0.0004958220608242,0.0242662919369825,0.0262101836182017,0.0002199999999999,null rejection probability,P19
18,523b2a5c8df3d80c5247,main,5,400,continuous,0.8,first_factor,noninferiority_null,-0.2,0.025,0.5,1.0,100000,100000,True,4999,100000,type1,adjusted,refined_CRT_data,2521,0.02521,0.0004957262944407,0.0242564799759092,0.0261999963475373,0.0002099999999999,null rejection probability,P19
20,43a21a9e70abe355f8f5,main,5,400,continuous,0.8,interaction,superiority_null,0.0,0.05,0.5,1.0,100000,100000,True,4999,100000,type1,unadjusted,RT,5162,0.05162,0.000699681181682,0.0502657919343929,0.053008655408447,0.0016199999999999,null rejection probability,P21
20,43a21a9e70abe355f8f5,main,5,400,continuous,0.8,interaction,superiority_null,0.0,0.05,0.5,1.0,100000,100000,True,4999,100000,type1,unadjusted,refined_S_normal,5149,0.05149,0.0006988474790682,0.0501374307319903,0.0528770265982589,0.0014899999999999,null rejection probability,P21
20,43a21a9e70abe355f8f5,main,5,400,continuous,0.8,interaction,superiority_null,0.0,0.05,0.5,1.0,100000,100000,True,4999,100000,type1,unadjusted,refined_R_normal,5135,0.05135,0.0006979482609764,0.0499991983037262,0.0527352697821945,0.0013499999999999,null rejection probability,P21
20,43a21a9e70abe355f8f5,main,5,400,continuous,0.8,interaction,superiority_null,0.0,0.05,0.5,1.0,100000,100000,True,4999,100000,type1,unadjusted,refined_CRT_data,5170,0.0517,0.0007001936160805,0.050344784645381,0.0530896565513608,0.0017,null rejection probability,P21
20,43a21a9e70abe355f8f5,main,5,400,continuous,0.8,interaction,superiority_null,0.0,0.05,0.5,1.0,100000,100000,True,4999,100000,type1,adjusted,RT,5135,0.05135,0.0006979482609764,0.0499991983037262,0.0527352697821945,0.0013499999999999,null rejection probability,P21
20,43a21a9e70abe355f8f5,main,5,400,continuous,0.8,interaction,superiority_null,0.0,0.05,0.5,1.0,100000,100000,True,4999,100000,type1,adjusted,refined_S_normal,5134,0.05134,0.0006978839760304,0.0499893246667777,0.0527251441874053,0.0013399999999999,null rejection probability,P21
20,43a21a9e70abe355f8f5,main,5,400,continuous,0.8,interaction,superiority_null,0.0,0.05,0.5,1.0,100000,100000,True,4999,100000,type1,adjusted,refined_R_normal,5115,0.05115,0.0006966611622589,0.0498017283074952,0.0525327551436705,0.0011499999999999,null rejection probability,P21
20,43a21a9e70abe355f8f5,main,5,400,continuous,0.8,interaction,superiority_null,0.0,0.05,0.5,1.0,100000,100000,True,4999,100000,type1,adjusted,refined_CRT_data,5138,0.05138,0.0006981410717039,0.0500288193010012,0.0527656464801327,0.0013799999999999,null rejection probability,P21
22,80f39b013b338d0239e4,main,5,400,continuous,0.8,interaction,noninferiority_null,-0.2,0.025,0.5,1.0,100000,100000,True,4999,100000,type1,unadjusted,RT,2430,0.0243,0.0004869241213988,0.0233637627804945,0.0252727834548169,-0.0007,null rejection probability,P23
22,80f39b013b338d0239e4,main,5,400,continuous,0.8,interaction,noninferiority_null,-0.2,0.025,0.5,1.0,100000,100000,True,4999,100000,type1,unadjusted,refined_S_normal,2433,0.02433,0.0004872171086897,0.023393187521812,0.0253033564087126,-0.00067,null rejection probability,P23
22,80f39b013b338d0239e4,main,5,400,continuous,0.8,interaction,noninferiority_null,-0.2,0.025,0.5,1.0,100000,100000,True,4999,100000,type1,unadjusted,refined_R_normal,2430,0.0243,0.0004869241213988,0.0233637627804945,0.0252727834548169,-0.0007,null rejection probability,P23
22,80f39b013b338d0239e4,main,5,400,continuous,0.8,interaction,noninferiority_null,-0.2,0.025,0.5,1.0,100000,100000,True,4999,100000,type1,unadjusted,refined_CRT_data,2439,0.02439,0.0004878024999935,0.0234520381469578,0.0253645011739933,-0.00061,null rejection probability,P23
22,80f39b013b338d0239e4,main,5,400,continuous,0.8,interaction,noninferiority_null,-0.2,0.025,0.5,1.0,100000,100000,True,4999,100000,type1,adjusted,RT,2450,0.0245,0.0004888737055723,0.0235599349004192,0.0254765959696471,-0.0005,null rejection probability,P23
22,80f39b013b338d0239e4,main,5,400,continuous,0.8,interaction,noninferiority_null,-0.2,0.025,0.5,1.0,100000,100000,True,4999,100000,type1,adjusted,refined_S_normal,2429,0.02429,0.000486826415676,0.0233539546181888,0.0252625923853849,-0.00071,null rejection probability,P23
22,80f39b013b338d0239e4,main,5,400,continuous,0.8,interaction,noninferiority_null,-0.2,0.025,0.5,1.0,100000,100000,True,4999,100000,type1,adjusted,refined_R_normal,2429,0.02429,0.000486826415676,0.0233539546181888,0.0252625923853849,-0.00071,null rejection probability,P23
22,80f39b013b338d0239e4,main,5,400,continuous,0.8,interaction,noninferiority_null,-0.2,0.025,0.5,1.0,100000,100000,True,4999,100000,type1,adjusted,refined_CRT_data,2448,0.02448,0.0004886791339928,0.0235403169306965,0.0254562154758943,-0.00052,null rejection probability,P23
24,61b43ba3388513f5fd5e,main,5,400,binary,0.8,first_factor,superiority_null,0.0,0.05,0.12,1.0,100000,100000,True,4999,100000,type1,unadjusted,RT,4548,0.04548,0.0006588745677289,0.044205995883237,0.0467889231726254,-0.00452,null rejection probability,P25
24,61b43ba3388513f5fd5e,main,5,400,binary,0.8,first_factor,superiority_null,0.0,0.05,0.12,1.0,100000,100000,True,4999,100000,type1,unadjusted,refined_S_normal,5142,0.05142,0.0006983980498254,0.0500683141655546,0.0528061485425303,0.0014199999999999,null rejection probability,P25
24,61b43ba3388513f5fd5e,main,5,400,binary,0.8,first_factor,superiority_null,0.0,0.05,0.12,1.0,100000,100000,True,4999,100000,type1,unadjusted,refined_R_normal,5108,0.05108,0.0006962099798193,0.0497326151762451,0.0524618736527563,0.0010799999999999,null rejection probability,P25
24,61b43ba3388513f5fd5e,main,5,400,binary,0.8,first_factor,superiority_null,0.0,0.05,0.12,1.0,100000,100000,True,4999,100000,type1,unadjusted,refined_CRT_data,4549,0.04549,0.0006589435476579,0.0442158603210727,0.0467990579665275,-0.00451,null rejection probability,P25
24,61b43ba3388513f5fd5e,main,5,400,binary,0.8,first_factor,superiority_null,0.0,0.05,0.12,1.0,100000,100000,True,4999,100000,type1,adjusted,RT,5105,0.05105,0.000696016504833,0.0497029954805074,0.0524314956532809,0.0010499999999999,null rejection probability,P25
24,61b43ba3388513f5fd5e,main,5,400,binary,0.8,first_factor,superiority_null,0.0,0.05,0.12,1.0,100000,100000,True,4999,100000,type1,adjusted,refined_S_normal,5126,0.05126,0.0006973694315067,0.0499103360903391,0.0526441389099419,0.0012599999999999,null rejection probability,P25
24,61b43ba3388513f5fd5e,main,5,400,binary,0.8,first_factor,superiority_null,0.0,0.05,0.12,1.0,100000,100000,True,4999,100000,type1,adjusted,refined_R_normal,5081,0.05081,0.0006944662979583,0.0494660426308039,0.0521884669412784,0.0008099999999999,null rejection probability,P25
24,61b43ba3388513f5fd5e,main,5,400,binary,0.8,first_factor,superiority_null,0.0,0.05,0.12,1.0,100000,100000,True,4999,100000,type1,adjusted,refined_CRT_data,5143,0.05143,0.0006984622760035,0.0500781879176522,0.0528162740221704,0.0014299999999999,null rejection probability,P25
26,83f921fa824d0e48e790,main,5,400,binary,0.8,first_factor,noninferiority_null,-0.1,0.025,0.12,1.0,100000,100000,True,4999,100000,type1,unadjusted,RT,2369,0.02369,0.0004809239430512,0.0227655434835821,0.0246510496157267,-0.00131,null rejection probability,P27
26,83f921fa824d0e48e790,main,5,400,binary,0.8,first_factor,noninferiority_null,-0.1,0.025,0.12,1.0,100000,100000,True,4999,100000,type1,unadjusted,refined_S_normal,2370,0.0237,0.0004810229724243,0.0227753490531759,0.0246612432778706,-0.0013,null rejection probability,P27
26,83f921fa824d0e48e790,main,5,400,binary,0.8,first_factor,noninferiority_null,-0.1,0.025,0.12,1.0,100000,100000,True,4999,100000,type1,unadjusted,refined_R_normal,2348,0.02348,0.0004788391128552,0.0225596367337316,0.0244369724990844,-0.00152,null rejection probability,P27
26,83f921fa824d0e48e790,main,5,400,binary,0.8,first_factor,noninferiority_null,-0.1,0.025,0.12,1.0,100000,100000,True,4999,100000,type1,unadjusted,refined_CRT_data,2379,0.02379,0.0004819132276665,0.0228636011561221,0.0247529842605642,-0.00121,null rejection probability,P27
26,83f921fa824d0e48e790,main,5,400,binary,0.8,first_factor,noninferiority_null,-0.1,0.025,0.12,1.0,100000,100000,True,4999,100000,type1,adjusted,RT,2426,0.02426,0.0004865331684479,0.0233245303860293,0.0252320189223311,-0.00074,null rejection probability,P27
26,83f921fa824d0e48e790,main,5,400,binary,0.8,first_factor,noninferiority_null,-0.1,0.025,0.12,1.0,100000,100000,True,4999,100000,type1,adjusted,refined_S_normal,2413,0.02413,0.0004852601683633,0.0231970298109316,0.0250995294848381,-0.00087,null rejection probability,P27
26,83f921fa824d0e48e790,main,5,400,binary,0.8,first_factor,noninferiority_null,-0.1,0.025,0.12,1.0,100000,100000,True,4999,100000,type1,adjusted,refined_R_normal,2391,0.02391,0.0004830974218519,0.0229812761362953,0.0248753000612439,-0.00109,null rejection probability,P27
26,83f921fa824d0e48e790,main,5,400,binary,0.8,first_factor,noninferiority_null,-0.1,0.025,0.12,1.0,100000,100000,True,4999,100000,type1,adjusted,refined_CRT_data,2446,0.02446,0.0004884844767236,0.0235206991288213,0.025435834814294,-0.00054,null rejection probability,P27
28,11f6d8c148040ac8ca49,main,5,400,binary,0.8,interaction,superiority_null,0.0,0.05,0.12,1.0,100000,100000,True,4999,100000,type1,unadjusted,RT,4451,0.04451,0.0006521415482853,0.0432492276382051,0.0458057659390957,-0.00549,null rejection probability,P29
28,11f6d8c148040ac8ca49,main,5,400,binary,0.8,interaction,superiority_null,0.0,0.05,0.12,1.0,100000,100000,True,4999,100000,type1,unadjusted,refined_S_normal,4872,0.04872,0.0006807816213735,0.0474029406335363,0.0500717295053565,-0.00128,null rejection probability,P29
28,11f6d8c148040ac8ca49,main,5,400,binary,0.8,interaction,superiority_null,0.0,0.05,0.12,1.0,100000,100000,True,4999,100000,type1,unadjusted,refined_R_normal,4853,0.04853,0.000679520706822,0.047215418927729,0.0498792658081467,-0.00147,null rejection probability,P29
28,11f6d8c148040ac8ca49,main,5,400,binary,0.8,interaction,superiority_null,0.0,0.05,0.12,1.0,100000,100000,True,4999,100000,type1,unadjusted,refined_CRT_data,4450,0.0445,0.0006520716985117,0.0432393649046621,0.0457956294409009,-0.0055,null rejection probability,P29
28,11f6d8c148040ac8ca49,main,5,400,binary,0.8,interaction,superiority_null,0.0,0.05,0.12,1.0,100000,100000,True,4999,100000,type1,adjusted,RT,4913,0.04913,0.00068349281708,0.0478076117906055,0.0504870268495351,-0.00087,null rejection probability,P29
28,11f6d8c148040ac8ca49,main,5,400,binary,0.8,interaction,superiority_null,0.0,0.05,0.12,1.0,100000,100000,True,4999,100000,type1,adjusted,refined_S_normal,4927,0.04927,0.0006844155689345,0.0479457981074508,0.0506288297770182,-0.00073,null rejection probability,P29
28,11f6d8c148040ac8ca49,main,5,400,binary,0.8,interaction,superiority_null,0.0,0.05,0.12,1.0,100000,100000,True,4999,100000,type1,adjusted,refined_R_normal,4888,0.04888,0.0006818412249197,0.04756085799722,0.0502337998494769,-0.00112,null rejection probability,P29
28,11f6d8c148040ac8ca49,main,5,400,binary,0.8,interaction,superiority_null,0.0,0.05,0.12,1.0,100000,100000,True,4999,100000,type1,adjusted,refined_CRT_data,4949,0.04949,0.0006858625219386,0.0481629540797765,0.050851656902923,-0.00051,null rejection probability,P29
30,10cb68bb34db2ff283ce,main,5,400,binary,0.8,interaction,noninferiority_null,-0.1,0.025,0.12,1.0,100000,100000,True,4999,100000,type1,unadjusted,RT,2356,0.02356,0.0004796345108517,0.0226380750949664,0.0245185279917517,-0.00144,null rejection probability,P31
30,10cb68bb34db2ff283ce,main,5,400,binary,0.8,interaction,noninferiority_null,-0.1,0.025,0.12,1.0,100000,100000,True,4999,100000,type1,unadjusted,refined_S_normal,2349,0.02349,0.0004789386171525,0.022569441373073,0.0244471670914808,-0.00151,null rejection probability,P31
30,10cb68bb34db2ff283ce,main,5,400,binary,0.8,interaction,noninferiority_null,-0.1,0.025,0.12,1.0,100000,100000,True,4999,100000,type1,unadjusted,refined_R_normal,2346,0.02346,0.0004786400359351,0.0225400275888802,0.0244165831804604,-0.0015399999999999,null rejection probability,P31
30,10cb68bb34db2ff283ce,main,5,400,binary,0.8,interaction,noninferiority_null,-0.1,0.025,0.12,1.0,100000,100000,True,4999,100000,type1,unadjusted,refined_CRT_data,2358,0.02358,0.0004798331334953,0.0226576851296251,0.0245389164205684,-0.00142,null rejection probability,P31
30,10cb68bb34db2ff283ce,main,5,400,binary,0.8,interaction,noninferiority_null,-0.1,0.025,0.12,1.0,100000,100000,True,4999,100000,type1,adjusted,RT,2380,0.0238,0.0004820120330448,0.0228734071644651,0.0247631774839589,-0.0011999999999999,null rejection probability,P31
30,10cb68bb34db2ff283ce,main,5,400,binary,0.8,interaction,noninferiority_null,-0.1,0.025,0.12,1.0,100000,100000,True,4999,100000,type1,adjusted,refined_S_normal,2375,0.02375,0.0004815177826415,0.0228243775605537,0.0247122109291815,-0.00125,null rejection probability,P31
30,10cb68bb34db2ff283ce,main,5,400,binary,0.8,interaction,noninferiority_null,-0.1,0.025,0.12,1.0,100000,100000,True,4999,100000,type1,adjusted,refined_R_normal,2368,0.02368,0.0004808248912026,0.0227557379580121,0.0246408559095589,-0.00132,null rejection probability,P31
30,10cb68bb34db2ff283ce,main,5,400,binary,0.8,interaction,noninferiority_null,-0.1,0.025,0.12,1.0,100000,100000,True,4999,100000,type1,adjusted,refined_CRT_data,2388,0.02388,0.0004828016735679,0.0229518568031125,0.0248447216992135,-0.00112,null rejection probability,P31
