F,n,outcome,pbc,outcome_sd,individual_effect_sd,requested_amplitude,actual_amplitude,direction,profile_law,group,role,delta,boundaries,tails,alpha,null_evaluation,sharp_binary,feasibility_scale,calibration_key,id,memberships,evaluation,outer,index,batch,paper_id
2,200,continuous,0.8,1.0,0.0,0.0,0.0,zero,independent,controls,superiority_null,0.0,[0.0],['two'],0.05,True,False,1,8225cec7fb7b02df4b4e,59f8251990b2676ad583,['controls'],type1,100000,0,additional,A01
2,200,binary,0.8,1.0,0.0,0.0,0.0,zero,independent,controls,superiority_null,0.0,[0.0],['two'],0.05,True,True,1,8225cec7fb7b02df4b4e,0861480876ebbd1accb9,['controls'],type1,100000,1,additional,A02
5,400,continuous,0.8,1.0,0.0,0.0,0.0,zero,independent,controls,superiority_null,0.0,[0.0],['two'],0.05,True,False,1,89adc34c25a20443ca43,cb400cec395cd0bf412e,['controls'],type1,100000,2,additional,A03
5,400,binary,0.8,1.0,0.0,0.0,0.0,zero,independent,controls,superiority_null,0.0,[0.0],['two'],0.05,True,True,1,89adc34c25a20443ca43,40a5f47d518dbe65f027,['controls'],type1,100000,3,additional,A04
2,1000,continuous,0.8,1.0,0.25,0.5,0.5,first_factor,independent,sample_size,superiority_null,0.0,[0.0],['two'],0.05,True,False,1,bf1f10e18d7c12360ec4,785a742969e47aa00342,['sample_size'],type1,100000,4,additional,A05
2,1000,continuous,0.8,1.0,0.25,0.5,0.5,first_factor,independent,sample_size,superiority_power,0.19,[0.0],['two'],0.05,False,False,1,bf1f10e18d7c12360ec4,e4f6d83fe5899c2391a6,['sample_size'],power,10000,5,additional,A06
2,1000,binary,0.8,1.0,0.25,0.12,0.12,first_factor,independent,sample_size,superiority_null,0.0,[0.0],['two'],0.05,True,False,1,bf1f10e18d7c12360ec4,31a65d543f5a39d6e2ef,['sample_size'],type1,100000,6,additional,A07
2,1000,binary,0.8,1.0,0.25,0.12,0.12,first_factor,independent,sample_size,superiority_power,0.1,[0.0],['two'],0.05,False,False,1,bf1f10e18d7c12360ec4,08d692b532ef77c4ddce,['sample_size'],power,10000,7,additional,A08
5,2000,continuous,0.8,1.0,0.25,0.5,0.5,first_factor,independent,sample_size,superiority_null,0.0,[0.0],['two'],0.05,True,False,1,2e112232058b1ab4a0c0,f687cd66743b4adf626e,['sample_size'],type1,100000,8,additional,A09
5,2000,continuous,0.8,1.0,0.25,0.5,0.5,first_factor,independent,sample_size,superiority_power,0.135,[0.0],['two'],0.05,False,False,1,2e112232058b1ab4a0c0,17431ebc449c2d76da55,['sample_size'],power,10000,9,additional,A10
5,2000,binary,0.8,1.0,0.25,0.12,0.12,first_factor,independent,sample_size,superiority_null,0.0,[0.0],['two'],0.05,True,False,1,2e112232058b1ab4a0c0,a41656bbbdd53ea655cf,['sample_size'],type1,100000,10,additional,A11
5,2000,binary,0.8,1.0,0.25,0.12,0.12,first_factor,independent,sample_size,superiority_power,0.07,[0.0],['two'],0.05,False,False,1,2e112232058b1ab4a0c0,9ed27c582cb8e519fd6e,['sample_size'],power,10000,11,additional,A12
5,400,continuous,0.9500000000000001,0.25,0.25,0.0,0.0,zero,independent,pbc95,superiority_null,0.0,[0.0],['two'],0.05,True,False,1,d8ab6b0f248886cd76e9,f39f01ae5cfde42c534f,['pbc95'],type1,100000,12,additional,A13
5,400,continuous,0.9500000000000001,0.25,0.25,0.0,0.0,zero,independent,pbc95,superiority_power,0.30000000000000004,[0.0],['two'],0.05,False,False,1,d8ab6b0f248886cd76e9,d8bb31d506f67c62d819,['pbc95'],power,10000,13,additional,A14
5,400,continuous,0.9500000000000001,0.25,0.25,0.5,0.5,first_factor,independent,pbc95,superiority_null,0.0,[0.0],['two'],0.05,True,False,1,d8ab6b0f248886cd76e9,1522ed2ed621e75e8d2c,['pbc95'],type1,100000,14,additional,A15
5,400,continuous,0.9500000000000001,0.25,0.25,0.5,0.5,first_factor,independent,pbc95,superiority_power,0.30000000000000004,[0.0],['two'],0.05,False,False,1,d8ab6b0f248886cd76e9,440bf8b99f621712fda3,['pbc95'],power,10000,15,additional,A16
5,400,continuous,0.9500000000000001,1.0,0.25,0.0,0.0,zero,independent,pbc95,superiority_null,0.0,[0.0],['two'],0.05,True,False,1,d8ab6b0f248886cd76e9,2e291590141bd519fa70,['pbc95'],type1,100000,16,additional,A17
5,400,continuous,0.9500000000000001,1.0,0.25,0.0,0.0,zero,independent,pbc95,superiority_power,0.30000000000000004,[0.0],['two'],0.05,False,False,1,d8ab6b0f248886cd76e9,1fa2e059fdc643e3b94c,['pbc95'],power,10000,17,additional,A18
5,400,continuous,0.9500000000000001,1.0,0.25,0.5,0.5,first_factor,independent,pbc95,superiority_null,0.0,[0.0],['two'],0.05,True,False,1,d8ab6b0f248886cd76e9,57b5c95f239273496f29,['pbc95'],type1,100000,18,additional,A19
5,400,continuous,0.9500000000000001,1.0,0.25,0.5,0.5,first_factor,independent,pbc95,superiority_power,0.30000000000000004,[0.0],['two'],0.05,False,False,1,d8ab6b0f248886cd76e9,1003f28ccd9d6ccfe91c,['pbc95'],power,10000,19,additional,A20
2,200,continuous,0.8,1.0,0.25,0.5,0.5,first_factor,independent,main,superiority_null,0.0,[0.0],['two'],0.05,True,False,1,8225cec7fb7b02df4b4e,11346d1fe5a61b9b84ea,['main'],type1,100000,0,primary,P01
2,200,continuous,0.8,1.0,0.25,0.5,0.5,first_factor,independent,main,superiority_power,0.43,[0.0],['two'],0.05,False,False,1,8225cec7fb7b02df4b4e,dda485d0da7818c42138,['main'],power,10000,1,primary,P02
2,200,continuous,0.8,1.0,0.25,0.5,0.5,first_factor,independent,main,noninferiority_null,-0.2,[-0.2],['upper'],0.025,True,False,1,8225cec7fb7b02df4b4e,df8c15feef85cacf23f3,['main'],type1,100000,2,primary,P03
2,200,continuous,0.8,1.0,0.25,0.5,0.5,first_factor,independent,main,noninferiority_power,0.23,[-0.2],['upper'],0.025,False,False,1,8225cec7fb7b02df4b4e,7b5f35f69b7938a0c8d3,['main'],power,10000,3,primary,P04
2,200,continuous,0.8,1.0,0.25,0.5,0.5,interaction,independent,main,superiority_null,0.0,[0.0],['two'],0.05,True,False,1,8225cec7fb7b02df4b4e,9583aab7040d6cdbfedd,['main'],type1,100000,4,primary,P05
2,200,continuous,0.8,1.0,0.25,0.5,0.5,interaction,independent,main,superiority_power,0.43,[0.0],['two'],0.05,False,False,1,8225cec7fb7b02df4b4e,49367c13536fa567ad5e,['main'],power,10000,5,primary,P06
2,200,continuous,0.8,1.0,0.25,0.5,0.5,interaction,independent,main,noninferiority_null,-0.2,[-0.2],['upper'],0.025,True,False,1,8225cec7fb7b02df4b4e,048aff38bf02e7e4552f,['main'],type1,100000,6,primary,P07
2,200,continuous,0.8,1.0,0.25,0.5,0.5,interaction,independent,main,noninferiority_power,0.23,[-0.2],['upper'],0.025,False,False,1,8225cec7fb7b02df4b4e,3ece823d1c4f56547455,['main'],power,10000,7,primary,P08
2,200,binary,0.8,1.0,0.25,0.12,0.12,first_factor,independent,main,superiority_null,0.0,[0.0],['two'],0.05,True,False,1,8225cec7fb7b02df4b4e,91f3e97730882aa0b880,['main'],type1,100000,8,primary,P09
2,200,binary,0.8,1.0,0.25,0.12,0.12,first_factor,independent,main,superiority_power,0.2,[0.0],['two'],0.05,False,False,1,8225cec7fb7b02df4b4e,1cb5bf2dd71d58078d29,['main'],power,10000,9,primary,P10
2,200,binary,0.8,1.0,0.25,0.12,0.12,first_factor,independent,main,noninferiority_null,-0.1,[-0.1],['upper'],0.025,True,False,1,8225cec7fb7b02df4b4e,e099f752c2d738f34e7b,['main'],type1,100000,10,primary,P11
2,200,binary,0.8,1.0,0.25,0.12,0.12,first_factor,independent,main,noninferiority_power,0.1,[-0.1],['upper'],0.025,False,False,1,8225cec7fb7b02df4b4e,4faeb6271a411ab0cc0f,['main'],power,10000,11,primary,P12
2,200,binary,0.8,1.0,0.25,0.12,0.12,interaction,independent,main,superiority_null,0.0,[0.0],['two'],0.05,True,False,1,8225cec7fb7b02df4b4e,f28640855cc46a5880e0,['main'],type1,100000,12,primary,P13
2,200,binary,0.8,1.0,0.25,0.12,0.12,interaction,independent,main,superiority_power,0.2,[0.0],['two'],0.05,False,False,1,8225cec7fb7b02df4b4e,41d5838dd7c9ddb14917,['main'],power,10000,13,primary,P14
2,200,binary,0.8,1.0,0.25,0.12,0.12,interaction,independent,main,noninferiority_null,-0.1,[-0.1],['upper'],0.025,True,False,1,8225cec7fb7b02df4b4e,2e99017baf88ab41b624,['main'],type1,100000,14,primary,P15
2,200,binary,0.8,1.0,0.25,0.12,0.12,interaction,independent,main,noninferiority_power,0.1,[-0.1],['upper'],0.025,False,False,1,8225cec7fb7b02df4b4e,18b7c3e3845c96debf74,['main'],power,10000,15,primary,P16
5,400,continuous,0.8,1.0,0.25,0.5,0.5,first_factor,independent,main,superiority_null,0.0,[0.0],['two'],0.05,True,False,1,89adc34c25a20443ca43,41e8421f977f76d12275,['main'],type1,100000,16,primary,P17
5,400,continuous,0.8,1.0,0.25,0.5,0.5,first_factor,independent,main,superiority_power,0.30000000000000004,[0.0],['two'],0.05,False,False,1,89adc34c25a20443ca43,d672af341ef2a71c6cca,['main'],power,10000,17,primary,P18
5,400,continuous,0.8,1.0,0.25,0.5,0.5,first_factor,independent,main,noninferiority_null,-0.2,[-0.2],['upper'],0.025,True,False,1,89adc34c25a20443ca43,523b2a5c8df3d80c5247,['main'],type1,100000,18,primary,P19
5,400,continuous,0.8,1.0,0.25,0.5,0.5,first_factor,independent,main,noninferiority_power,0.1,[-0.2],['upper'],0.025,False,False,1,89adc34c25a20443ca43,2f5a1c6f398c125b0f86,['main'],power,10000,19,primary,P20
5,400,continuous,0.8,1.0,0.25,0.5,0.5,interaction,independent,main,superiority_null,0.0,[0.0],['two'],0.05,True,False,1,89adc34c25a20443ca43,43a21a9e70abe355f8f5,['main'],type1,100000,20,primary,P21
5,400,continuous,0.8,1.0,0.25,0.5,0.5,interaction,independent,main,superiority_power,0.30000000000000004,[0.0],['two'],0.05,False,False,1,89adc34c25a20443ca43,f1c51e946eb8f7a5c9e6,['main'],power,10000,21,primary,P22
5,400,continuous,0.8,1.0,0.25,0.5,0.5,interaction,independent,main,noninferiority_null,-0.2,[-0.2],['upper'],0.025,True,False,1,89adc34c25a20443ca43,80f39b013b338d0239e4,['main'],type1,100000,22,primary,P23
5,400,continuous,0.8,1.0,0.25,0.5,0.5,interaction,independent,main,noninferiority_power,0.1,[-0.2],['upper'],0.025,False,False,1,89adc34c25a20443ca43,fdba7b51513e666a28e6,['main'],power,10000,23,primary,P24
5,400,binary,0.8,1.0,0.25,0.12,0.12,first_factor,independent,main,superiority_null,0.0,[0.0],['two'],0.05,True,False,1,89adc34c25a20443ca43,61b43ba3388513f5fd5e,['main'],type1,100000,24,primary,P25
5,400,binary,0.8,1.0,0.25,0.12,0.12,first_factor,independent,main,superiority_power,0.14,[0.0],['two'],0.05,False,False,1,89adc34c25a20443ca43,5cf7a7df24bc86685476,['main'],power,10000,25,primary,P26
5,400,binary,0.8,1.0,0.25,0.12,0.12,first_factor,independent,main,noninferiority_null,-0.1,[-0.1],['upper'],0.025,True,False,1,89adc34c25a20443ca43,83f921fa824d0e48e790,['main'],type1,100000,26,primary,P27
5,400,binary,0.8,1.0,0.25,0.12,0.12,first_factor,independent,main,noninferiority_power,0.05,[-0.1],['upper'],0.025,False,False,1,89adc34c25a20443ca43,6343f55a872416a0ae3a,['main'],power,10000,27,primary,P28
5,400,binary,0.8,1.0,0.25,0.12,0.12,interaction,independent,main,superiority_null,0.0,[0.0],['two'],0.05,True,False,1,89adc34c25a20443ca43,11f6d8c148040ac8ca49,['main'],type1,100000,28,primary,P29
5,400,binary,0.8,1.0,0.25,0.12,0.12,interaction,independent,main,superiority_power,0.14,[0.0],['two'],0.05,False,False,1,89adc34c25a20443ca43,2b4d9ba4a54abbf07a6b,['main'],power,10000,29,primary,P30
5,400,binary,0.8,1.0,0.25,0.12,0.12,interaction,independent,main,noninferiority_null,-0.1,[-0.1],['upper'],0.025,True,False,1,89adc34c25a20443ca43,10cb68bb34db2ff283ce,['main'],type1,100000,30,primary,P31
5,400,binary,0.8,1.0,0.25,0.12,0.12,interaction,independent,main,noninferiority_power,0.05,[-0.1],['upper'],0.025,False,False,1,89adc34c25a20443ca43,6de8b5abe8a0d117fbb7,['main'],power,10000,31,primary,P32
