outcome,factor_count,target_per_group,objective,scenario_role,true_effect,proposed_unadjusted,reference_unadjusted,proposed_adjusted,reference_adjusted
Continuous,2,100,superiority,type1,0.0,0.048799999999999996,0.049,0.0487,0.048799999999999996
Continuous,2,100,superiority,power,0.43,0.852,0.8517,0.855,0.8543999999999999
Continuous,2,100,noninferiority,type1,-0.2,0.024399999999999998,0.0246,0.024399999999999998,0.024399999999999998
Continuous,2,100,noninferiority,power,0.23,0.8514,0.8506,0.8541,0.8537
Continuous,2,100,equivalence,type1_lower,-0.45,0.0489,0.049,0.0492,0.049400000000000006
Continuous,2,100,equivalence,type1_upper,0.45,0.0499,0.0495,0.0496,0.049400000000000006
Continuous,2,100,equivalence,power,0.0,0.8695999999999999,0.8691,0.8728,0.8717
Continuous,2,500,superiority,type1,0.0,0.0489,0.048799999999999996,0.0487,0.048799999999999996
Continuous,2,500,superiority,power,0.19,0.8478,0.8475,0.848,0.8478
Continuous,2,500,noninferiority,type1,-0.2,0.0252,0.0253,0.0252,0.0254
Continuous,2,500,noninferiority,power,-0.01,0.8495,0.8493,0.8499,0.8495
Continuous,2,500,equivalence,type1_lower,-0.45,0.050199999999999995,0.0501,0.0504,0.05
Continuous,2,500,equivalence,type1_upper,0.45,0.0493,0.0492,0.049,0.0492
Continuous,2,500,equivalence,power,0.28,0.8482999999999999,0.8481000000000001,0.8487,0.8484999999999999
Binary,2,100,superiority,type1,0.0,0.0416,0.0429,0.051,0.0492
Binary,2,100,superiority,power,0.2,0.8611,0.8621,0.8792,0.875
Binary,2,100,noninferiority,type1,-0.1,0.024399999999999998,0.022799999999999997,0.023700000000000002,0.0232
Binary,2,100,noninferiority,power,0.1,0.8408,0.8384999999999999,0.8412999999999999,0.8406
Binary,2,100,equivalence,type1_lower,-0.21,0.04769999999999999,0.046799999999999994,0.047599999999999996,0.0466
Binary,2,100,equivalence,type1_upper,0.21,0.049,0.0489,0.048799999999999996,0.048600000000000004
Binary,2,100,equivalence,power,0.0,0.8348,0.8354,0.8364,0.8358
Binary,2,500,superiority,type1,0.0,0.0455,0.0454,0.048499999999999995,0.0483
Binary,2,500,superiority,power,0.1,0.9107,0.9106000000000001,0.9162,0.9151
Binary,2,500,noninferiority,type1,-0.1,0.0241,0.0233,0.0239,0.0235
Binary,2,500,noninferiority,power,0.0,0.8968,0.8969,0.8972,0.8973
Binary,2,500,equivalence,type1_lower,-0.1,0.0504,0.0489,0.05,0.0492
Binary,2,500,equivalence,type1_upper,0.1,0.050499999999999996,0.0495,0.0506,0.05
Binary,2,500,equivalence,power,0.0,0.8904000000000001,0.8906000000000001,0.8906999999999999,0.8911
Continuous,5,200,superiority,type1,0.0,0.0489,0.0495,0.0499,0.049699999999999994
Continuous,5,200,superiority,power,0.3,0.8418000000000001,0.8432,0.8471,0.8465
Continuous,5,200,noninferiority,type1,-0.2,0.0248,0.0252,0.0253,0.0252
Continuous,5,200,noninferiority,power,0.1,0.8428,0.8436,0.8479000000000001,0.8475
Continuous,5,200,equivalence,type1_lower,-0.45,0.049,0.0496,0.049800000000000004,0.0499
Continuous,5,200,equivalence,type1_upper,0.45,0.0489,0.0495,0.0495,0.049699999999999994
Continuous,5,200,equivalence,power,0.18,0.8467,0.8475,0.8514,0.8506
Continuous,5,1000,superiority,type1,0.0,0.050199999999999995,0.0501,0.0501,0.05
Continuous,5,1000,superiority,power,0.135,0.8511,0.8513,0.852,0.8517
Continuous,5,1000,noninferiority,type1,-0.2,0.025,0.025,0.0254,0.0252
Continuous,5,1000,noninferiority,power,-0.065,0.8543000000000001,0.8538,0.8552,0.8543999999999999
Continuous,5,1000,equivalence,type1_lower,-0.45,0.0495,0.0499,0.049800000000000004,0.049800000000000004
Continuous,5,1000,equivalence,type1_upper,0.45,0.0509,0.0512,0.0512,0.051100000000000007
Continuous,5,1000,equivalence,power,0.33,0.8475,0.8478,0.8484,0.8482
Binary,5,200,superiority,type1,0.0,0.0458,0.0458,0.0508,0.051
Binary,5,200,superiority,power,0.14,0.8399,0.8403,0.8532,0.8523999999999999
Binary,5,200,noninferiority,type1,-0.1,0.023799999999999998,0.023799999999999998,0.0241,0.0242
Binary,5,200,noninferiority,power,0.05,0.8743000000000001,0.8733,0.875,0.8743000000000001
Binary,5,200,equivalence,type1_lower,-0.15,0.046900000000000004,0.0479,0.0484,0.048499999999999995
Binary,5,200,equivalence,type1_upper,0.15,0.048799999999999996,0.048799999999999996,0.049,0.049100000000000005
Binary,5,200,equivalence,power,0.0,0.8489,0.8484999999999999,0.8506,0.8497
Binary,5,1000,superiority,type1,0.0,0.0467,0.047,0.0492,0.0492
Binary,5,1000,superiority,power,0.07,0.9005,0.9003,0.9045000000000001,0.9042
Binary,5,1000,noninferiority,type1,-0.1,0.0245,0.024700000000000003,0.0248,0.025
Binary,5,1000,noninferiority,power,-0.03,0.8926999999999999,0.8915000000000001,0.8922,0.8919
Binary,5,1000,equivalence,type1_lower,-0.1,0.0464,0.0471,0.0472,0.0475
Binary,5,1000,equivalence,type1_upper,0.1,0.049800000000000004,0.0495,0.049699999999999994,0.049699999999999994
Binary,5,1000,equivalence,power,0.04,0.8722,0.8722,0.8725,0.8726
