scenario_id,set,design,outcome,model,direction,boundary,directional_ratio,alpha
1,core,D1,continuous,homogeneous,zero,-0.20,1.000,0.025
2,core,D1,continuous,pure-symmetric,max-ratio,-0.20,1.066,0.025
3,core,D1,continuous,realistic,max-ratio,-0.20,1.066,0.025
4,core,D1,binary,homogeneous,zero,-0.10,1.000,0.025
5,core,D1,binary,symmetric-stress,max-ratio,-0.10,1.066,0.025
6,core,D1,binary,common-log-odds,common-log-odds,-0.10,1.059,0.025
7,core,D2,continuous,homogeneous,zero,-0.20,1.000,0.025
8,core,D2,continuous,pure-symmetric,min-ratio,-0.20,0.980,0.025
9,core,D2,continuous,pure-symmetric,max-ratio,-0.20,1.045,0.025
10,core,D2,continuous,realistic,max-ratio,-0.20,1.045,0.025
11,core,D2,binary,homogeneous,zero,-0.10,1.000,0.025
12,core,D2,binary,symmetric-stress,min-ratio,-0.10,0.980,0.025
13,core,D2,binary,symmetric-stress,max-ratio,-0.10,1.045,0.025
14,core,D2,binary,common-log-odds,common-log-odds,-0.10,1.029,0.025
15,sensitivity,D3,continuous,pure-symmetric,min-ratio,-0.20,0.983,0.025
16,sensitivity,D3,continuous,pure-symmetric,max-ratio,-0.20,1.057,0.025
17,sensitivity,D3,binary,symmetric-stress,min-ratio,-0.10,0.983,0.025
18,sensitivity,D3,binary,symmetric-stress,max-ratio,-0.10,1.057,0.025
19,sensitivity,D4,continuous,pure-symmetric,max-ratio,-0.20,1.204,0.025
20,sensitivity,D4,binary,symmetric-stress,max-ratio,-0.10,1.204,0.025
