outcome,analysis,factor_count,target_per_group,objective,siga_projected_minutes_100k,rt_projected_minutes_100k
Continuous,Unadjusted,2,100,superiority,0.05,113.54
Continuous,Adjusted,2,100,superiority,0.051,113.04
Continuous,Unadjusted,2,100,noninferiority,0.051,114.04
Continuous,Adjusted,2,100,noninferiority,0.05,114.22
Continuous,Unadjusted,2,100,equivalence,0.098,120.76
Continuous,Adjusted,2,100,equivalence,0.099,121.5
Continuous,Unadjusted,2,500,superiority,0.103,559.54
Continuous,Adjusted,2,500,superiority,0.105,561.2
Continuous,Unadjusted,2,500,noninferiority,0.105,557.0
Continuous,Adjusted,2,500,noninferiority,0.102,559.78
Continuous,Unadjusted,2,500,equivalence,0.205,590.24
Continuous,Adjusted,2,500,equivalence,0.206,591.31
Binary,Unadjusted,2,100,superiority,0.122,114.24
Binary,Adjusted,2,100,superiority,0.05,114.26
Binary,Unadjusted,2,100,noninferiority,0.051,114.39
Binary,Adjusted,2,100,noninferiority,0.05,114.26
Binary,Unadjusted,2,100,equivalence,0.098,121.41
Binary,Adjusted,2,100,equivalence,0.099,121.39
Binary,Unadjusted,2,500,superiority,2.259,775.46
Binary,Adjusted,2,500,superiority,1.574,762.43
Binary,Unadjusted,2,500,noninferiority,0.296,779.28
Binary,Adjusted,2,500,noninferiority,0.204,758.11
Binary,Unadjusted,2,500,equivalence,0.444,894.15
Binary,Adjusted,2,500,equivalence,0.352,802.63
Continuous,Unadjusted,5,200,superiority,0.096,327.26
Continuous,Adjusted,5,200,superiority,0.097,327.54
Continuous,Unadjusted,5,200,noninferiority,0.096,328.0
Continuous,Adjusted,5,200,noninferiority,0.096,327.61
Continuous,Unadjusted,5,200,equivalence,0.192,342.31
Continuous,Adjusted,5,200,equivalence,0.191,342.83
Continuous,Unadjusted,5,1000,superiority,0.29,1618.13
Continuous,Adjusted,5,1000,superiority,0.29,1619.24
Continuous,Unadjusted,5,1000,noninferiority,0.288,1615.09
Continuous,Adjusted,5,1000,noninferiority,0.285,1616.06
Continuous,Unadjusted,5,1000,equivalence,0.573,1683.11
Continuous,Adjusted,5,1000,equivalence,0.581,1685.7
Binary,Unadjusted,5,200,superiority,0.22,329.2
Binary,Adjusted,5,200,superiority,0.095,329.22
Binary,Unadjusted,5,200,noninferiority,0.095,330.28
Binary,Adjusted,5,200,noninferiority,0.094,329.89
Binary,Unadjusted,5,200,equivalence,0.189,343.78
Binary,Adjusted,5,200,equivalence,0.188,344.41
Binary,Unadjusted,5,1000,superiority,1.074,2543.7
Binary,Adjusted,5,1000,superiority,0.519,2309.76
Binary,Unadjusted,5,1000,noninferiority,0.611,2474.69
Binary,Adjusted,5,1000,noninferiority,0.463,2348.11
Binary,Unadjusted,5,1000,equivalence,0.778,2625.76
Binary,Adjusted,5,1000,equivalence,0.796,2609.09
