relative_path,source_filename,role,sha256
production/README.md,README.md,production source snapshot,24a0eb0562707fbdf90f4de8ce8793a4528687bafe0269679de3568d71bd926d
production/common/00_verify_rt_kernel_equivalence.R,00_verify_rt_kernel_equivalence.R,production source snapshot,087283aba7f9a6dd9ecc35eeca4f063bcfc3755e0001f41698b3883c9ee8a54c
production/common/check_pair_path_engine.R,check_pair_path_engine.R,production source snapshot,f674feaa8b0576f3d6eac0345be95575165920d68ccfc13a320ff6eb49b6f584
production/common/siga_pair_path_engine.R,siga_pair_path_engine.R,production source snapshot,660f353b179dffd22b5a494c3cdaf1940dfcc467a4df0dfed930564055174a28
production/full_grid_siga_r/00_verify_rt_kernel_equivalence.R,00_verify_rt_kernel_equivalence.R,production source snapshot,087283aba7f9a6dd9ecc35eeca4f063bcfc3755e0001f41698b3883c9ee8a54c
production/full_grid_siga_r/aggregate_siga_r_full_benchmark.R,aggregate_siga_r_full_benchmark.R,production source snapshot,445bec55ca5cc37afb263f0a43cbe1b4cccb513580935a514418af08e747325a
production/full_grid_siga_r/check_pair_path_engine.R,check_pair_path_engine.R,production source snapshot,f674feaa8b0576f3d6eac0345be95575165920d68ccfc13a320ff6eb49b6f584
production/full_grid_siga_r/run_siga_r_full_benchmark_m3_ultra.sh,run_siga_r_full_benchmark_m3_ultra.sh,production source snapshot,36008bb2a15c300935c1611e6557a7906c3f615dc80c754a230b21749ae15b95
production/full_grid_siga_r/siga_pair_path_engine.R,siga_pair_path_engine.R,production source snapshot,660f353b179dffd22b5a494c3cdaf1940dfcc467a4df0dfed930564055174a28
production/full_grid_siga_r/simulation_siga_r_full_benchmark.R,simulation_siga_r_full_benchmark.R,production source snapshot,a1db88eff6df04efa021cfbfb1aa6db067773262f6d822adb677d7ebba666466
production/full_grid_siga_s/PATCH_binary_large_n_aggregation_name_fix.diff,PATCH_binary_large_n_aggregation_name_fix.diff,production source snapshot,298814b7dad1378f0acdcf485268af6e51e4374e4a08875ebc651a0bc58c30da
production/full_grid_siga_s/aggregate_continuous.R,aggregate_continuous.R,production source snapshot,58584b687ac71982c28258d2378d04a493d300e9c3a6ac21d5eec163392b070a
production/full_grid_siga_s/archive/simulation_binary_large_n_original_with_name_indexing_bug.R,simulation_binary_large_n_original_with_name_indexing_bug.R,production source snapshot,946d24f552e840bed8dccfb90fc3482f1a073b81db84dce3c4ca86c1e23872d8
production/full_grid_siga_s/simulation_binary_large_n.R,simulation_binary_large_n.R,production source snapshot,15ef09c8ade500614a6789a7fa6f8229f86634ed71091ca433055dbfa3c6a00a
production/full_grid_siga_s/simulation_binary_small_n.R,simulation_binary_small_n.R,production source snapshot,c3cf86dd9c2ef0e899d0d845da9422d02ff57740c9e88b03a88ef1564845a6d0
production/full_grid_siga_s/simulation_continuous_adjusted.R,simulation_continuous_adjusted.R,production source snapshot,34533047df027c05119d5e010a809ccd53beb5cbfd0f537b9683701b6f3896e8
production/full_grid_siga_s/simulation_continuous_unadjusted.R,simulation_continuous_unadjusted.R,production source snapshot,36ef15f97722d5aaa2d64502818be316327b28efebcb15bd7647ea8280249be4
production/pair_path_supplemental/README.md,README.md,production source snapshot,1eb90cbf3fb274191fe46e6045c26fb88684a3a14cf50df1dae6d2676b7a7757
production/pair_path_supplemental/aggregate_pair_path_supplemental.R,aggregate_pair_path_supplemental.R,production source snapshot,0b0b65fcc03559e79f9e9e67cca53b7560a55ff39eb793ad90fcc0c4b705c8b7
production/pair_path_supplemental/create_pair_path_supplemental_table.R,create_pair_path_supplemental_table.R,production source snapshot,10c393997fca111e9df62fadb5a6bd9117bfe6b50b9105637881938ac4b9b5f3
production/pair_path_supplemental/simulation_pair_path_supplemental.R,simulation_pair_path_supplemental.R,production source snapshot,fba5403bd46b2cd52babdf0b59085291bc83d502db050f1abeb4ba784f30a39f
production/pair_path_supplemental/verify_pair_path_supplemental_results.R,verify_pair_path_supplemental_results.R,production source snapshot,fdc43e6ae5b369e5e3c34016ab33250448ec7d665e885b9da02690c21a6240da
production/swift_direct/run_swift_direct_siga_r_extension_m3_ultra.sh,run_swift_direct_siga_r_extension_m3_ultra.sh,production source snapshot,86eba3d80eb194c12882d332b7a7641845a98ba4c65dbd00fc567884ab4f039a
production/swift_direct/siga_pair_path_engine.R,siga_pair_path_engine.R,production source snapshot,660f353b179dffd22b5a494c3cdaf1940dfcc467a4df0dfed930564055174a28
production/swift_direct/simulation_swift_direct_siga_s_rt.R,simulation_swift_direct_siga_s_rt.R,production source snapshot,956a358cd1f456fecdbc5c261dbd5c4dc8736cfdd2bf6655e268ce40c1a7f2fa
production/swift_direct/swift_direct_siga_r_case_study_extension_v2.R,swift_direct_siga_r_case_study_extension_v2.R,production source snapshot,07d606f30685af076b939be18e12cfd7109b546b573d59cca8e0ab3b6bd63fee
production/timing/rerun_standardized_timing_benchmark.R,rerun_standardized_timing_benchmark.R,production source snapshot,ca06a3bf573d8ad6ff4225bc26cddeb8c67b8c39f8182a326abf41de98f479fe
production/timing/simulation_binary_SIGA_small_n_margin_tuning_v3.R,simulation_binary_SIGA_small_n_margin_tuning_v3.R,production source snapshot,c3cf86dd9c2ef0e899d0d845da9422d02ff57740c9e88b03a88ef1564845a6d0
data/production_results/raw/full_grid_siga_r/aggregation_audit.csv,aggregation_audit.csv,machine-generated production aggregate,6b7ebaf8a3d6625b8aeb5e29fd14e46c6adf8dc369b0fc41281343158bb0961b
data/production_results/raw/full_grid_siga_r/siga_r_full_benchmark_compact_summary.csv,siga_r_full_benchmark_compact_summary.csv,machine-generated production aggregate,f02653b724d64f9c99359952e84ab3ac06ed8bffc5c9b28058d82faa60378e8a
data/production_results/raw/full_grid_siga_r/siga_r_full_benchmark_summary.csv,siga_r_full_benchmark_summary.csv,machine-generated production aggregate,2d7c9dfac487185e104f093e22ab4665364dc6aab59190687601aceb01c231a1
data/production_results/raw/full_grid_siga_s/binary_large_n_summary.csv,binary_large_n_summary.csv,machine-generated production aggregate,8451f62330de65f7ca8caa879633a9fba440004f0a8c70f3ac66880f46278303
data/production_results/raw/full_grid_siga_s/binary_small_n_selected_parameters.csv,binary_small_n_selected_parameters.csv,machine-generated production aggregate,6ee8183af03d6ec28861036be8c614b340f5e6ed3945c910a07ae997dc8625cc
data/production_results/raw/full_grid_siga_s/binary_small_n_summary.csv,binary_small_n_summary.csv,machine-generated production aggregate,412b87a069cdd6de3bc79c939ca43b7669fb296850f2fe7a714a204579fd0345
data/production_results/raw/full_grid_siga_s/continuous_adjusted_summary.csv,continuous_adjusted_summary.csv,machine-generated production aggregate,08422cdb696e8d5a8b2f112f5c655a1b966686efcdf25c5ee2cfba12769e2315
data/production_results/raw/full_grid_siga_s/continuous_unadjusted_summary.csv,continuous_unadjusted_summary.csv,machine-generated production aggregate,0e41ebf9a4899527fb5214f3980db9e297455a5165fb7b127f95db52016e4525
data/production_results/raw/pair_path_supplemental/design_pair_path_diagnostics.csv,design_pair_path_diagnostics.csv,machine-generated production aggregate,5f084bc2dcc7dac24e66d46df98f32bfce1c4f2170a6d8c38107037c11987a2e
data/production_results/raw/pair_path_supplemental/pair_path_supplemental_gates.csv,pair_path_supplemental_gates.csv,machine-generated production aggregate,a08a6b76d38f7815a5c7db78cc7a45e685924696f07ca08e4e20a222aba0c6de
data/production_results/raw/pair_path_supplemental/pair_path_supplemental_summary.csv,pair_path_supplemental_summary.csv,machine-generated production aggregate,9730969b8bf70f56876aac08016f3b7347fd2179c95f98dcc5a1b66e9a2ee4b2
data/production_results/raw/pair_path_supplemental/pair_path_supplemental_table.tex,pair_path_supplemental_table.tex,machine-generated production aggregate,f476759620b4b7528e4159396d7b3c07d3ae7b15bd28285c8ea9b45c2f8213ed
data/production_results/raw/pair_path_supplemental/scenario_definitions.csv,scenario_definitions.csv,machine-generated production aggregate,e3fe4c296410ae3529b29812d7736362e938562b0ba336a21a718617a493a1a6
data/production_results/raw/swift_direct/swift_direct_siga_r_audit.csv,swift_direct_siga_r_audit.csv,machine-generated production aggregate,6c4ecf3485bc0b2b1a643529d3e3eccc0815ed3297a32a1914dbd093b4445e0a
data/production_results/raw/swift_direct/swift_direct_siga_r_results_paragraph.tex,swift_direct_siga_r_results_paragraph.tex,machine-generated production aggregate,6dfb4bc005ec75fab7d6766271d233b3640be956a3f8f5a564b082cbc9df0f65
data/production_results/raw/swift_direct/swift_direct_siga_r_summary.csv,swift_direct_siga_r_summary.csv,machine-generated production aggregate,0c0d96401c1fa43133c590e169d809171585812c5dfb09ed233c28c261adf066
data/production_results/raw/swift_direct/swift_direct_siga_r_table.tex,swift_direct_siga_r_table.tex,machine-generated production aggregate,40086ab0f28b89f7876bcad43e751b0b0e842b0a1da01748b923ef7be55027c7
data/production_results/raw/swift_direct/swift_direct_siga_r_timing.tex,swift_direct_siga_r_timing.tex,machine-generated production aggregate,ff55a9384b7dce8c3e0b1d2f78a9f24b9e680c8448e353ec973ff6d838e45f17
data/production_results/raw/timing/allocation_calibration_timing.csv,allocation_calibration_timing.csv,machine-generated production aggregate,b00a34ad6a9f8207a9c459af39b2d06a842424240aa35b4491ab57a4401f4af2
data/production_results/raw/timing/full_grid_timing.csv,full_grid_timing.csv,machine-generated production aggregate,0bf51bc62d3ee0dddab042f5fc2f127f19953137af3b1904b01f469c874e2877
data/production_results/raw/timing/full_grid_timing_with_calibration.csv,full_grid_timing_with_calibration.csv,machine-generated production aggregate,67b1540a479280a7105a899a65ac6228365d1ad05608b742c1f9aa4541752924
