"outcome","analysis","factor_count","target_per_group","objective","benchmark_repeats","trials_per_repeat","siga_seconds_per_trial","siga_repeat_sd_seconds","rt_seconds_per_trial","rt_repeat_sd_seconds","siga_projected_minutes_100k","rt_projected_minutes_100k","siga_repeat_cv","rt_repeat_cv","timing_quality"
"Binary","Adjusted",2,100,"equivalence",3,30,5.92279545887243e-05,3.73302571462574e-07,0.0728333333333328,0.000348010216963259,0.0987132576478739,121.388888888888,0.00630281045588635,0.00477817231528505,"Stable"
"Binary","Unadjusted",2,100,"equivalence",3,30,5.90877900510897e-05,3.58034813712476e-07,0.0728444444444449,0.000337199797899625,0.0984796500851496,121.407407407408,0.00605937052989973,0.00462903932443046,"Stable"
"Binary","Adjusted",2,100,"noninferiority",3,30,2.98514877942648e-05,1.82471572527008e-07,0.0685555555555564,1.92450089725287e-05,0.0497524796571079,114.259259259261,0.00611264583476021,0.000280721362646283,"Stable"
"Binary","Unadjusted",2,100,"noninferiority",3,30,3.03953778336052e-05,1.04739249567686e-07,0.0686333333333336,0.000328295260059995,0.0506589630560087,114.388888888889,0.0034458939823372,0.00478332093336562,"Stable"
"Binary","Adjusted",2,100,"superiority",3,30,2.99672028619117e-05,8.64740498211489e-08,0.0685555555555564,0.000560092584939447,0.0499453381031861,114.259259259261,0.00288562299990492,0.00816990804611826,"Stable"
"Binary","Unadjusted",2,100,"superiority",3,30,7.31496336629096e-05,3.84115341678761e-07,0.0685444444444455,0.000333888426695601,0.121916056104849,114.240740740743,0.0052510904353787,0.00487112309978985,"Stable"
"Binary","Adjusted",2,500,"equivalence",3,30,0.000211111111111053,0.000203670030886891,0.481577777777778,0.0977835837922674,0.351851851851755,802.62962962963,0.964752777885537,0.203048372047992,"Review variability"
"Binary","Unadjusted",2,500,"equivalence",3,30,0.000266666666666913,8.8191710368793e-05,0.536488888888889,0.0983687469187769,0.444444444444855,894.148148148148,0.330718913882668,0.183356540938819,"Review variability"
"Binary","Adjusted",2,500,"noninferiority",3,30,0.000122222222222312,1.92450089728573e-05,0.454866666666667,0.0929590829941379,0.203703703703854,758.111111111111,0.157459164323262,0.20436556425503,"Review variability"
"Binary","Unadjusted",2,500,"noninferiority",3,30,0.000177777777777857,5.09175077217228e-05,0.467566666666667,0.0926013018866967,0.296296296296428,779.277777777778,0.286410980934564,0.198049408754609,"Review variability"
"Binary","Adjusted",2,500,"superiority",3,30,0.00094444444444447,0.00016442942874387,0.457455555555556,0.092790662445297,1.57407407407412,762.425925925926,0.17410174808174,0.202840825340087,"Review variability"
"Binary","Unadjusted",2,500,"superiority",3,30,0.00135555555555555,0.000183585684909488,0.465277777777778,0.0979582299493759,2.25925925925925,775.462962962963,0.135432062638147,0.21053709123448,"Review variability"
"Binary","Adjusted",5,200,"equivalence",3,30,0.000112525466257976,5.94491094912875e-07,0.206644444444444,0.00109155003617584,0.187542443763293,344.407407407407,0.00528316935430371,0.00528226170856143,"Stable"
"Binary","Unadjusted",5,200,"equivalence",3,30,0.000113611209069291,2.25376524948935e-06,0.20626666666667,0.000338296385502531,0.189352015115484,343.777777777783,0.0198375254339103,0.00164009236668968,"Stable"
"Binary","Adjusted",5,200,"noninferiority",3,30,5.65982810538924e-05,6.6125530122364e-07,0.197933333333332,0.00107289846262951,0.0943304684231541,329.888888888886,0.0116833106750009,0.00542050418977525,"Stable"
"Binary","Unadjusted",5,200,"noninferiority",3,30,5.68261409535748e-05,1.32952516441125e-06,0.198166666666667,0.000578311719100385,0.0947102349226247,330.277777777778,0.0233963655124396,0.00291830976837872,"Stable"
"Binary","Adjusted",5,200,"superiority",3,30,5.68782449998979e-05,9.71811783694649e-07,0.197533333333334,0.000606446846622876,0.0947970749998298,329.222222222223,0.017085825761614,0.0030700987847935,"Stable"
"Binary","Unadjusted",5,200,"superiority",3,30,0.000132153630796145,1.2679660811233e-06,0.19752222222222,0.000346944333243435,0.220256051326909,329.2037037037,0.00959463673820063,0.00175648253315573,"Stable"
"Binary","Adjusted",5,1000,"equivalence",3,30,0.000477777777777689,0.000167774098561338,1.56545555555555,0.201476608328867,0.796296296296148,2609.09259259259,0.351155090012167,0.128701583135885,"Review variability"
"Binary","Unadjusted",5,1000,"equivalence",3,30,0.000466666666666998,0.000115470053838476,1.57545555555555,0.344530831281764,0.77777777777833,2625.75925925926,0.247435829653701,0.218686480914577,"Review variability"
"Binary","Adjusted",5,1000,"noninferiority",3,30,0.000277777777778314,6.93888666487092e-05,1.40886666666667,0.268251979385885,0.462962962963856,2348.11111111111,0.249799919934871,0.190402673107854,"Review variability"
"Binary","Unadjusted",5,1000,"noninferiority",3,30,0.000366666666666837,8.81917103692404e-05,1.48481111111111,0.305001341223523,0.611111111111395,2474.68518518519,0.240522846461453,0.205414236828605,"Review variability"
"Binary","Adjusted",5,1000,"superiority",3,30,0.000311111111111175,0.000183585684909359,1.38585555555556,0.312436058050876,0.518518518518625,2309.75925925926,0.590096844351391,0.225446336595756,"Review variability"
"Binary","Unadjusted",5,1000,"superiority",3,30,0.000644444444443968,3.84900179461585e-05,1.52622222222222,0.33045435780542,1.07407407407328,2543.70370370371,0.059725889916497,0.216517852376877,"Review variability"
"Continuous","Adjusted",2,100,"equivalence",3,30,5.93626416383758e-05,9.83148756810866e-07,0.0729,0.000338296385503028,0.0989377360639597,121.5,0.0165617420262392,0.00464055398495237,"Stable"
"Continuous","Unadjusted",2,100,"equivalence",3,30,5.90470006283525e-05,1.00090181513598e-06,0.0724555555555556,9.6225044864919e-05,0.0984116677139208,120.759259259259,0.0169509340776808,0.00132805613216419,"Stable"
"Continuous","Adjusted",2,100,"noninferiority",3,30,3.01752509467636e-05,1.03229057027409e-07,0.0685333333333333,0.000450924975282245,0.0502920849112727,114.222222222222,0.00342098421019034,0.00657964458096661,"Stable"
"Continuous","Unadjusted",2,100,"noninferiority",3,30,3.03324130609278e-05,2.09291216368191e-07,0.0684222222222222,0.000150308325094042,0.0505540217682131,114.037037037037,0.00689991976397637,0.00219677643040984,"Stable"
"Continuous","Adjusted",2,100,"superiority",3,30,3.06412332043576e-05,3.89874533611011e-07,0.0678222222222222,0.000164429428743871,0.0510687220072627,113.037037037037,0.0127238525620296,0.00242441818265865,"Stable"
"Continuous","Unadjusted",2,100,"superiority",3,30,2.99236334219239e-05,1.40069132809098e-07,0.0681222222222222,0.00143539902827414,0.0498727223698732,113.537037037037,0.00468088653654186,0.0210709366407882,"Stable"
"Continuous","Adjusted",2,500,"equivalence",3,30,0.000123648999635841,1.67357120826339e-06,0.354788888888889,0.00102974286614227,0.206081666059735,591.314814814815,0.013534854412023,0.00290241013287415,"Stable"
"Continuous","Unadjusted",2,500,"equivalence",3,30,0.000123027006005355,3.03493829483152e-07,0.354144444444444,0.000368681333845547,0.205045010008924,590.24074074074,0.00246688787557703,0.00104104791033474,"Stable"
"Continuous","Adjusted",2,500,"noninferiority",3,30,6.13902615333996e-05,5.16748468770135e-07,0.335866666666666,0.00122519839663253,0.102317102555666,559.777777777777,0.00841743390340497,0.00364787136750456,"Stable"
"Continuous","Unadjusted",2,500,"noninferiority",3,30,6.30143742320422e-05,4.76492821906718e-07,0.3342,0.000366666666666515,0.105023957053404,557,0.00756165284054231,0.00109714741671608,"Stable"
"Continuous","Adjusted",2,500,"superiority",3,30,6.27409486275568e-05,5.45705676951771e-07,0.336722222222222,0.00338859743737608,0.104568247712595,561.203703703704,0.00869775942010683,0.0100634802627899,"Stable"
"Continuous","Unadjusted",2,500,"superiority",3,30,6.17900549886337e-05,5.04301320666653e-07,0.335722222222222,0.000411411301812987,0.102983424981056,559.537037037037,0.00816152891851965,0.00122545150300079,"Stable"
"Continuous","Adjusted",5,200,"equivalence",3,30,0.00011444439356905,1.0973899962115e-06,0.2057,0.000581186525804942,0.190740655948416,342.833333333333,0.00958884888973952,0.00282540848714119,"Stable"
"Continuous","Unadjusted",5,200,"equivalence",3,30,0.000115058383343948,3.96755404839341e-07,0.205388888888888,0.000718279838172924,0.191763972239913,342.314814814814,0.00344829636318899,0.00349716989102317,"Stable"
"Continuous","Adjusted",5,200,"noninferiority",3,30,5.73462987879343e-05,3.74103399097153e-07,0.196566666666666,0.00020275875101014,0.0955771646465572,327.611111111111,0.00652358403252111,0.00103150119218318,"Stable"
"Continuous","Unadjusted",5,200,"noninferiority",3,30,5.74855079279803e-05,8.65063984574481e-07,0.1968,0.00017638342073633,0.0958091798799672,328.000000000001,0.0150483837710586,0.000896257219188664,"Stable"
"Continuous","Adjusted",5,200,"superiority",3,30,5.79574058222041e-05,2.50479510152831e-07,0.196522222222223,1.92450089725367e-05,0.0965956763703401,327.537037037038,0.00432178608754897,9.79279022744557e-05,"Stable"
"Continuous","Unadjusted",5,200,"superiority",3,30,5.76955105659237e-05,2.66886500900375e-07,0.196355555555555,0.000592858736530709,0.0961591842765395,327.259259259259,0.00462577587549774,0.0030193122616435,"Stable"
"Continuous","Adjusted",5,1000,"equivalence",3,30,0.000348514599786991,2.98667710887325e-06,1.01142222222222,0.00299524314229788,0.580857666311652,1685.7037037037,0.00856973312078942,0.00296141717720711,"Stable"
"Continuous","Unadjusted",5,1000,"equivalence",3,30,0.00034407625593194,3.16007223246156e-06,1.00986666666667,0.00156240555270092,0.573460426553234,1683.11111111111,0.00918422058477245,0.00154714043375454,"Stable"
"Continuous","Adjusted",5,1000,"noninferiority",3,30,0.000170990173847322,2.09469485421677e-07,0.969633333333334,0.00191398362932738,0.284983623078869,1616.05555555556,0.00122503814522532,0.00197392515658226,"Stable"
"Continuous","Unadjusted",5,1000,"noninferiority",3,30,0.000173039266732409,5.07226261908191e-06,0.969055555555555,0.0014930704133606,0.288398777887348,1615.09259259259,0.0293127838256836,0.00154074800438519,"Stable"
"Continuous","Adjusted",5,1000,"superiority",3,30,0.000173772728363084,1.91883239269783e-07,0.971544444444445,0.00221141818079985,0.289621213938473,1619.24074074074,0.00110421952326638,0.00227618838586885,"Stable"
"Continuous","Unadjusted",5,1000,"superiority",3,30,0.000174157551630825,1.74897950166496e-06,0.970877777777777,0.00287756326956893,0.290262586051374,1618.12962962963,0.0100425131456396,0.00296387798282429,"Stable"
