"scenario_id","scenario_label","factor_count","target_per_group","total_n","objective","scenario_role","true_risk_difference","alpha","n_outer","rerandomizations_per_trial","proposed_unadjusted","proposed_unadjusted_lower_95","proposed_unadjusted_upper_95","reference_unadjusted","reference_unadjusted_lower_95","reference_unadjusted_upper_95","proposed_adjusted","proposed_adjusted_lower_95","proposed_adjusted_upper_95","reference_adjusted","reference_adjusted_lower_95","reference_adjusted_upper_95","proposed_analysis_minutes","reference_analysis_minutes","proposed_timing_n_total","proposed_timing_n_valid","proposed_timing_n_invalid","reference_timing_n_total","reference_timing_n_valid","reference_timing_n_invalid","proposed_timing_basis","reference_timing_basis","timing_basis"
1,"K2_npg500_superiority_type1",2,500,1000,"superiority","type1",0,0.05,100000,4999,0.04549,0.0442158603210727,0.0467990579665275,0.04537,0.044097488198493,0.0466774393082543,0.04852,0.0472055495201064,0.0498691359840316,0.04827,0.0469588194167137,0.0496158852939806,2.30489999999996,931.256150000035,100000,100000,0,100000,100000,0,"Complete","Complete","Complete"
2,"K2_npg500_superiority_power",2,500,1000,"superiority","power",0.1,0.05,100000,4999,0.91067,0.908886412293187,0.912422037480924,0.91064,0.908856145780273,0.912392306298625,0.91617,0.914436317530551,0.917871709699322,0.91505,0.913305982628286,0.916762130646959,2.1424833333333,910.304516666709,100000,100000,0,100000,100000,0,"Complete","Complete","Complete"
3,"K2_npg500_noninferiority_type1",2,500,1000,"noninferiority","type1",-0.1,0.025,100000,4999,0.02407,0.0231381858309361,0.0250383780744072,0.02325,0.0223341423954133,0.0242024845074346,0.0239,0.022971469648433,0.0248651073173686,0.0235,0.0225792460569879,0.0244573616393037,1.04818333333324,921.788549999932,100000,100000,0,100000,100000,0,"Complete","Complete","Complete"
4,"K2_npg500_noninferiority_power",2,500,1000,"noninferiority","power",0,0.025,100000,4999,0.8968,0.894899192329657,0.898670323024197,0.89688,0.894979836102992,0.898749673104764,0.89717,0.895272172739116,0.899037314189034,0.89733,0.895433463906914,0.899196010729041,1.05059999999997,894.905516666642,100000,100000,0,100000,100000,0,"Complete","Complete","Complete"
5,"K2_npg500_equivalence_type1_lower",2,500,1000,"equivalence","type1_lower",-0.1,0.05,100000,4999,0.05039,0.0490513954487774,0.0517631463903195,0.04887,0.0475509880459032,0.050223670569056,0.05003,0.0486960043444723,0.0513985651520657,0.04918,0.0478569637020819,0.0505376710967475,1.53249999999998,1012.48,100000,100000,0,100000,100000,0,"Complete","Complete","Complete"
6,"K2_npg500_equivalence_type1_upper",2,500,1000,"equivalence","type1_upper",0.1,0.05,100000,4999,0.0505,0.0491599910095807,0.0518745423786315,0.04953,0.0482024377746914,0.0508921701349591,0.05057,0.04922909820533,0.0519454298050464,0.04997,0.0486367743721504,0.0513377997339611,1.56908333333315,996.927050000011,100000,100000,0,100000,100000,0,"Complete","Complete","Complete"
7,"K2_npg500_equivalence_power",2,500,1000,"equivalence","power",0,0.05,100000,4999,0.8904,0.888448801677278,0.892321205364417,0.89058,0.888630189688629,0.892499803524346,0.89074,0.888791424861669,0.89265855605911,0.89106,0.889113899129196,0.89297605720719,1.53533333333274,987.765816666668,100000,100000,0,100000,100000,0,"Complete","Complete","Complete"
8,"K5_npg1000_superiority_type1",5,1000,2000,"superiority","type1",0,0.05,100000,4999,0.04666,0.0453701163138508,0.047984712087066,0.04704,0.045745051897398,0.0483697473095532,0.04921,0.0478865750328285,0.0505680574612141,0.04924,0.0479161865013246,0.0505984436879312,3.24190000000014,2538.6394500001,100000,100000,0,100000,100000,0,"Complete","Complete","Complete"
9,"K5_npg1000_superiority_power",5,1000,2000,"superiority","power",0.07,0.05,100000,4999,0.90048,0.898609176394559,0.902320056238786,0.90027,0.898397444664222,0.902111804102631,0.90449,0.90265274132434,0.906296183235843,0.90415,0.902309858108383,0.905959092572716,3.16795000000089,2525.95188333334,100000,100000,0,100000,100000,0,"Complete","Complete","Complete"
10,"K5_npg1000_noninferiority_type1",5,1000,2000,"noninferiority","type1",-0.1,0.025,100000,4999,0.02448,0.0235403169306966,0.0254562154758944,0.02473,0.023785553551844,0.0257109596481907,0.0248,0.0238542244527494,0.0257822833694495,0.02499,0.0240406270439384,0.0259758661812777,1.57283333333389,2545.83460000002,100000,100000,0,100000,100000,0,"Complete","Complete","Complete"
11,"K5_npg1000_noninferiority_power",5,1000,2000,"noninferiority","power",-0.03,0.025,100000,4999,0.89274,0.890806975567954,0.894642851700374,0.89154,0.889597620372072,0.893452299087727,0.89218,0.890242600507467,0.894087269783547,0.89194,0.890000730473091,0.893849158256217,1.55194999999968,2517.57403333335,100000,100000,0,100000,100000,0,"Complete","Complete","Complete"
12,"K5_npg1000_equivalence_type1_lower",5,1000,2000,"equivalence","type1_lower",-0.1,0.05,100000,4999,0.04636,0.0450741313645615,0.0476807200842228,0.04714,0.0458437230843061,0.0484710684400226,0.0472,0.0459029265777865,0.0485318603369687,0.04752,0.0462186883922794,0.0488560739380838,2.57046666666793,2721.08895,100000,100000,0,100000,100000,0,"Complete","Complete","Complete"
13,"K5_npg1000_equivalence_type1_upper",5,1000,2000,"equivalence","type1_upper",0.1,0.05,100000,4999,0.04983,0.0484985732015868,0.0511960116601962,0.04952,0.0481925668282042,0.0508820418497086,0.0497,0.0483702461816902,0.0510643486675021,0.04966,0.0483307614574677,0.0510238364647736,2.58811666666344,2711.24662466245,100000,100000,0,100000,99990,10,"Complete","Scaled from 99990/100000 valid timings","SIGA: Complete; RT: Scaled from 99990/100000 valid timings"
14,"K5_npg1000_equivalence_power",5,1000,2000,"equivalence","power",0.04,0.05,100000,4999,0.87218,0.870096264634082,0.874235142181435,0.87219,0.870106333333772,0.874245072713484,0.87247,0.870388258616639,0.874523125919274,0.87257,0.87048894701031,0.87462242984298,2.57915000000341,2708.11165000008,100000,100000,0,100000,100000,0,"Complete","Complete","Complete"
