"scenario_id","scenario_label","factor_count","target_per_group","total_n","objective","scenario_role","true_risk_difference","alpha","benchmark_version","n_outer","rerandomizations_per_trial","allocation_calibration_paths","proposed_unadjusted","proposed_unadjusted_lower_95","proposed_unadjusted_upper_95","reference_unadjusted","reference_unadjusted_lower_95","reference_unadjusted_upper_95","proposed_adjusted","proposed_adjusted_lower_95","proposed_adjusted_upper_95","reference_adjusted","reference_adjusted_lower_95","reference_adjusted_upper_95","score_construction_minutes","proposed_analysis_minutes","reference_analysis_minutes"
15,"K2_npg100_superiority_type1",2,100,200,"superiority","type1",0,0.05,"binary_siga_small_n_100k_4999_v2",100000,4999,100000,0.04156,0.0403405124328956,0.0428147077817696,0.04289,0.0416516992343675,0.0441634188014182,0.05103,0.0496832490893146,0.0524112435809982,0.04918,0.0478569637020819,0.0505376710967475,1.51751666666669,1.86878333333329,195.180999999989
16,"K2_npg100_superiority_power",2,100,200,"superiority","power",0.2,0.05,"binary_siga_small_n_100k_4999_v2",100000,4999,100000,0.86105,0.858892291296359,0.863179970595045,0.86211,0.859959128829671,0.864233051625935,0.87923,0.877195756018138,0.881235109172492,0.87501,0.87294587432765,0.87704531506965,1.51978333333416,1.83311666666712,197.06753333331
17,"K2_npg100_noninferiority_type1",2,100,200,"noninferiority","type1",-0.1,0.025,"binary_siga_small_n_100k_4999_v2",100000,4999,100000,0.02438,0.0234422296038148,0.0253543104853987,0.0228,0.0218930273760539,0.0237436340985954,0.02373,0.0228047660258294,0.0246918240004304,0.02316,0.0222459119771911,0.0241107218400171,1.49461666666721,1.30751666666564,196.019233333311
18,"K2_npg100_noninferiority_power",2,100,200,"noninferiority","power",0.1,0.025,"binary_siga_small_n_100k_4999_v2",100000,4999,100000,0.84082,0.838539431747626,0.843074384338313,0.8385,0.836206210816661,0.84076778350612,0.84132,0.839042303290908,0.843571474381918,0.84057,0.838287998944248,0.842825836348247,1.52686666666562,1.32863333333357,196.384866666641
19,"K2_npg100_equivalence_type1_lower",2,100,200,"equivalence","type1_lower",-0.1,0.05,"binary_siga_small_n_100k_4999_v2",100000,4999,100000,0,0,3.84131125830396e-05,0,0,3.84131125830396e-05,0,0,3.84131125830396e-05,0,0,3.84131125830396e-05,1.34588333333318,1.64091666666895,216.681166666662
20,"K2_npg100_equivalence_type1_upper",2,100,200,"equivalence","type1_upper",0.1,0.05,"binary_siga_small_n_100k_4999_v2",100000,4999,100000,0,0,3.84131125830396e-05,3e-05,1.02027585445173e-05,8.82080492517673e-05,1e-05,1.76524773037832e-06,5.66470965904096e-05,5e-05,2.13571944683857e-05,0.000117052076803396,1.34701666666442,1.72595000000526,217.461649999998
21,"K2_npg100_equivalence_power",2,100,200,"equivalence","power",0,0.05,"binary_siga_small_n_100k_4999_v2",100000,4999,100000,0,0,3.84131125830396e-05,0,0,3.84131125830396e-05,0,0,3.84131125830396e-05,0,0,3.84131125830396e-05,1.31163333333188,1.61884999999787,214.460400000004
22,"K5_npg200_superiority_type1",5,200,400,"superiority","type1",0,0.05,"binary_siga_small_n_100k_4999_v2",100000,4999,100000,0.04575,0.044472341698194,0.0470625566145877,0.04575,0.044472341698194,0.0470625566145877,0.05078,0.0494364241157609,0.0521580877611082,0.05096,0.0496141371782329,0.0523403608699157,1.4421499999998,2.0874833333336,542.665533333331
23,"K5_npg200_superiority_power",5,200,400,"superiority","power",0.14,0.05,"binary_siga_small_n_100k_4999_v2",100000,4999,100000,0.83986,0.837573940532913,0.842119949306202,0.84027,0.837986282185297,0.842527576155066,0.85318,0.850972815269762,0.855360051244034,0.85243,0.850218215583764,0.854614708549701,1.39981666666503,1.99733333333381,538.231616666683
24,"K5_npg200_noninferiority_type1",5,200,400,"noninferiority","type1",-0.1,0.025,"binary_siga_small_n_100k_4999_v2",100000,4999,100000,0.02382,0.022893019312304,0.0247835637995956,0.02385,0.0229224378615418,0.024814142945571,0.02409,0.0231578003191688,0.02505876204965,0.02423,0.0232951065365441,0.0252014450766031,1.4186166666655,1.3307666666673,538.080550000015
25,"K5_npg200_noninferiority_power",5,200,400,"noninferiority","power",0.05,0.025,"binary_siga_small_n_100k_4999_v2",100000,4999,100000,0.87429,0.872220853141845,0.876330391570338,0.87334,0.871264261669112,0.875387056027985,0.87498,0.872915664669369,0.877015527032718,0.87426,0.872190644405248,0.876300602611722,1.43059999999517,1.28598333333524,536.640033333339
26,"K5_npg200_equivalence_type1_lower",5,200,400,"equivalence","type1_lower",-0.1,0.05,"binary_siga_small_n_100k_4999_v2",100000,4999,100000,0.03908,0.037896526104618,0.0402988846390856,0.04036,0.0391577821484032,0.0415975302577322,0.04094,0.0397293993382219,0.0421858685087029,0.04126,0.0400448030961502,0.0425104401663825,1.28719999999994,1.82831666666658,573.411600000019
27,"K5_npg200_equivalence_type1_upper",5,200,400,"equivalence","type1_upper",0.1,0.05,"binary_siga_small_n_100k_4999_v2",100000,4999,100000,0.04426,0.0430026646127338,0.0455523481711234,0.04339,0.0421447126116123,0.0446703670110608,0.04397,0.0427166654497489,0.0452583696137136,0.04399,0.0427363890463346,0.0452786444806034,1.18513333333234,1.67841666666533,533.252366666649
28,"K5_npg200_equivalence_power",5,200,400,"equivalence","power",0,0.05,"binary_siga_small_n_100k_4999_v2",100000,4999,100000,0.3082,0.305345511587589,0.311069223682398,0.30845,0.305594858894365,0.311319857169065,0.31296,0.310093252480501,0.315841117096654,0.31249,0.309624447199731,0.31536995848575,1.1012999999999,1.57570000000314,511.097749999986
