"method_id","adjusted","reference_statistic","scenario_id","scenario_label","factor_count","target_per_group","total_n","objective","scenario_role","true_effect","alpha","requested_outer_trials","completed_outer_trials","rerandomizations_per_trial","calibration_paths","calibration_minutes","proposed_rejection","proposed_lower_95","proposed_upper_95","randomization_rejection","randomization_lower_95","randomization_upper_95","reference_power_in_target_band","pvalue_mean_absolute_error","pvalue_root_mean_squared_error","pvalue_correlation","data_generation_minutes_sum","proposed_analysis_minutes_sum","randomization_test_minutes_sum","proposed_minutes_mean_per_trial","randomization_minutes_mean_per_trial","shard_wall_clock_minutes_sum","shard_wall_clock_minutes_max"
"covariate_adjusted_siga_vs_fixed_score_rt_power85",TRUE,"fixed treatment-score statistic",1,"K2_npg100_superiority_type1",2,100,200,"superiority","type1",0,0.05,100000,100000,4999,100000,0.0498333333333333,0.04865,0.0473338530355897,0.050000822481139,0.04878,0.0474621591801651,0.0501325063491543,NA,0.00751033606327043,0.0100114795016625,0.999403310395744,6.76201666666586,2.34078333333215,269.989333333318,2.3407833333333e-05,0.00269989333333332,32.2013833333333,17.3771166666667
"covariate_adjusted_siga_vs_fixed_score_rt_power85",TRUE,"fixed treatment-score statistic",2,"K2_npg100_superiority_power",2,100,200,"superiority","power",0.43,0.05,100000,100000,4999,100000,0.0498333333333333,0.85498,0.85278393495735,0.857148793269241,0.85437,0.852170153827116,0.856542621263472,TRUE,0.00202990634953872,0.0041637397526417,0.998908416103232,6.74226666666888,2.33431666666649,132.371950000007,2.33431666666649e-05,0.00132371950000004,32.2161166666667,17.1602333333333
"covariate_adjusted_siga_vs_fixed_score_rt_power85",TRUE,"fixed treatment-score statistic",3,"K2_npg100_noninferiority_type1",2,100,200,"noninferiority","type1",-0.2,0.025,100000,100000,4999,100000,0.0498333333333333,0.02441,0.023471655359784,0.0253848824246427,0.02445,0.0235108902908893,0.0254256444204884,NA,0.00552666612143686,0.00707631132098658,0.999698764929136,6.52863333333375,2.26811666666638,126.428283333334,2.26811666666635e-05,0.00126428283333334,16.3104,2.72575
"covariate_adjusted_siga_vs_fixed_score_rt_power85",TRUE,"fixed treatment-score statistic",4,"K2_npg100_noninferiority_power",2,100,200,"noninferiority","power",0.23,0.025,100000,100000,4999,100000,0.0498333333333333,0.85412,0.851918607982387,0.856294186314757,0.85374,0.851536262513425,0.855916560977685,TRUE,0.00121865117499517,0.00244853591716452,0.998651199120852,6.618216666667,2.30221666666641,128.619449999991,2.30221666666641e-05,0.0012861945,16.6303166666667,2.77401666666667
"covariate_adjusted_siga_vs_fixed_score_rt_power85",TRUE,"fixed treatment-score statistic",5,"K2_npg100_equivalence_type1_lower",2,100,200,"equivalence","type1_lower",-0.45,0.05,100000,100000,4999,100000,0.0498333333333333,0.04917,0.0478470932891313,0.0505275422779603,0.04939,0.0480642459058772,0.0507503727594449,NA,0.00553225527175386,0.00708710185456617,0.999699200448456,6.68261666666686,2.53849999999998,135.914116666676,2.53849999999998e-05,0.00135914116666667,17.40005,2.8515
"covariate_adjusted_siga_vs_fixed_score_rt_power85",TRUE,"fixed treatment-score statistic",6,"K2_npg100_equivalence_type1_upper",2,100,200,"equivalence","type1_upper",0.45,0.05,100000,100000,4999,100000,0.0498333333333333,0.04958,0.0482517927345172,0.0509428113338221,0.04943,0.0481037289929672,0.0507908865993059,NA,0.00553153047737535,0.00708259015171443,0.999699874123354,6.71893333333304,2.53586666666682,136.546233333347,2.53586666666683e-05,0.00136546233333333,17.5069,2.8973
"covariate_adjusted_siga_vs_fixed_score_rt_power85",TRUE,"fixed treatment-score statistic",7,"K2_npg100_equivalence_power",2,100,200,"equivalence","power",0,0.05,100000,100000,4999,100000,0.0498333333333333,0.87285,0.870770876736911,0.874900478605036,0.87175,0.869663314479371,0.873808125371424,TRUE,0.00186541291598464,0.00308160086807473,0.99837804078729,6.63505000000025,2.53133333333302,136.722716666672,2.53133333333302e-05,0.00136722716666666,17.3202666666667,2.85276666666667
"covariate_adjusted_siga_vs_fixed_score_rt_power85",TRUE,"fixed treatment-score statistic",8,"K2_npg500_superiority_type1",2,500,1000,"superiority","type1",0,0.05,100000,100000,4999,100000,0.243,0.04868,0.0473634619128889,0.0500312112990531,0.04875,0.0474325498370497,0.0501021179970565,NA,0.00519964039877194,0.00680701659002917,0.999722437812601,24.2226000000025,2.00449999999966,581.764966666757,2.00449999999966e-05,0.00581764966666668,64.2973666666667,11.3204666666667
"covariate_adjusted_siga_vs_fixed_score_rt_power85",TRUE,"fixed treatment-score statistic",9,"K2_npg500_superiority_power",2,500,1000,"superiority","power",0.19,0.05,100000,100000,4999,100000,0.243,0.84804,0.845801679955861,0.850251581444732,0.84777,0.845530069231659,0.849983212912015,TRUE,0.00140517166438258,0.00272597719940896,0.999585185690023,23.9896833333338,1.98359999999958,580.665900000082,1.98359999999958e-05,0.005806659,64.1435666666667,11.26665
"covariate_adjusted_siga_vs_fixed_score_rt_power85",TRUE,"fixed treatment-score statistic",10,"K2_npg500_noninferiority_type1",2,500,1000,"noninferiority","type1",-0.2,0.025,100000,100000,4999,100000,0.243,0.0252,0.0242466680550342,0.0261898090366747,0.0254,0.0244429140837857,0.0263935476426781,NA,0.00466884344474372,0.00603875344215549,0.999781347240321,24.1235833333334,1.98789999999931,737.756416666732,1.98789999999932e-05,0.00737756416666677,79.9125333333333,21.2943666666667
"covariate_adjusted_siga_vs_fixed_score_rt_power85",TRUE,"fixed treatment-score statistic",11,"K2_npg500_noninferiority_power",2,500,1000,"noninferiority","power",-0.01,0.025,100000,100000,4999,100000,0.243,0.84992,0.847692963349669,0.85212015361762,0.84955,0.847320733239626,0.851752412153367,TRUE,0.000964420010805566,0.00186681876866757,0.999284798944348,24.2509999999987,1.99138333333491,591.783750000065,1.9913833333349e-05,0.0059178375,65.3226333333333,11.2460166666667
"covariate_adjusted_siga_vs_fixed_score_rt_power85",TRUE,"fixed treatment-score statistic",12,"K2_npg500_equivalence_type1_lower",2,500,1000,"equivalence","type1_lower",-0.45,0.05,100000,100000,4999,100000,0.243,0.05035,0.0490119065976087,0.0517226383145372,0.05002,0.0486861326450184,0.0513884376197818,NA,0.00467316300727817,0.00604306362782829,0.999780431384571,24.6512333333314,2.32845000000145,623.893466666673,2.32845000000145e-05,0.00623893466666666,68.6637,11.8915666666667
"covariate_adjusted_siga_vs_fixed_score_rt_power85",TRUE,"fixed treatment-score statistic",13,"K2_npg500_equivalence_type1_upper",2,500,1000,"equivalence","type1_upper",0.45,0.05,100000,100000,4999,100000,0.243,0.04901,0.0476891687688984,0.0503654790903892,0.04921,0.0478865750328285,0.0505680574612141,NA,0.00466991918521955,0.0060295874520275,0.999781421414012,24.6630000000003,2.32211666666978,755.750449999976,2.32211666666978e-05,0.00755750450000028,81.8497333333333,19.01885
"covariate_adjusted_siga_vs_fixed_score_rt_power85",TRUE,"fixed treatment-score statistic",14,"K2_npg500_equivalence_power",2,500,1000,"equivalence","power",0.28,0.05,100000,100000,4999,100000,0.243,0.84871,0.84647568749572,0.850917522431303,0.84854,0.84630466922939,0.850748553758091,TRUE,0.00131950292371153,0.00239565772682949,0.999402890830854,24.4473999999991,2.306100000002,623.928750000026,2.30610000000202e-05,0.00623928750000001,68.5532166666666,11.8706333333333
"covariate_adjusted_siga_vs_fixed_score_rt_power85",TRUE,"fixed treatment-score statistic",15,"K5_npg200_superiority_type1",5,200,400,"superiority","type1",0,0.05,100000,100000,4999,100000,0.1795,0.04992,0.0485874164736743,0.0512871614737485,0.04973,0.0483998598833321,0.0510947326610735,NA,0.00587247571586449,0.00772415681059752,0.999643767522793,15.0971333333333,2.21014999999972,395.41758333328,2.21014999999972e-05,0.00395417583333332,44.4629333333333,7.98508333333333
"covariate_adjusted_siga_vs_fixed_score_rt_power85",TRUE,"fixed treatment-score statistic",16,"K5_npg200_superiority_power",5,200,400,"superiority","power",0.3,0.05,100000,100000,4999,100000,0.1795,0.84714,0.844896320339851,0.849357010204345,0.84647,0.844222347901207,0.84869103411656,TRUE,0.00162139577066713,0.00320147624132423,0.999413572320507,15.0228000000018,2.21186666666495,395.250516666612,2.21186666666496e-05,0.00395250516666666,44.4441666666667,7.90291666666667
"covariate_adjusted_siga_vs_fixed_score_rt_power85",TRUE,"fixed treatment-score statistic",17,"K5_npg200_noninferiority_type1",5,200,400,"noninferiority","type1",-0.2,0.025,100000,100000,4999,100000,0.1795,0.02527,0.02431535234451,0.0262611193693631,0.02519,0.0242368561743807,0.0261796216855904,NA,0.00491460054345873,0.00633168474852223,0.999759946830394,14.9454833333313,2.20041666666716,394.511699999945,2.20041666666716e-05,0.003945117,44.3508,7.89656666666667
"covariate_adjusted_siga_vs_fixed_score_rt_power85",TRUE,"fixed treatment-score statistic",18,"K5_npg200_noninferiority_power",5,200,400,"noninferiority","power",0.1,0.025,100000,100000,4999,100000,0.1795,0.84794,0.845701083106957,0.850152185976259,0.84753,0.845288639522122,0.849744661059846,TRUE,0.00105358592232385,0.00206252682362029,0.999151826774145,14.8762666666661,2.2038000000007,395.179149999952,2.2038000000007e-05,0.00395179150000001,44.4983833333334,8.00915
"covariate_adjusted_siga_vs_fixed_score_rt_power85",TRUE,"fixed treatment-score statistic",19,"K5_npg200_equivalence_type1_lower",5,200,400,"equivalence","type1_lower",-0.45,0.05,100000,100000,4999,100000,0.1795,0.04984,0.0485084446161783,0.0512061394773425,0.04986,0.0485281874904507,0.0512263950665456,NA,0.00491172894625991,0.00632571066796232,0.999759260829527,15.0217333333363,2.46118333333144,412.382983333372,2.46118333333143e-05,0.00412382983333338,46.2441666666667,8.21733333333335
"covariate_adjusted_siga_vs_fixed_score_rt_power85",TRUE,"fixed treatment-score statistic",20,"K5_npg200_equivalence_type1_upper",5,200,400,"equivalence","type1_upper",0.45,0.05,100000,100000,4999,100000,0.1795,0.04954,0.0482123087363438,0.0509022984050445,0.04967,0.0483406326158711,0.051033964538108,NA,0.00494185967916024,0.00635520355378329,0.999757895546393,15.3421166666668,2.54893333333448,415.339683333342,2.54893333333447e-05,0.00415339683333336,46.6027166666667,8.24526666666665
"covariate_adjusted_siga_vs_fixed_score_rt_power85",TRUE,"fixed treatment-score statistic",21,"K5_npg200_equivalence_power",5,200,400,"equivalence","power",0.18,0.05,100000,100000,4999,100000,0.1795,0.85137,0.849151747978169,0.853561257591095,0.85062,0.848397195224552,0.85281586796438,TRUE,0.00142259759470724,0.00258099341989284,0.999306896537954,15.3551666666641,2.52333333333475,415.940766666695,2.52333333333475e-05,0.00415940766666672,46.6273166666666,8.22618333333333
"covariate_adjusted_siga_vs_fixed_score_rt_power85",TRUE,"fixed treatment-score statistic",22,"K5_npg1000_superiority_type1",5,1000,2000,"superiority","type1",0,0.05,100000,100000,4999,100000,0.888483333333333,0.05011,0.0487749784779525,0.0514795848724875,0.05002,0.0486861326450184,0.0513884376197818,NA,0.00472373258351818,0.0061586274496875,0.999773217026935,54.940416666667,2.04044999999625,1876.85721666656,2.04044999999629e-05,0.0187685721666666,200.01205,36.8671333333333
"covariate_adjusted_siga_vs_fixed_score_rt_power85",TRUE,"fixed treatment-score statistic",23,"K5_npg1000_superiority_power",5,1000,2000,"superiority","power",0.135,0.05,100000,100000,4999,100000,0.888483333333333,0.85198,0.849765465156078,0.854167493549188,0.85174,0.849524001127465,0.853928976016095,TRUE,0.00125768188908129,0.00240693523950436,0.999658884831212,55.2273333333309,2.09163333333207,1878.30708333322,2.09163333333207e-05,0.0187830708333333,200.13665,36.8736666666667
"covariate_adjusted_siga_vs_fixed_score_rt_power85",TRUE,"fixed treatment-score statistic",24,"K5_npg1000_noninferiority_type1",5,1000,2000,"noninferiority","type1",-0.2,0.025,100000,100000,4999,100000,0.888483333333333,0.02542,0.024462539564411,0.0264139206255283,0.02523,0.024276103938231,0.0262203708486911,NA,0.00453599485621729,0.00589290179640829,0.999792415606328,54.7231166666655,2.05285000000155,1869.99651666657,2.05285000000154e-05,0.0186999651666667,199.38905,36.8314833333333
"covariate_adjusted_siga_vs_fixed_score_rt_power85",TRUE,"fixed treatment-score statistic",25,"K5_npg1000_noninferiority_power",5,1000,2000,"noninferiority","power",-0.065,0.025,100000,100000,4999,100000,0.888483333333333,0.85524,0.853045550596133,0.857407157655639,0.85437,0.852170153827116,0.856542621263472,TRUE,0.000900360382126863,0.00173661593269905,0.999349589645676,55.3045833333396,2.05031666665739,1870.83733333322,2.0503166666574e-05,0.0187083733333334,199.5407,36.8725
"covariate_adjusted_siga_vs_fixed_score_rt_power85",TRUE,"fixed treatment-score statistic",26,"K5_npg1000_equivalence_type1_lower",5,1000,2000,"equivalence","type1_lower",-0.45,0.05,100000,100000,4999,100000,0.888483333333333,0.04977,0.0484393450299332,0.0511352444414233,0.04977,0.0484393450299332,0.0511352444414233,NA,0.00451696035542632,0.00586820274751405,0.999793263234958,55.657816666672,2.52294999999958,1948.5852,2.52294999999958e-05,0.0194858519999998,207.460966666667,38.1094333333333
"covariate_adjusted_siga_vs_fixed_score_rt_power85",TRUE,"fixed treatment-score statistic",27,"K5_npg1000_equivalence_type1_upper",5,1000,2000,"equivalence","type1_upper",0.45,0.05,100000,100000,4999,100000,0.888483333333333,0.05115,0.0498017283074952,0.0525327551436706,0.05108,0.0497326151762452,0.0524618736527564,NA,0.00450564202063777,0.0058509585778598,0.999795420866831,55.4503499999909,2.51864999999804,1950.97641666671,2.51864999999804e-05,0.0195097641666667,207.647533333333,38.1179333333333
"covariate_adjusted_siga_vs_fixed_score_rt_power85",TRUE,"fixed treatment-score statistic",28,"K5_npg1000_equivalence_power",5,1000,2000,"equivalence","power",0.33,0.05,100000,100000,4999,100000,0.888483333333333,0.84843,0.846194010869112,0.850639220569253,0.84819,0.845952575857249,0.850400674019411,TRUE,0.00125157984001043,0.00227449921841958,0.999488915050245,72.7596833333459,2.59751666666446,2702.34104999999,2.59751666666439e-05,0.0270234104999995,271.763216666667,60.3586
