"scenario_id","scenario_label","set","design_id","design_label","factor_count","total_n","pbc","profile_type","outcome_type","model_type","direction","boundary","alpha","achieved_effect","min_d","max_d","weighted_mean_d","d_Pi_d","d_Psi_d","pair_ratio","pair_scalar_gap","achieved_control_risk","achieved_treatment_risk","common_log_odds_theta"
1,"D1_continuous_homogeneous_zero","core",1,"K2_n200_p080_independent",2,200,0.8,"independent","continuous","homogeneous","zero",-0.2,0.025,-0.2,0,0,0,0,0,1,0,,,
2,"D1_continuous_pure_symmetric_max_ratio","core",1,"K2_n200_p080_independent",2,200,0.8,"independent","continuous","pure_symmetric","max_ratio",-0.2,0.025,-0.2,-0.703155770505095,1,0,0.412263672781718,0.439485976842476,1.06603129467381,0.0272223040607585,,,
3,"D1_continuous_realistic_max_ratio","core",1,"K2_n200_p080_independent",2,200,0.8,"independent","continuous","realistic","max_ratio",-0.2,0.025,-0.2,-0.351577885252548,0.5,0,0.103065918195429,0.109871494210619,1.06603129467381,0.00680557601518962,,,
4,"D1_binary_homogeneous_zero","core",1,"K2_n200_p080_independent",2,200,0.8,"independent","binary","homogeneous","zero",-0.1,0.025,-0.1,0,0,0,0,0,1,0,0.6,0.5,
5,"D1_binary_symmetric_stress_max_ratio","core",1,"K2_n200_p080_independent",2,200,0.8,"independent","binary","symmetric_stress","max_ratio",-0.1,0.025,-0.1,-0.562524616404076,0.8,-1.38777878078145e-17,0.2638487505803,0.281271025179185,1.06603129467381,0.0174222745988854,0.55,0.45,
6,"D1_binary_common_log_odds_common_log_odds","core",1,"K2_n200_p080_independent",2,200,0.8,"independent","binary","common_log_odds","common_log_odds",-0.1,0.025,-0.1,-0.00216277043573845,0.00238408566465223,1.11130722679764e-17,4.08860400653874e-06,4.33126611914876e-06,1.05935084743398,2.42662112610026e-07,0.6,0.5,-0.410910573664972
7,"D2_continuous_homogeneous_zero","core",2,"K5_n400_p080_independent",5,400,0.8,"independent","continuous","homogeneous","zero",-0.2,0.025,-0.2,0,0,0,0,0,1,0,,,
8,"D2_continuous_pure_symmetric_min_ratio","core",2,"K5_n400_p080_independent",5,400,0.8,"independent","continuous","pure_symmetric","min_ratio",-0.2,0.025,-0.2,-0.606023748186491,1,-4.33680868994202e-19,0.0162466387212077,0.0159230234832108,0.980081095939282,-0.000323615237996882,,,
9,"D2_continuous_pure_symmetric_max_ratio","core",2,"K5_n400_p080_independent",5,400,0.8,"independent","continuous","pure_symmetric","max_ratio",-0.2,0.025,-0.2,-1,0.489467438048285,-6.72205346941013e-18,0.0748831308808384,0.0782219138625223,1.04458658368594,0.003338782981684,,,
10,"D2_continuous_realistic_max_ratio","core",2,"K5_n400_p080_independent",5,400,0.8,"independent","continuous","realistic","max_ratio",-0.2,0.025,-0.2,-0.5,0.244733719024143,-3.36102673470506e-18,0.0187207827202096,0.0195554784656306,1.04458658368594,0.000834695745420999,,,
11,"D2_binary_homogeneous_zero","core",2,"K5_n400_p080_independent",5,400,0.8,"independent","binary","homogeneous","zero",-0.1,0.025,-0.1,0,0,0,0,0,1,0,0.6,0.5,
12,"D2_binary_symmetric_stress_min_ratio","core",2,"K5_n400_p080_independent",5,400,0.8,"independent","binary","symmetric_stress","min_ratio",-0.1,0.025,-0.1,-0.484818998549193,0.8,6.50521303491303e-19,0.0103978487815729,0.0101907350292549,0.980081095939282,-0.000207113752318007,0.55,0.45,
13,"D2_binary_symmetric_stress_max_ratio","core",2,"K5_n400_p080_independent",5,400,0.8,"independent","binary","symmetric_stress","max_ratio",-0.1,0.025,-0.1,-0.784,0.383742471429856,1.52872506320456e-17,0.0460273656946926,0.0480795686870825,1.04458658368594,0.00205220299238993,0.55,0.45,
14,"D2_binary_common_log_odds_common_log_odds","core",2,"K5_n400_p080_independent",5,400,0.8,"independent","binary","common_log_odds","common_log_odds",-0.1,0.025,-0.1,-0.00267693324445453,0.00885338392833782,-2.65680354235784e-17,7.16162563267774e-06,7.36858437029186e-06,1.02889829044816,2.0695873761412e-07,0.6,0.5,-0.412160285203167
15,"D3_continuous_pure_symmetric_min_ratio","sensitivity",3,"K5_n400_p080_correlated",5,400,0.8,"latent_correlated","continuous","pure_symmetric","min_ratio",-0.2,0.025,-0.2,-1,0.618717267513993,-5.42101086242752e-19,0.0192157526577639,0.0188834821541202,0.98270843148528,-0.000332270503643626,,,
16,"D3_continuous_pure_symmetric_max_ratio","sensitivity",3,"K5_n400_p080_correlated",5,400,0.8,"latent_correlated","continuous","pure_symmetric","max_ratio",-0.2,0.025,-0.2,-1,0.324427239812401,-1.30104260698261e-17,0.098680509936818,0.104292150992499,1.05686676182838,0.00561164105568053,,,
17,"D3_binary_symmetric_stress_min_ratio","sensitivity",3,"K5_n400_p080_correlated",5,400,0.8,"latent_correlated","binary","symmetric_stress","min_ratio",-0.1,0.025,-0.1,-0.784,0.485074337730971,-1.49619899803e-17,0.0118110776656105,0.0116068456069229,0.982708431485281,-0.000204232058687574,0.55,0.45,
18,"D3_binary_symmetric_stress_max_ratio","sensitivity",3,"K5_n400_p080_correlated",5,400,0.8,"latent_correlated","binary","symmetric_stress","max_ratio",-0.1,0.025,-0.1,-0.784,0.254350956012922,-1.99493199737333e-17,0.0606545675157249,0.0641037963604452,1.05686676182838,0.00344922884472036,0.55,0.45,
19,"D4_continuous_pure_symmetric_max_ratio","sensitivity",4,"K2_n200_p095_independent",2,200,0.95,"independent","continuous","pure_symmetric","max_ratio",-0.2,0.025,-0.2,-1,0.995668117992529,-5.55111512312578e-17,0.926140761826425,1.11520928458117,1.20414663790619,0.189068522754743,,,
20,"D4_binary_symmetric_stress_max_ratio","sensitivity",4,"K2_n200_p095_independent",2,200,0.95,"independent","binary","symmetric_stress","max_ratio",-0.1,0.025,-0.0999999999999999,-0.784,0.780603804506143,2.77555756156289e-17,0.569257976101183,0.685470078023522,1.20414663790619,0.116212101922339,0.55,0.45,
