benchmark,outcome,analysis,scenario_id,scenario_label,factor_count,target_per_group,total_n,objective,scenario_role,true_effect,alpha,n_outer,rerandomizations_per_trial,calibration_paths,siga_rejection,rt_rejection,difference,difference_pp,source_file
sampling_targeted,binary,Adjusted,15,K2_npg100_superiority_type1,2,100,200,superiority,type1,0.0,0.05,100000,4999,100000,0.05103,0.04918,0.0018499999999999975,0.18499999999999975,binary_small_n_summary.csv
sampling_targeted,binary,Unadjusted,15,K2_npg100_superiority_type1,2,100,200,superiority,type1,0.0,0.05,100000,4999,100000,0.04156,0.04289,-0.0013299999999999979,-0.13299999999999979,binary_small_n_summary.csv
sampling_targeted,binary,Adjusted,16,K2_npg100_superiority_power,2,100,200,superiority,power,0.2,0.05,100000,4999,100000,0.87923,0.87501,0.0042200000000000015,0.42200000000000015,binary_small_n_summary.csv
sampling_targeted,binary,Unadjusted,16,K2_npg100_superiority_power,2,100,200,superiority,power,0.2,0.05,100000,4999,100000,0.86105,0.86211,-0.001060000000000061,-0.10600000000000609,binary_small_n_summary.csv
sampling_targeted,binary,Adjusted,17,K2_npg100_noninferiority_type1,2,100,200,noninferiority,type1,-0.1,0.025,100000,4999,100000,0.02373,0.02316,0.0005700000000000011,0.057000000000000106,binary_small_n_summary.csv
sampling_targeted,binary,Unadjusted,17,K2_npg100_noninferiority_type1,2,100,200,noninferiority,type1,-0.1,0.025,100000,4999,100000,0.02438,0.0228,0.001579999999999998,0.1579999999999998,binary_small_n_summary.csv
sampling_targeted,binary,Adjusted,18,K2_npg100_noninferiority_power,2,100,200,noninferiority,power,0.1,0.025,100000,4999,100000,0.84132,0.84057,0.0007499999999999174,0.07499999999999174,binary_small_n_summary.csv
sampling_targeted,binary,Unadjusted,18,K2_npg100_noninferiority_power,2,100,200,noninferiority,power,0.1,0.025,100000,4999,100000,0.84082,0.8385,0.0023199999999999887,0.23199999999999887,binary_small_n_summary.csv
sampling_targeted,binary,Adjusted,19,K2_npg100_equivalence_type1_lower,2,100,200,equivalence,type1_lower,-0.1,0.05,100000,4999,100000,0.0,0.0,0.0,0.0,binary_small_n_summary.csv
sampling_targeted,binary,Unadjusted,19,K2_npg100_equivalence_type1_lower,2,100,200,equivalence,type1_lower,-0.1,0.05,100000,4999,100000,0.0,0.0,0.0,0.0,binary_small_n_summary.csv
sampling_targeted,binary,Adjusted,20,K2_npg100_equivalence_type1_upper,2,100,200,equivalence,type1_upper,0.1,0.05,100000,4999,100000,1e-05,5e-05,-4e-05,-0.004,binary_small_n_summary.csv
sampling_targeted,binary,Unadjusted,20,K2_npg100_equivalence_type1_upper,2,100,200,equivalence,type1_upper,0.1,0.05,100000,4999,100000,0.0,3e-05,-3e-05,-0.003,binary_small_n_summary.csv
sampling_targeted,binary,Adjusted,21,K2_npg100_equivalence_power,2,100,200,equivalence,power,0.0,0.05,100000,4999,100000,0.0,0.0,0.0,0.0,binary_small_n_summary.csv
sampling_targeted,binary,Unadjusted,21,K2_npg100_equivalence_power,2,100,200,equivalence,power,0.0,0.05,100000,4999,100000,0.0,0.0,0.0,0.0,binary_small_n_summary.csv
sampling_targeted,binary,Adjusted,1,K2_npg500_superiority_type1,2,500,1000,superiority,type1,0.0,0.05,100000,4999,100000,0.04852,0.04827,0.0002500000000000002,0.025000000000000022,binary_large_n_summary.csv
sampling_targeted,binary,Unadjusted,1,K2_npg500_superiority_type1,2,500,1000,superiority,type1,0.0,0.05,100000,4999,100000,0.04549,0.04537,0.00012000000000000205,0.012000000000000205,binary_large_n_summary.csv
sampling_targeted,binary,Adjusted,2,K2_npg500_superiority_power,2,500,1000,superiority,power,0.1,0.05,100000,4999,100000,0.91617,0.91505,0.0011200000000000099,0.11200000000000099,binary_large_n_summary.csv
sampling_targeted,binary,Unadjusted,2,K2_npg500_superiority_power,2,500,1000,superiority,power,0.1,0.05,100000,4999,100000,0.91067,0.91064,2.999999999997449e-05,0.002999999999997449,binary_large_n_summary.csv
sampling_targeted,binary,Adjusted,3,K2_npg500_noninferiority_type1,2,500,1000,noninferiority,type1,-0.1,0.025,100000,4999,100000,0.0239,0.0235,0.00040000000000000105,0.040000000000000105,binary_large_n_summary.csv
sampling_targeted,binary,Unadjusted,3,K2_npg500_noninferiority_type1,2,500,1000,noninferiority,type1,-0.1,0.025,100000,4999,100000,0.02407,0.02325,0.0008200000000000013,0.08200000000000013,binary_large_n_summary.csv
sampling_targeted,binary,Adjusted,4,K2_npg500_noninferiority_power,2,500,1000,noninferiority,power,0.0,0.025,100000,4999,100000,0.89717,0.89733,-0.00015999999999993797,-0.015999999999993797,binary_large_n_summary.csv
sampling_targeted,binary,Unadjusted,4,K2_npg500_noninferiority_power,2,500,1000,noninferiority,power,0.0,0.025,100000,4999,100000,0.8968,0.89688,-7.999999999996898e-05,-0.007999999999996898,binary_large_n_summary.csv
sampling_targeted,binary,Adjusted,5,K2_npg500_equivalence_type1_lower,2,500,1000,equivalence,type1_lower,-0.1,0.05,100000,4999,100000,0.05003,0.04918,0.0008499999999999966,0.08499999999999966,binary_large_n_summary.csv
sampling_targeted,binary,Unadjusted,5,K2_npg500_equivalence_type1_lower,2,500,1000,equivalence,type1_lower,-0.1,0.05,100000,4999,100000,0.05039,0.04887,0.0015200000000000005,0.15200000000000005,binary_large_n_summary.csv
sampling_targeted,binary,Adjusted,6,K2_npg500_equivalence_type1_upper,2,500,1000,equivalence,type1_upper,0.1,0.05,100000,4999,100000,0.05057,0.04997,0.0005999999999999964,0.05999999999999964,binary_large_n_summary.csv
sampling_targeted,binary,Unadjusted,6,K2_npg500_equivalence_type1_upper,2,500,1000,equivalence,type1_upper,0.1,0.05,100000,4999,100000,0.0505,0.04953,0.0009700000000000056,0.09700000000000056,binary_large_n_summary.csv
sampling_targeted,binary,Adjusted,7,K2_npg500_equivalence_power,2,500,1000,equivalence,power,0.0,0.05,100000,4999,100000,0.89074,0.89106,-0.00031999999999998696,-0.031999999999998696,binary_large_n_summary.csv
sampling_targeted,binary,Unadjusted,7,K2_npg500_equivalence_power,2,500,1000,equivalence,power,0.0,0.05,100000,4999,100000,0.8904,0.89058,-0.000180000000000069,-0.0180000000000069,binary_large_n_summary.csv
sampling_targeted,binary,Adjusted,22,K5_npg200_superiority_type1,5,200,400,superiority,type1,0.0,0.05,100000,4999,100000,0.05078,0.05096,-0.0001799999999999996,-0.01799999999999996,binary_small_n_summary.csv
sampling_targeted,binary,Unadjusted,22,K5_npg200_superiority_type1,5,200,400,superiority,type1,0.0,0.05,100000,4999,100000,0.04575,0.04575,0.0,0.0,binary_small_n_summary.csv
sampling_targeted,binary,Adjusted,23,K5_npg200_superiority_power,5,200,400,superiority,power,0.14,0.05,100000,4999,100000,0.85318,0.85243,0.0007500000000000284,0.07500000000000284,binary_small_n_summary.csv
sampling_targeted,binary,Unadjusted,23,K5_npg200_superiority_power,5,200,400,superiority,power,0.14,0.05,100000,4999,100000,0.83986,0.84027,-0.00040999999999991044,-0.040999999999991044,binary_small_n_summary.csv
sampling_targeted,binary,Adjusted,24,K5_npg200_noninferiority_type1,5,200,400,noninferiority,type1,-0.1,0.025,100000,4999,100000,0.02409,0.02423,-0.00014000000000000123,-0.014000000000000123,binary_small_n_summary.csv
sampling_targeted,binary,Unadjusted,24,K5_npg200_noninferiority_type1,5,200,400,noninferiority,type1,-0.1,0.025,100000,4999,100000,0.02382,0.02385,-2.9999999999998778e-05,-0.0029999999999998778,binary_small_n_summary.csv
sampling_targeted,binary,Adjusted,25,K5_npg200_noninferiority_power,5,200,400,noninferiority,power,0.05,0.025,100000,4999,100000,0.87498,0.87426,0.0007199999999999429,0.07199999999999429,binary_small_n_summary.csv
sampling_targeted,binary,Unadjusted,25,K5_npg200_noninferiority_power,5,200,400,noninferiority,power,0.05,0.025,100000,4999,100000,0.87429,0.87334,0.0009500000000000064,0.09500000000000064,binary_small_n_summary.csv
sampling_targeted,binary,Adjusted,26,K5_npg200_equivalence_type1_lower,5,200,400,equivalence,type1_lower,-0.1,0.05,100000,4999,100000,0.04094,0.04126,-0.00032000000000000084,-0.032000000000000084,binary_small_n_summary.csv
sampling_targeted,binary,Unadjusted,26,K5_npg200_equivalence_type1_lower,5,200,400,equivalence,type1_lower,-0.1,0.05,100000,4999,100000,0.03908,0.04036,-0.0012800000000000034,-0.12800000000000034,binary_small_n_summary.csv
sampling_targeted,binary,Adjusted,27,K5_npg200_equivalence_type1_upper,5,200,400,equivalence,type1_upper,0.1,0.05,100000,4999,100000,0.04397,0.04399,-1.9999999999999185e-05,-0.0019999999999999185,binary_small_n_summary.csv
sampling_targeted,binary,Unadjusted,27,K5_npg200_equivalence_type1_upper,5,200,400,equivalence,type1_upper,0.1,0.05,100000,4999,100000,0.04426,0.04339,0.0008700000000000027,0.08700000000000027,binary_small_n_summary.csv
sampling_targeted,binary,Adjusted,28,K5_npg200_equivalence_power,5,200,400,equivalence,power,0.0,0.05,100000,4999,100000,0.31296,0.31249,0.00047000000000002595,0.047000000000002595,binary_small_n_summary.csv
sampling_targeted,binary,Unadjusted,28,K5_npg200_equivalence_power,5,200,400,equivalence,power,0.0,0.05,100000,4999,100000,0.3082,0.30845,-0.000250000000000028,-0.025000000000002798,binary_small_n_summary.csv
sampling_targeted,binary,Adjusted,8,K5_npg1000_superiority_type1,5,1000,2000,superiority,type1,0.0,0.05,100000,4999,100000,0.04921,0.04924,-3.0000000000002247e-05,-0.0030000000000002247,binary_large_n_summary.csv
sampling_targeted,binary,Unadjusted,8,K5_npg1000_superiority_type1,5,1000,2000,superiority,type1,0.0,0.05,100000,4999,100000,0.04666,0.04704,-0.0003799999999999984,-0.03799999999999984,binary_large_n_summary.csv
sampling_targeted,binary,Adjusted,9,K5_npg1000_superiority_power,5,1000,2000,superiority,power,0.07,0.05,100000,4999,100000,0.90449,0.90415,0.00034000000000000696,0.034000000000000696,binary_large_n_summary.csv
sampling_targeted,binary,Unadjusted,9,K5_npg1000_superiority_power,5,1000,2000,superiority,power,0.07,0.05,100000,4999,100000,0.90048,0.90027,0.00020999999999993246,0.020999999999993246,binary_large_n_summary.csv
sampling_targeted,binary,Adjusted,10,K5_npg1000_noninferiority_type1,5,1000,2000,noninferiority,type1,-0.1,0.025,100000,4999,100000,0.0248,0.02499,-0.0001899999999999992,-0.01899999999999992,binary_large_n_summary.csv
sampling_targeted,binary,Unadjusted,10,K5_npg1000_noninferiority_type1,5,1000,2000,noninferiority,type1,-0.1,0.025,100000,4999,100000,0.02448,0.02473,-0.0002500000000000002,-0.025000000000000022,binary_large_n_summary.csv
sampling_targeted,binary,Adjusted,11,K5_npg1000_noninferiority_power,5,1000,2000,noninferiority,power,-0.03,0.025,100000,4999,100000,0.89218,0.89194,0.00024000000000001798,0.024000000000001798,binary_large_n_summary.csv
sampling_targeted,binary,Unadjusted,11,K5_npg1000_noninferiority_power,5,1000,2000,noninferiority,power,-0.03,0.025,100000,4999,100000,0.89274,0.89154,0.0011999999999999789,0.11999999999999789,binary_large_n_summary.csv
sampling_targeted,binary,Adjusted,12,K5_npg1000_equivalence_type1_lower,5,1000,2000,equivalence,type1_lower,-0.1,0.05,100000,4999,100000,0.0472,0.04752,-0.00032000000000000084,-0.032000000000000084,binary_large_n_summary.csv
sampling_targeted,binary,Unadjusted,12,K5_npg1000_equivalence_type1_lower,5,1000,2000,equivalence,type1_lower,-0.1,0.05,100000,4999,100000,0.04636,0.04714,-0.0007800000000000029,-0.07800000000000029,binary_large_n_summary.csv
sampling_targeted,binary,Adjusted,13,K5_npg1000_equivalence_type1_upper,5,1000,2000,equivalence,type1_upper,0.1,0.05,100000,4999,100000,0.0497,0.04966,3.999999999999837e-05,0.003999999999999837,binary_large_n_summary.csv
sampling_targeted,binary,Unadjusted,13,K5_npg1000_equivalence_type1_upper,5,1000,2000,equivalence,type1_upper,0.1,0.05,100000,4999,100000,0.04983,0.04952,0.0003099999999999978,0.030999999999999778,binary_large_n_summary.csv
sampling_targeted,binary,Adjusted,14,K5_npg1000_equivalence_power,5,1000,2000,equivalence,power,0.04,0.05,100000,4999,100000,0.87247,0.87257,-9.999999999998899e-05,-0.009999999999998899,binary_large_n_summary.csv
sampling_targeted,binary,Unadjusted,14,K5_npg1000_equivalence_power,5,1000,2000,equivalence,power,0.04,0.05,100000,4999,100000,0.87218,0.87219,-1.0000000000065512e-05,-0.0010000000000065512,binary_large_n_summary.csv
sampling_targeted,continuous,Adjusted,1,K2_npg100_superiority_type1,2,100,200,superiority,type1,0.0,0.05,100000,4999,100000,0.04865,0.04878,-0.00012999999999999817,-0.012999999999999817,continuous_adjusted_summary.csv
sampling_targeted,continuous,Unadjusted,1,K2_npg100_superiority_type1,2,100,200,superiority,type1,0.0,0.05,100000,4999,100000,0.04877,0.04899,-0.00021999999999999797,-0.021999999999999797,continuous_unadjusted_summary.csv
sampling_targeted,continuous,Adjusted,2,K2_npg100_superiority_power,2,100,200,superiority,power,0.43,0.05,100000,4999,100000,0.85498,0.85437,0.0006099999999999994,0.06099999999999994,continuous_adjusted_summary.csv
sampling_targeted,continuous,Unadjusted,2,K2_npg100_superiority_power,2,100,200,superiority,power,0.43,0.05,100000,4999,100000,0.85198,0.85171,0.00026999999999999247,0.026999999999999247,continuous_unadjusted_summary.csv
sampling_targeted,continuous,Adjusted,3,K2_npg100_noninferiority_type1,2,100,200,noninferiority,type1,-0.2,0.025,100000,4999,100000,0.02441,0.02445,-3.999999999999837e-05,-0.003999999999999837,continuous_adjusted_summary.csv
sampling_targeted,continuous,Unadjusted,3,K2_npg100_noninferiority_type1,2,100,200,noninferiority,type1,-0.2,0.025,100000,4999,100000,0.0244,0.02459,-0.0001899999999999992,-0.01899999999999992,continuous_unadjusted_summary.csv
sampling_targeted,continuous,Adjusted,4,K2_npg100_noninferiority_power,2,100,200,noninferiority,power,0.23,0.025,100000,4999,100000,0.85412,0.85374,0.00037999999999993594,0.037999999999993594,continuous_adjusted_summary.csv
sampling_targeted,continuous,Unadjusted,4,K2_npg100_noninferiority_power,2,100,200,noninferiority,power,0.23,0.025,100000,4999,100000,0.85136,0.85055,0.0008099999999999774,0.08099999999999774,continuous_unadjusted_summary.csv
sampling_targeted,continuous,Adjusted,5,K2_npg100_equivalence_type1_lower,2,100,200,equivalence,type1_lower,-0.45,0.05,100000,4999,100000,0.04917,0.04939,-0.00022000000000000491,-0.02200000000000049,continuous_adjusted_summary.csv
sampling_targeted,continuous,Unadjusted,5,K2_npg100_equivalence_type1_lower,2,100,200,equivalence,type1_lower,-0.45,0.05,100000,4999,100000,0.04894,0.04897,-3.0000000000002247e-05,-0.0030000000000002247,continuous_unadjusted_summary.csv
sampling_targeted,continuous,Adjusted,6,K2_npg100_equivalence_type1_upper,2,100,200,equivalence,type1_upper,0.45,0.05,100000,4999,100000,0.04958,0.04943,0.00014999999999999736,0.014999999999999736,continuous_adjusted_summary.csv
sampling_targeted,continuous,Unadjusted,6,K2_npg100_equivalence_type1_upper,2,100,200,equivalence,type1_upper,0.45,0.05,100000,4999,100000,0.04986,0.04951,0.0003500000000000031,0.03500000000000031,continuous_unadjusted_summary.csv
sampling_targeted,continuous,Adjusted,7,K2_npg100_equivalence_power,2,100,200,equivalence,power,0.0,0.05,100000,4999,100000,0.87285,0.87175,0.0010999999999999899,0.10999999999999899,continuous_adjusted_summary.csv
sampling_targeted,continuous,Unadjusted,7,K2_npg100_equivalence_power,2,100,200,equivalence,power,0.0,0.05,100000,4999,100000,0.86961,0.86905,0.0005600000000000049,0.056000000000000494,continuous_unadjusted_summary.csv
sampling_targeted,continuous,Adjusted,8,K2_npg500_superiority_type1,2,500,1000,superiority,type1,0.0,0.05,100000,4999,100000,0.04868,0.04875,-7.000000000000062e-05,-0.007000000000000062,continuous_adjusted_summary.csv
sampling_targeted,continuous,Unadjusted,8,K2_npg500_superiority_type1,2,500,1000,superiority,type1,0.0,0.05,100000,4999,100000,0.04888,0.04881,7.000000000000062e-05,0.007000000000000062,continuous_unadjusted_summary.csv
sampling_targeted,continuous,Adjusted,9,K2_npg500_superiority_power,2,500,1000,superiority,power,0.19,0.05,100000,4999,100000,0.84804,0.84777,0.00026999999999999247,0.026999999999999247,continuous_adjusted_summary.csv
sampling_targeted,continuous,Unadjusted,9,K2_npg500_superiority_power,2,500,1000,superiority,power,0.19,0.05,100000,4999,100000,0.84778,0.84754,0.00024000000000001798,0.024000000000001798,continuous_unadjusted_summary.csv
sampling_targeted,continuous,Adjusted,10,K2_npg500_noninferiority_type1,2,500,1000,noninferiority,type1,-0.2,0.025,100000,4999,100000,0.0252,0.0254,-0.0001999999999999988,-0.01999999999999988,continuous_adjusted_summary.csv
sampling_targeted,continuous,Unadjusted,10,K2_npg500_noninferiority_type1,2,500,1000,noninferiority,type1,-0.2,0.025,100000,4999,100000,0.02519,0.02527,-8.000000000000021e-05,-0.008000000000000021,continuous_unadjusted_summary.csv
sampling_targeted,continuous,Adjusted,11,K2_npg500_noninferiority_power,2,500,1000,noninferiority,power,-0.01,0.025,100000,4999,100000,0.84992,0.84955,0.00036999999999998145,0.036999999999998145,continuous_adjusted_summary.csv
sampling_targeted,continuous,Unadjusted,11,K2_npg500_noninferiority_power,2,500,1000,noninferiority,power,-0.01,0.025,100000,4999,100000,0.84946,0.84926,0.00019999999999997797,0.019999999999997797,continuous_unadjusted_summary.csv
sampling_targeted,continuous,Adjusted,12,K2_npg500_equivalence_type1_lower,2,500,1000,equivalence,type1_lower,-0.45,0.05,100000,4999,100000,0.05035,0.05002,0.00032999999999999696,0.032999999999999696,continuous_adjusted_summary.csv
sampling_targeted,continuous,Unadjusted,12,K2_npg500_equivalence_type1_lower,2,500,1000,equivalence,type1_lower,-0.45,0.05,100000,4999,100000,0.05016,0.05013,3.0000000000002247e-05,0.0030000000000002247,continuous_unadjusted_summary.csv
sampling_targeted,continuous,Adjusted,13,K2_npg500_equivalence_type1_upper,2,500,1000,equivalence,type1_upper,0.45,0.05,100000,4999,100000,0.04901,0.04921,-0.0001999999999999988,-0.01999999999999988,continuous_adjusted_summary.csv
sampling_targeted,continuous,Unadjusted,13,K2_npg500_equivalence_type1_upper,2,500,1000,equivalence,type1_upper,0.45,0.05,100000,4999,100000,0.04934,0.04919,0.0001500000000000043,0.01500000000000043,continuous_unadjusted_summary.csv
sampling_targeted,continuous,Adjusted,14,K2_npg500_equivalence_power,2,500,1000,equivalence,power,0.28,0.05,100000,4999,100000,0.84871,0.84854,0.00017000000000000348,0.017000000000000348,continuous_adjusted_summary.csv
sampling_targeted,continuous,Unadjusted,14,K2_npg500_equivalence_power,2,500,1000,equivalence,power,0.28,0.05,100000,4999,100000,0.84831,0.84812,0.00019000000000002348,0.01900000000000235,continuous_unadjusted_summary.csv
sampling_targeted,continuous,Adjusted,15,K5_npg200_superiority_type1,5,200,400,superiority,type1,0.0,0.05,100000,4999,100000,0.04992,0.04973,0.00018999999999999573,0.018999999999999573,continuous_adjusted_summary.csv
sampling_targeted,continuous,Unadjusted,15,K5_npg200_superiority_type1,5,200,400,superiority,type1,0.0,0.05,100000,4999,100000,0.04893,0.04948,-0.0005500000000000019,-0.05500000000000019,continuous_unadjusted_summary.csv
sampling_targeted,continuous,Adjusted,16,K5_npg200_superiority_power,5,200,400,superiority,power,0.3,0.05,100000,4999,100000,0.84714,0.84647,0.0006700000000000594,0.06700000000000594,continuous_adjusted_summary.csv
sampling_targeted,continuous,Unadjusted,16,K5_npg200_superiority_power,5,200,400,superiority,power,0.3,0.05,100000,4999,100000,0.84181,0.84316,-0.0013500000000000734,-0.13500000000000734,continuous_unadjusted_summary.csv
sampling_targeted,continuous,Adjusted,17,K5_npg200_noninferiority_type1,5,200,400,noninferiority,type1,-0.2,0.025,100000,4999,100000,0.02527,0.02519,8.000000000000021e-05,0.008000000000000021,continuous_adjusted_summary.csv
sampling_targeted,continuous,Unadjusted,17,K5_npg200_noninferiority_type1,5,200,400,noninferiority,type1,-0.2,0.025,100000,4999,100000,0.0248,0.02516,-0.0003599999999999992,-0.03599999999999992,continuous_unadjusted_summary.csv
sampling_targeted,continuous,Adjusted,18,K5_npg200_noninferiority_power,5,200,400,noninferiority,power,0.1,0.025,100000,4999,100000,0.84794,0.84753,0.00041000000000002146,0.041000000000002146,continuous_adjusted_summary.csv
sampling_targeted,continuous,Unadjusted,18,K5_npg200_noninferiority_power,5,200,400,noninferiority,power,0.1,0.025,100000,4999,100000,0.84279,0.84365,-0.0008599999999999719,-0.08599999999999719,continuous_unadjusted_summary.csv
sampling_targeted,continuous,Adjusted,19,K5_npg200_equivalence_type1_lower,5,200,400,equivalence,type1_lower,-0.45,0.05,100000,4999,100000,0.04984,0.04986,-1.9999999999999185e-05,-0.0019999999999999185,continuous_adjusted_summary.csv
sampling_targeted,continuous,Unadjusted,19,K5_npg200_equivalence_type1_lower,5,200,400,equivalence,type1_lower,-0.45,0.05,100000,4999,100000,0.04902,0.04959,-0.0005700000000000011,-0.057000000000000106,continuous_unadjusted_summary.csv
sampling_targeted,continuous,Adjusted,20,K5_npg200_equivalence_type1_upper,5,200,400,equivalence,type1_upper,0.45,0.05,100000,4999,100000,0.04954,0.04967,-0.00012999999999999817,-0.012999999999999817,continuous_adjusted_summary.csv
sampling_targeted,continuous,Unadjusted,20,K5_npg200_equivalence_type1_upper,5,200,400,equivalence,type1_upper,0.45,0.05,100000,4999,100000,0.04893,0.04951,-0.0005799999999999972,-0.05799999999999972,continuous_unadjusted_summary.csv
sampling_targeted,continuous,Adjusted,21,K5_npg200_equivalence_power,5,200,400,equivalence,power,0.18,0.05,100000,4999,100000,0.85137,0.85062,0.0007499999999999174,0.07499999999999174,continuous_adjusted_summary.csv
sampling_targeted,continuous,Unadjusted,21,K5_npg200_equivalence_power,5,200,400,equivalence,power,0.18,0.05,100000,4999,100000,0.84667,0.84754,-0.0008699999999999264,-0.08699999999999264,continuous_unadjusted_summary.csv
sampling_targeted,continuous,Adjusted,22,K5_npg1000_superiority_type1,5,1000,2000,superiority,type1,0.0,0.05,100000,4999,100000,0.05011,0.05002,8.99999999999998e-05,0.00899999999999998,continuous_adjusted_summary.csv
sampling_targeted,continuous,Unadjusted,22,K5_npg1000_superiority_type1,5,1000,2000,superiority,type1,0.0,0.05,100000,4999,100000,0.0502,0.05007,0.00012999999999999817,0.012999999999999817,continuous_unadjusted_summary.csv
sampling_targeted,continuous,Adjusted,23,K5_npg1000_superiority_power,5,1000,2000,superiority,power,0.135,0.05,100000,4999,100000,0.85198,0.85174,0.00023999999999990695,0.023999999999990695,continuous_adjusted_summary.csv
sampling_targeted,continuous,Unadjusted,23,K5_npg1000_superiority_power,5,1000,2000,superiority,power,0.135,0.05,100000,4999,100000,0.85109,0.85134,-0.00024999999999997247,-0.024999999999997247,continuous_unadjusted_summary.csv
sampling_targeted,continuous,Adjusted,24,K5_npg1000_noninferiority_type1,5,1000,2000,noninferiority,type1,-0.2,0.025,100000,4999,100000,0.02542,0.02523,0.00019000000000000267,0.019000000000000267,continuous_adjusted_summary.csv
sampling_targeted,continuous,Unadjusted,24,K5_npg1000_noninferiority_type1,5,1000,2000,noninferiority,type1,-0.2,0.025,100000,4999,100000,0.02501,0.02495,6.0000000000001025e-05,0.0060000000000001025,continuous_unadjusted_summary.csv
sampling_targeted,continuous,Adjusted,25,K5_npg1000_noninferiority_power,5,1000,2000,noninferiority,power,-0.065,0.025,100000,4999,100000,0.85524,0.85437,0.0008700000000000374,0.08700000000000374,continuous_adjusted_summary.csv
sampling_targeted,continuous,Unadjusted,25,K5_npg1000_noninferiority_power,5,1000,2000,noninferiority,power,-0.065,0.025,100000,4999,100000,0.85428,0.85384,0.00043999999999999595,0.043999999999999595,continuous_unadjusted_summary.csv
sampling_targeted,continuous,Adjusted,26,K5_npg1000_equivalence_type1_lower,5,1000,2000,equivalence,type1_lower,-0.45,0.05,100000,4999,100000,0.04977,0.04977,0.0,0.0,continuous_adjusted_summary.csv
sampling_targeted,continuous,Unadjusted,26,K5_npg1000_equivalence_type1_lower,5,1000,2000,equivalence,type1_lower,-0.45,0.05,100000,4999,100000,0.04946,0.0499,-0.0004400000000000029,-0.04400000000000029,continuous_unadjusted_summary.csv
sampling_targeted,continuous,Adjusted,27,K5_npg1000_equivalence_type1_upper,5,1000,2000,equivalence,type1_upper,0.45,0.05,100000,4999,100000,0.05115,0.05108,7.000000000000062e-05,0.007000000000000062,continuous_adjusted_summary.csv
sampling_targeted,continuous,Unadjusted,27,K5_npg1000_equivalence_type1_upper,5,1000,2000,equivalence,type1_upper,0.45,0.05,100000,4999,100000,0.05092,0.05122,-0.00030000000000000165,-0.030000000000000165,continuous_unadjusted_summary.csv
sampling_targeted,continuous,Adjusted,28,K5_npg1000_equivalence_power,5,1000,2000,equivalence,power,0.33,0.05,100000,4999,100000,0.84843,0.84819,0.00024000000000001798,0.024000000000001798,continuous_adjusted_summary.csv
sampling_targeted,continuous,Unadjusted,28,K5_npg1000_equivalence_power,5,1000,2000,equivalence,power,0.33,0.05,100000,4999,100000,0.84746,0.84775,-0.00029000000000001247,-0.029000000000001247,continuous_unadjusted_summary.csv
