scenario_id,scenario_label,set,design_id,design_label,factor_count,total_n,pbc,profile_type,outcome_type,model_type,direction,boundary,alpha,achieved_effect,pair_ratio_model,pair_scalar_gap_model,n_outer,rerandomizations_per_trial,allocation_calibration_paths,mean_realized_pair_scalar_gap,mean_observed_treated,data_generation_minutes,score_construction_minutes,siga_analysis_minutes,rt_analysis_minutes,analysis,siga_s,siga_s_lower_95,siga_s_upper_95,siga_r,siga_r_lower_95,siga_r_upper_95,rt,rt_lower_95,rt_upper_95,difference_siga_s_minus_rt,difference_siga_s_minus_rt_se,difference_siga_s_minus_rt_lower_95,difference_siga_s_minus_rt_upper_95,difference_siga_r_minus_rt,difference_siga_r_minus_rt_se,difference_siga_r_minus_rt_lower_95,difference_siga_r_minus_rt_upper_95,mean_variance_s,mean_variance_r,mean_variance_rt,mean_variance_ratio_r_over_s,mean_variance_ratio_s_over_rt,mean_variance_ratio_r_over_rt,median_variance_ratio_r_over_s,predicted_rt_size_from_mean_ratio,mean_abs_p_difference_siga_s_rt,mean_abs_p_difference_siga_r_rt,p95_abs_p_difference_siga_s_rt,p95_abs_p_difference_siga_r_rt,kappa_raw_mean,kappa_truncation_rate,randomization_variance_truncation_rate,difference_siga_s_minus_rt_pp,difference_siga_r_minus_rt_pp
1,D1_continuous_homogeneous_zero,core,1,K2_n200_p080_independent,2,200,0.8,independent,continuous,homogeneous,zero,-0.2,0.025,-0.2,1.0,0.0,100000,4999,100000,0.0,100.00104,5.3208500000025,0.544650000000134,0.7067999999998,195.073266666649,adjusted,0.02564,0.024678430295907,0.0266380129922628,0.02564,0.024678430295907,0.0266380129922628,0.0258,0.0248354536729501,0.0268009773230236,-0.0001600000000001,0.0001593737682305,-0.0004723668458124,0.000152366845812,-0.0001600000000001,0.0001593737682305,-0.0004723668458124,0.000152366845812,50.1691977099396,50.1691977099396,50.1648628110924,1.0,1.00259821384577,1.00259821384577,1.0,0.025,0.0055085275909123,0.0055085275909123,0.0141194333351809,0.0141194333351809,1.01466559173882,0,0,-0.01600000000001,-0.01600000000001
1,D1_continuous_homogeneous_zero,core,1,K2_n200_p080_independent,2,200,0.8,independent,continuous,homogeneous,zero,-0.2,0.025,-0.2,1.0,0.0,100000,4999,100000,0.0,100.00104,5.3208500000025,0.544650000000134,0.7067999999998,195.073266666649,unadjusted,0.02565,0.0246882439637852,0.0266481985561223,0.02565,0.0246882439637852,0.0266481985561223,0.02591,0.0249434130213332,0.0269130095237558,-0.0002599999999998,0.0001655282392706,-0.0005844293873946,6.44293873949533e-05,-0.0002599999999998,0.0001655282392706,-0.0005844293873946,6.44293873949533e-05,50.6003821756211,50.6003821756211,50.5709967740687,1.0,1.00312189903805,1.00312189903805,1.0,0.025,0.0055143570114459,0.0055143570114459,0.0141353401993176,0.0141353401993176,1.01466559173882,0,0,-0.02599999999998,-0.02599999999998
2,D1_continuous_pure_symmetric_max_ratio,core,1,K2_n200_p080_independent,2,200,0.8,independent,continuous,pure_symmetric,max_ratio,-0.2,0.025,-0.2,1.06603129467381,0.0272223040607585,100000,4999,100000,0.0270800726655381,100.00054,5.88980000000342,0.545283333333309,0.747566666666347,186.770083333306,adjusted,0.02149,0.020609439622575,0.0224073224944293,0.02118,0.0203058145692467,0.0220909713638873,0.01954,0.0187003963679444,0.0204165155601989,0.0019499999999999,0.0001651128330036,0.0016263847939274,0.0022736152060723,0.0016399999999999,0.0001782510076668,0.001290634444765,0.0019893655552348,5.32664244816492,5.66514335648415,5.58239769017398,1.06699880027505,0.956364024729851,1.02055466631862,1.06445953446402,0.02145642520555,0.0064678223605439,0.006819890321226,0.0162160372625653,0.0172554777498735,1.01466559173882,0,0,0.19499999999999,0.16399999999999
2,D1_continuous_pure_symmetric_max_ratio,core,1,K2_n200_p080_independent,2,200,0.8,independent,continuous,pure_symmetric,max_ratio,-0.2,0.025,-0.2,1.06603129467381,0.0272223040607585,100000,4999,100000,0.0270800726655381,100.00054,5.88980000000342,0.545283333333309,0.747566666666347,186.770083333306,unadjusted,0.02158,0.0206975980181111,0.0224991571845329,0.02127,0.0203939586897954,0.0221828203289783,0.01954,0.0187003963679444,0.0204165155601989,0.0020400000000002,0.0001666093082232,0.0017134517563935,0.0023665482436069,0.00173,0.0001813019572536,0.0013746546934562,0.0020853453065438,5.32790787112075,5.66640877943998,5.5840725120781,1.06698675819935,0.956298558530864,1.02046747714277,1.06443827388317,0.0214570122942845,0.0064734316145515,0.0068146119259342,0.016192335379503,0.017231991038558,1.01466559173882,0,0,0.20400000000002,0.173
3,D1_continuous_realistic_max_ratio,core,1,K2_n200_p080_independent,2,200,0.8,independent,continuous,realistic,max_ratio,-0.2,0.025,-0.2,1.06603129467381,0.0068055760151896,100000,4999,100000,0.006838051225837,99.99939,5.52231666666858,0.55234999999999,0.731433333333214,190.931733333326,adjusted,0.02456,0.0236187898146719,0.0255377364458211,0.02446,0.0235206991288214,0.0254358348142941,0.02486,0.0239130868310157,0.0258434163816097,-0.0003000000000002,0.000166731454722,-0.0006267876463454,2.67876463449729e-05,-0.0003999999999996,0.0001673280609666,-0.0007279569730972,-7.20430269019951e-05,52.9520960131184,53.0375716534414,53.0120594016031,1.00163247998383,1.00139946396282,1.00303443281759,1.00162530486162,0.024906684003079,0.0055422138370575,0.0055353328405259,0.0142131793722077,0.0142084291259408,1.01466559173882,0,0,-0.03000000000002,-0.03999999999996
3,D1_continuous_realistic_max_ratio,core,1,K2_n200_p080_independent,2,200,0.8,independent,continuous,realistic,max_ratio,-0.2,0.025,-0.2,1.06603129467381,0.0068055760151896,100000,4999,100000,0.006838051225837,99.99939,5.52231666666858,0.55234999999999,0.731433333333214,190.931733333326,unadjusted,0.02466,0.0237168846767658,0.0256396339011046,0.02463,0.0236874557811083,0.0256090651015489,0.02458,0.0236384084537861,0.0255581162701823,7.99999999999534e-05,0.0001655300879058,-0.0002444330106531,0.000404433010653,5.00000000000525e-05,0.0001652278669065,-0.000273840668379,0.0003738406683791,53.5623213576475,53.6477969979705,53.583807321698,1.00161252498454,1.00215663918666,1.00377376067539,1.0016073550653,0.0249078224485328,0.0055696189432373,0.0055650409913237,0.0142510900681948,0.0142437910425328,1.01466559173882,0,0,0.00799999999999534,0.00500000000000525
4,D1_binary_homogeneous_zero,core,1,K2_n200_p080_independent,2,200,0.8,independent,binary,homogeneous,zero,-0.1,0.025,-0.1,1.0,0.0,100000,4999,100000,0.0,100.00136,5.15010000000235,0.50698333333337,0.659449999999984,185.947683333317,adjusted,0.02392,0.0229910826675903,0.0248854927616867,0.02392,0.0229910826675903,0.0248854927616867,0.02339,0.0224713969900561,0.0243452191571203,0.0005299999999999,0.0001652194418783,0.0002061758443724,0.0008538241556274,0.0005299999999999,0.0001652194418783,0.0002061758443724,0.0008538241556274,12.0935178377278,12.0935178377278,12.0946217132183,1.0,1.00242241521354,1.00242241521354,1.0,0.025,0.0055632888198622,0.0055632888198622,0.0142586691555887,0.0142586691555887,1.01466559173882,0,0,0.05299999999999,0.05299999999999
4,D1_binary_homogeneous_zero,core,1,K2_n200_p080_independent,2,200,0.8,independent,binary,homogeneous,zero,-0.1,0.025,-0.1,1.0,0.0,100000,4999,100000,0.0,100.00136,5.15010000000235,0.50698333333337,0.659449999999984,185.947683333317,unadjusted,0.02481,0.0238640347463362,0.0257924723076005,0.02481,0.0238640347463362,0.0257924723076005,0.02326,0.0223439460018385,0.0242126801327472,0.00155,0.0001802118191546,0.0011967913248685,0.0019032086751314,0.00155,0.0001802118191546,0.0011967913248685,0.0019032086751314,12.1073107808183,12.1073107808183,12.1075776786134,1.0,1.00249549883246,1.00249549883246,1.0,0.025,0.0060093591948494,0.0060093591948494,0.0154435452941261,0.0154435452941261,1.01466559173882,0,0,0.155,0.155
5,D1_binary_symmetric_stress_max_ratio,core,1,K2_n200_p080_independent,2,200,0.8,independent,binary,symmetric_stress,max_ratio,-0.1,0.025,-0.1,1.06603129467381,0.0174222745988854,100000,4999,100000,0.0173717609689041,100.00202,5.5323166666691,0.515583333333342,0.684216666666686,186.066016666638,adjusted,0.02259,0.0216872058047299,0.0235294718034267,0.02227,0.0213736130543327,0.0232030891382159,0.02271,0.0218048156006088,0.0236518527884008,-0.00012,0.0001760686400288,-0.0004650881932635,0.0002250881932635,-0.00044,0.0001788809212402,-0.0007906001631523,-8.93998368477312e-05,12.3992000135371,12.6163470256484,12.5622269564151,1.01757832110506,0.989334925481189,1.00674794578619,1.01765443838201,0.0240142949608533,0.0056092741689025,0.0056437063072322,0.0144372519473797,0.01448620777896,1.01466559173882,0,0,-0.012,-0.044000000000000004
5,D1_binary_symmetric_stress_max_ratio,core,1,K2_n200_p080_independent,2,200,0.8,independent,binary,symmetric_stress,max_ratio,-0.1,0.025,-0.1,1.06603129467381,0.0174222745988854,100000,4999,100000,0.0173717609689041,100.00202,5.5323166666691,0.515583333333342,0.684216666666686,186.066016666638,unadjusted,0.0226,0.021697006362196,0.0235396704776983,0.02184,0.0209523007033034,0.022764434524522,0.02243,0.021530403324979,0.0233662865753735,0.0001699999999998,0.0001797221021474,-0.0001822488474349,0.0005222488474346,-0.0005899999999998,0.0001884061410059,-0.0009592692508376,-0.0002207307491619,12.4046802168707,12.621827228982,12.5677484432631,1.01757055979562,0.989337145659538,1.00674233394236,1.01764693772687,0.0240147210082811,0.0059999232817416,0.006084524946218,0.0154139422782524,0.0155498039798319,1.01466559173882,0,0,0.01699999999998,-0.05899999999998
6,D1_binary_common_log_odds_common_log_odds,core,1,K2_n200_p080_independent,2,200,0.8,independent,binary,common_log_odds,common_log_odds,-0.1,0.025,-0.1,1.05935084743398,2.42662112610026e-07,100000,4999,100000,2.42939499487854e-07,100.00064,5.55988333333566,0.506133333333325,0.66363333333333,189.200149999984,adjusted,0.02444,0.0235010814949943,0.0254154539846456,0.02444,0.0235010814949943,0.0254154539846456,0.02384,0.0229126316348343,0.0248039499405407,0.0005999999999999,0.0001691055468246,0.0002685592186376,0.0009314407813623,0.0005999999999999,0.0001691055468246,0.0002685592186376,0.0009314407813623,12.0882999097931,12.0883029465368,12.0886625355379,1.00000025139306,1.00247678290252,1.00247703488706,1.00000025095537,0.024999985601438,0.0055534779303542,0.0055534774742957,0.0142637469430993,0.0142637237793562,1.01466559173882,0,0,0.05999999999999,0.05999999999999
6,D1_binary_common_log_odds_common_log_odds,core,1,K2_n200_p080_independent,2,200,0.8,independent,binary,common_log_odds,common_log_odds,-0.1,0.025,-0.1,1.05935084743398,2.42662112610026e-07,100000,4999,100000,2.42939499487854e-07,100.00064,5.55988333333566,0.506133333333325,0.66363333333333,189.200149999984,unadjusted,0.0253,0.0243447890699197,0.0262916803391666,0.0253,0.0243447890699197,0.0262916803391666,0.0236,0.0226772953415828,0.0245593046720864,0.0017000000000001,0.0001782453862353,0.0013506454625685,0.0020493545374318,0.0017000000000001,0.0001782453862353,0.0013506454625685,0.0020493545374318,12.1023841916429,12.1023872283867,12.1018883615461,1.00000025107343,1.00255101740008,1.00255126910004,1.00000025069203,0.0249999856197444,0.0059770880012723,0.0059770876709455,0.0153091987599636,0.015309160760431,1.01466559173882,0,0,0.17000000000001,0.17000000000001
7,D2_continuous_homogeneous_zero,core,2,K5_n400_p080_independent,5,400,0.8,independent,continuous,homogeneous,zero,-0.2,0.025,-0.2,1.0,0.0,100000,4999,100000,0.0,199.99875,17.6222666666569,0.517949999999993,0.717666666666701,526.390016666677,adjusted,0.02444,0.0235010814949943,0.0254154539846456,0.02444,0.0235010814949943,0.0254154539846456,0.02447,0.0235305080087655,0.0254460251660877,-2.99999999999238e-05,0.0001466294854457,-0.0003173885105451,0.0002573885105453,-2.99999999999238e-05,0.0001466294854457,-0.0003173885105451,0.0002573885105453,100.163024836365,100.163024836365,100.247832482143,1.0,1.0003835422798,1.0003835422798,1.0,0.025,0.004905917417552,0.004905917417552,0.012721086323663,0.012721086323663,1.01892341755441,0,0,-0.0029999999999923803,-0.0029999999999923803
7,D2_continuous_homogeneous_zero,core,2,K5_n400_p080_independent,5,400,0.8,independent,continuous,homogeneous,zero,-0.2,0.025,-0.2,1.0,0.0,100000,4999,100000,0.0,199.99875,17.6222666666569,0.517949999999993,0.717666666666701,526.390016666677,unadjusted,0.02393,0.0230008892422914,0.0248956854187235,0.02393,0.0230008892422914,0.0248956854187235,0.02449,0.0235501258945895,0.0254664057437392,-0.0005599999999999,0.0001462774007519,-0.0008466984372259,-0.0002733015627739,-0.0005599999999999,0.0001462774007519,-0.0008466984372259,-0.0002733015627739,102.102767461165,102.102767461165,101.420523480432,1.0,1.00800644786664,1.00800644786664,1.0,0.025,0.0049191808471015,0.0049191808471015,0.0127495101328388,0.0127495101328388,1.01892341755441,0,0,-0.05599999999999,-0.05599999999999
8,D2_continuous_pure_symmetric_min_ratio,core,2,K5_n400_p080_independent,5,400,0.8,independent,continuous,pure_symmetric,min_ratio,-0.2,0.025,-0.2,0.980081095939282,-0.0003236152379968,100000,4999,100000,-0.0003176492164496,200.00343,17.7831999999931,0.536716666666669,0.74640000000001,523.75191666663,adjusted,0.02662,0.0256403527279605,0.0276360152705086,0.03023,0.029186701795901,0.0313093888598953,0.02338,0.0224615927979817,0.024335024117457,0.00324,0.0001946674162615,0.0028584588751639,0.0036215411248361,0.0068499999999999,0.0002987167007664,0.006264526024917,0.0074354739750828,0.620707857578186,0.612766627166944,0.655114250233573,0.99818115761684,0.950064883818546,0.949827417878422,0.998507561563267,0.0251044041102437,0.0069045653303888,0.0110983464310891,0.0174616045930891,0.0304623115221792,1.01894419379472,0,0,0.32399999999999995,0.68499999999999
8,D2_continuous_pure_symmetric_min_ratio,core,2,K5_n400_p080_independent,5,400,0.8,independent,continuous,pure_symmetric,min_ratio,-0.2,0.025,-0.2,0.980081095939282,-0.0003236152379968,100000,4999,100000,-0.0003176492164496,200.00343,17.7831999999931,0.536716666666669,0.74640000000001,523.75191666663,unadjusted,0.02661,0.0256305353588703,0.0276258334078611,0.03029,0.0292456799444999,0.0313704061017228,0.02347,0.0225498321389914,0.024426777862087,0.0031399999999999,0.0001941694646897,0.0027594348423106,0.0035205651576892,0.0068199999999996,0.000294169579252,0.0062434382193183,0.0073965617806809,0.622636966644312,0.61469573623307,0.656605535515253,0.99824958283697,0.950830698247566,0.950601568430432,0.99851211088939,0.0251004680772963,0.0068834334313977,0.0110590936292779,0.0174351530059558,0.030291343053067,1.01894419379472,0,0,0.31399999999998995,0.68199999999996
9,D2_continuous_pure_symmetric_max_ratio,core,2,K5_n400_p080_independent,5,400,0.8,independent,continuous,pure_symmetric,max_ratio,-0.2,0.025,-0.2,1.04458658368594,0.003338782981684,100000,4999,100000,0.0033238788032387,199.99818,17.8644833333226,0.52009999999999,0.724783333333351,522.962750000017,adjusted,0.02661,0.0256305353588703,0.0276258334078611,0.02257,0.0216676048314196,0.0235090743132615,0.02485,0.0239032763319277,0.02583322764896,0.0017599999999997,0.0001617692359283,0.0014429381237735,0.0020770618762259,-0.0022799999999997,0.0002003707001639,-0.0026727193558782,-0.0018872806441212,2.1001259968599,2.18322296694087,2.17845884388338,1.0436787916013,0.965317450120384,1.00764607107515,1.04160574693098,0.0226256500730876,0.0057210461619495,0.0067509092454009,0.0143951735512103,0.0172004928408483,1.01894309532226,0,0,0.17599999999996999,-0.22799999999996998
9,D2_continuous_pure_symmetric_max_ratio,core,2,K5_n400_p080_independent,5,400,0.8,independent,continuous,pure_symmetric,max_ratio,-0.2,0.025,-0.2,1.04458658368594,0.003338782981684,100000,4999,100000,0.0033238788032387,199.99818,17.8644833333226,0.52009999999999,0.724783333333351,522.962750000017,unadjusted,0.02612,0.0251495301848721,0.0271268762267096,0.02201,0.0211188552369483,0.0229378669304189,0.02425,0.0233147223936474,0.0252218276829753,0.0018699999999999,0.0001576872843727,0.0015609386018094,0.0021790613981904,-0.0022399999999997,0.0002008736605489,-0.0026337051401183,-0.0018462948598812,2.10341014973908,2.18650711982005,2.18100776304641,1.04363958744477,0.965672744468295,1.00794934547254,1.04155685344555,0.0226276712293708,0.0057177264858043,0.006737312236443,0.0143732251110552,0.0171321841232195,1.01894309532226,0,0,0.18699999999999,-0.22399999999997
10,D2_continuous_realistic_max_ratio,core,2,K5_n400_p080_independent,5,400,0.8,independent,continuous,realistic,max_ratio,-0.2,0.025,-0.2,1.04458658368594,0.0008346957454209,100000,4999,100000,0.0008352729968946,200.00029,18.0385666666597,0.519716666666744,0.772400000000026,525.473333333338,adjusted,0.0247,0.0237561237854038,0.0256803917194176,0.02469,0.0237463139460579,0.0256702023270258,0.02515,0.0241976090544498,0.0261388718785703,-0.0004499999999998,0.0001506592246826,-0.0007452866543166,-0.0001547133456831,-0.0004599999999997,0.0001509904367206,-0.0007559358179822,-0.0001640641820173,103.75378269008,103.774664515003,103.866412691985,1.00020231117421,1.00013826933134,1.00034062201211,1.00021047726838,0.0249884154409465,0.0048955928636255,0.0048949335441331,0.0127212872306543,0.0127190504445889,1.01893731002199,0,0,-0.04499999999998,-0.04599999999997
10,D2_continuous_realistic_max_ratio,core,2,K5_n400_p080_independent,5,400,0.8,independent,continuous,realistic,max_ratio,-0.2,0.025,-0.2,1.04458658368594,0.0008346957454209,100000,4999,100000,0.0008352729968946,200.00029,18.0385666666597,0.519716666666744,0.772400000000026,525.473333333338,unadjusted,0.02449,0.0235501258945895,0.0254664057437392,0.02449,0.0235501258945895,0.0254664057437392,0.02503,0.0240798715731676,0.0260166185789995,-0.0005399999999998,0.0001542638064266,-0.0008423515047141,-0.0002376484952855,-0.0005399999999998,0.0001542638064266,-0.0008423515047141,-0.0002376484952855,105.799289378327,105.82017120325,105.120372870434,1.00019824499653,1.00773127648812,1.00793118147714,1.00020632309657,0.0249886482188646,0.0049208551298718,0.0049218851677184,0.0127281373269895,0.0127239687647974,1.01893731002199,0,0,-0.053999999999979995,-0.053999999999979995
11,D2_binary_homogeneous_zero,core,2,K5_n400_p080_independent,5,400,0.8,independent,binary,homogeneous,zero,-0.1,0.025,-0.1,1.0,0.0,100000,4999,100000,0.0,199.99959,18.3429833333292,0.499416666666809,0.735733333333385,531.974816666634,adjusted,0.02468,0.0237365041481533,0.0256600128931927,0.02468,0.0237365041481533,0.0256600128931927,0.0246,0.0236580272597507,0.0255784959276933,8.00000000000197e-05,0.0001385645264895,-0.0001915814814544,0.0003515814814544,8.00000000000197e-05,0.0001385645264895,-0.0001915814814544,0.0003515814814544,24.0900503904114,24.0900503904114,24.1105236914245,1.0,1.00038193079632,1.00038193079632,1.0,0.025,0.0049027355531017,0.0049027355531017,0.0127217968820738,0.0127217968820738,1.01893715784027,0,0,0.008000000000001969,0.008000000000001969
11,D2_binary_homogeneous_zero,core,2,K5_n400_p080_independent,5,400,0.8,independent,binary,homogeneous,zero,-0.1,0.025,-0.1,1.0,0.0,100000,4999,100000,0.0,199.99959,18.3429833333292,0.499416666666809,0.735733333333385,531.974816666634,unadjusted,0.02433,0.0233931875218121,0.0253033564087127,0.02433,0.0233931875218121,0.0253033564087127,0.02424,0.0233049144438105,0.0252116364010746,8.99999999998763e-05,0.0001300003384644,-0.0001647959813684,0.0003447959813681,8.99999999998763e-05,0.0001300003384644,-0.0001647959813684,0.0003447959813681,24.1659866295649,24.1659866295649,24.1572586830291,1.0,1.00160253572466,1.00160253572466,1.0,0.025,0.0051273688274901,0.0051273688274901,0.013315689199802,0.013315689199802,1.01893715784027,0,0,0.008999999999987629,0.008999999999987629
12,D2_binary_symmetric_stress_min_ratio,core,2,K5_n400_p080_independent,5,400,0.8,independent,binary,symmetric_stress,min_ratio,-0.1,0.025,-0.1,0.980081095939282,-0.000207113752318,100000,4999,100000,-0.0002085825369759,200.00024,17.5708166666637,0.521883333333345,0.742400000000057,522.195783333342,adjusted,0.02538,0.0244232887622,0.0263731745007883,0.02542,0.024462539564411,0.0264139206255283,0.0248,0.0238542244527494,0.0257822833694495,0.0005799999999999,0.0001529603542384,0.0002802032146301,0.0008797967853698,0.0006200000000001,0.0001542607985328,0.0003176543906494,0.0009223456093508,24.7027271946751,24.6975126312507,24.7249170753607,0.999789293925681,1.00033114420453,1.00012026114241,0.999973568853024,0.0250120712931764,0.0049023150186435,0.0049042669525807,0.0127073828916993,0.0127127243139363,1.01893663151878,0,0,0.057999999999990004,0.06200000000001
12,D2_binary_symmetric_stress_min_ratio,core,2,K5_n400_p080_independent,5,400,0.8,independent,binary,symmetric_stress,min_ratio,-0.1,0.025,-0.1,0.980081095939282,-0.000207113752318,100000,4999,100000,-0.0002085825369759,200.00024,17.5708166666637,0.521883333333345,0.742400000000057,522.195783333342,unadjusted,0.02586,0.0248943400091665,0.0268620863772337,0.02586,0.0248943400091665,0.0268620863772337,0.02455,0.0236089805577457,0.0255275464710095,0.0013099999999999,0.00014450968075,0.0010267662303123,0.0015932337696874,0.0013099999999999,0.00014450968075,0.0010267662303123,0.0015932337696874,24.7458729099954,24.740658346571,24.7507716589054,0.99978955636373,1.00103529683711,1.00082458996748,0.999973627267662,0.0250120562543426,0.0050929218607994,0.0050956355639231,0.0132586075861804,0.0132666557197394,1.01893663151878,0,0,0.13099999999999,0.13099999999999
13,D2_binary_symmetric_stress_max_ratio,core,2,K5_n400_p080_independent,5,400,0.8,independent,binary,symmetric_stress,max_ratio,-0.1,0.025,-0.1,1.04458658368594,0.0020522029923899,100000,4999,100000,0.0020482637822551,199.99973,17.8595999999957,0.504333333333518,0.766600000000028,521.466966666663,adjusted,0.02436,0.0234226126441951,0.0253339289815429,0.02426,0.0233245303860294,0.0252320189223311,0.0236,0.0226772953415828,0.0245593046720864,0.00076,0.0001522972617762,0.0004615028519746,0.0010584971480255,0.00066,0.0001523019236868,0.0003614937147977,0.0009585062852023,24.7229252513728,24.7741318459292,24.7567927783172,1.00206976791574,0.999862080766914,1.00193170043736,1.00217474486185,0.024881750244014,0.0049247344002189,0.0049275017779252,0.0127789753499722,0.0127753445822339,1.01894108828254,0,0,0.076,0.066
13,D2_binary_symmetric_stress_max_ratio,core,2,K5_n400_p080_independent,5,400,0.8,independent,binary,symmetric_stress,max_ratio,-0.1,0.025,-0.1,1.04458658368594,0.0020522029923899,100000,4999,100000,0.0020482637822551,199.99973,17.8595999999957,0.504333333333518,0.766600000000028,521.466966666663,unadjusted,0.02478,0.0238346039891188,0.0257619053696047,0.02478,0.0238346039891188,0.0257619053696047,0.02317,0.0222557151753521,0.0241209178735938,0.0016099999999999,0.0001525592073365,0.0013109894481104,0.0019090105518895,0.0016099999999999,0.0001525592073365,0.0013109894481104,0.0019090105518895,24.7638836285906,24.815090223147,24.781902152981,1.00206614275289,1.00050669354426,1.0025741111589,1.00217104212806,0.0248819568390584,0.0050998333375051,0.0051018587040822,0.0132739937137952,0.0132759323495316,1.01894108828254,0,0,0.16099999999998998,0.16099999999998998
14,D2_binary_common_log_odds_common_log_odds,core,2,K5_n400_p080_independent,5,400,0.8,independent,binary,common_log_odds,common_log_odds,-0.1,0.025,-0.1,1.02889829044816,2.0695873761412e-07,100000,4999,100000,2.06245486473572e-07,199.99794,18.3238000000024,0.504749999999805,0.756133333333384,527.534566666626,adjusted,0.02438,0.0234422296038148,0.0253543104853987,0.02438,0.0234422296038148,0.0253543104853987,0.02433,0.0233931875218121,0.0253033564087127,5.00000000000592e-05,0.0001396430091401,-0.0002236952686074,0.0003236952686075,5.00000000000592e-05,0.0001396430091401,-0.0002236952686074,0.0003236952686075,24.0758940977055,24.0758992538427,24.0901122330848,1.0000002137013,1.00064948157355,1.00064969539576,1.00000023044869,0.0249999877602362,0.0049260431070675,0.0049260425928576,0.0127140448149436,0.0127140163239697,1.01893823069908,0,0,0.00500000000000592,0.00500000000000592
14,D2_binary_common_log_odds_common_log_odds,core,2,K5_n400_p080_independent,5,400,0.8,independent,binary,common_log_odds,common_log_odds,-0.1,0.025,-0.1,1.02889829044816,2.0695873761412e-07,100000,4999,100000,2.06245486473572e-07,199.99794,18.3238000000024,0.504749999999805,0.756133333333384,527.534566666626,unadjusted,0.02415,0.0232166448140453,0.0251199129452,0.02415,0.0232166448140453,0.0251199129452,0.02401,0.02307934339934,0.0249772251155768,0.0001399999999999,0.0001288408708434,-0.0001125234665899,0.0003925234665899,0.0001399999999999,0.0001288408708434,-0.0001125234665899,0.0003925234665899,24.1528857970023,24.1528909531394,24.137619136621,1.00000021298129,1.00188270255272,1.00188291594138,1.00000022979219,0.0249999878014751,0.0051333979132449,0.0051333977799749,0.013343458614102,0.0133434707285735,1.01893823069908,0,0,0.01399999999999,0.01399999999999
15,D3_continuous_pure_symmetric_min_ratio,sensitivity,3,K5_n400_p080_correlated,5,400,0.8,latent_correlated,continuous,pure_symmetric,min_ratio,-0.2,0.025,-0.2,0.98270843148528,-0.0003322705036436,100000,4999,100000,-0.0003428527777754,199.99732,18.2781333333353,0.514299999999956,0.712333333333369,529.244599999993,adjusted,0.03302,0.0319303099890817,0.0341455663215464,0.02678,0.025797435669141,0.0277989200371321,0.02985,0.0288131994488539,0.0309229204009079,0.0031699999999999,0.0001964685649129,0.0027849286886763,0.0035550713113235,-0.0030699999999996,0.0002901837229511,-0.0036387496458836,-0.0025012503541155,0.690080303754264,0.681508984309877,0.729611740081108,1.01167057274328,0.94734849411561,0.958699279855385,0.99803756067815,0.0243409129715915,0.0071267870818749,0.012793257731813,0.0176479905035812,0.0346267709522895,1.01821359134584,0,0,0.31699999999999,-0.30699999999995997
15,D3_continuous_pure_symmetric_min_ratio,sensitivity,3,K5_n400_p080_correlated,5,400,0.8,latent_correlated,continuous,pure_symmetric,min_ratio,-0.2,0.025,-0.2,0.98270843148528,-0.0003322705036436,100000,4999,100000,-0.0003428527777754,199.99732,18.2781333333353,0.514299999999956,0.712333333333369,529.244599999993,unadjusted,0.03282,0.0317335620135058,0.0339423296623673,0.02685,0.0258661624236346,0.0278701879048028,0.02996,0.0289213139192696,0.0310347974796074,0.0028599999999999,0.0001895219332574,0.0024885438365348,0.0032314561634649,-0.0031100000000003,0.0002867125756588,-0.0036719463222063,-0.0025480536777943,0.69335431920277,0.684782999758383,0.731816604909843,1.01186948548292,0.94879832247389,0.960103139010353,0.998043026053638,0.0243298398629194,0.0070547840143056,0.012637690216696,0.0175210462477945,0.0341574953961118,1.01821359134584,0,0,0.28599999999999,-0.31100000000003003
16,D3_continuous_pure_symmetric_max_ratio,sensitivity,3,K5_n400_p080_correlated,5,400,0.8,latent_correlated,continuous,pure_symmetric,max_ratio,-0.2,0.025,-0.2,1.05686676182838,0.0056116410556805,100000,4999,100000,0.0056243647694589,199.99905,18.4721333333342,0.528883333333287,0.804866666666915,524.240399999993,adjusted,0.03165,0.0305828090442891,0.0327531725182674,0.02411,0.0231774149792368,0.0250791458530575,0.02846,0.0274473603195083,0.0295088663187065,0.0031899999999999,0.0001843870358397,0.002828608050538,0.0035513919494619,-0.0043500000000001,0.0002234083125414,-0.0047878722464282,-0.0039121277535719,2.68326360685957,2.82387272609605,2.83346634010191,1.05718129196936,0.948157586412836,1.00244247779028,1.05424157820396,0.0219407137148963,0.0064717247634846,0.0068410895328124,0.0157884794214636,0.0171782696319398,1.0182083871165,0,0,0.31899999999999,-0.43500000000001005
16,D3_continuous_pure_symmetric_max_ratio,sensitivity,3,K5_n400_p080_correlated,5,400,0.8,latent_correlated,continuous,pure_symmetric,max_ratio,-0.2,0.025,-0.2,1.05686676182838,0.0056116410556805,100000,4999,100000,0.0056243647694589,199.99905,18.4721333333342,0.528883333333287,0.804866666666915,524.240399999993,unadjusted,0.03021,0.0291670426597104,0.0312890495326104,0.02286,0.0219518373229857,0.02380481954209,0.02694,0.0259545280326957,0.0279618153813813,0.00327,0.0001891915139065,0.0028991914465626,0.0036408085534374,-0.0040800000000001,0.0002173338637676,-0.0045059665456056,-0.0036540334543945,2.68749008238476,2.82809920162123,2.83675051426738,1.0571232284186,0.948520577298851,1.00273743280585,1.05415950909914,0.0219436119028208,0.0064641208552122,0.0068230239810848,0.0157401204497873,0.0171555197624948,1.0182083871165,0,0,0.327,-0.40800000000001
17,D3_binary_symmetric_stress_min_ratio,sensitivity,3,K5_n400_p080_correlated,5,400,0.8,latent_correlated,binary,symmetric_stress,min_ratio,-0.1,0.025,-0.1,0.982708431485281,-0.0002042320586875,100000,4999,100000,-0.0002019396562776,199.99716,18.0882166666677,0.512183333333163,0.720283333333527,520.887966666626,adjusted,0.02438,0.0234422296038148,0.0253543104853987,0.02435,0.0234128042277692,0.025323738166231,0.02371,0.0227851546667666,0.0246714368960178,0.0006700000000001,0.0001513133832727,0.0003734312184066,0.0009665687815935,0.0006399999999997,0.0001509838798062,0.0003440770333333,0.0009359229666662,24.7037052533854,24.6986567619785,24.7249627102763,0.99979457158251,1.0003840797285,1.00017846382494,0.999985599453515,0.025011768862478,0.0049295653002872,0.0049324842342299,0.0127197787328439,0.0127369647672845,1.01821150187409,0,0,0.06700000000001,0.06399999999997001
17,D3_binary_symmetric_stress_min_ratio,sensitivity,3,K5_n400_p080_correlated,5,400,0.8,latent_correlated,binary,symmetric_stress,min_ratio,-0.1,0.025,-0.1,0.982708431485281,-0.0002042320586875,100000,4999,100000,-0.0002019396562776,199.99716,18.0882166666677,0.512183333333163,0.720283333333527,520.887966666626,unadjusted,0.02512,0.0241681741379737,0.0261083090998332,0.02512,0.0241681741379737,0.0261083090998332,0.0236,0.0226772953415828,0.0245593046720864,0.0015200000000001,0.0001535484671733,0.0012190505344589,0.0018209494655412,0.0015200000000001,0.0001535484671733,0.0012190505344589,0.0018209494655412,24.7490572680338,24.7440087766269,24.7525825389985,0.999794721415968,1.00110586399212,1.0009003929332,0.999985646899004,0.0250117602764822,0.0051202963198921,0.0051216073868109,0.0132453335269279,0.0132593092768618,1.01821150187409,0,0,0.15200000000001002,0.15200000000001002
18,D3_binary_symmetric_stress_max_ratio,sensitivity,3,K5_n400_p080_correlated,5,400,0.8,latent_correlated,binary,symmetric_stress,max_ratio,-0.1,0.025,-0.1,1.05686676182838,0.0034492288447203,100000,4999,100000,0.0034594284590876,199.99624,17.913233333331,0.518949999999785,0.728166666666526,524.002849999981,adjusted,0.02502,0.0240700603798691,0.0260064305405603,0.02469,0.0237463139460579,0.0256702023270258,0.02455,0.0236089805577457,0.0255275464710095,0.00047,0.0001486540008885,0.0001786435121007,0.0007613564878992,0.0001399999999999,0.0001509967946691,-0.0001559482793324,0.0004359482793324,24.7415446331854,24.8280303446626,24.8021008577967,1.00348982434322,0.998798237198422,1.00228479258801,1.0036349372845,0.0248009616179741,0.0049042547997725,0.0049062853781474,0.0126715181923025,0.0126487694471545,1.01820898070734,0,0,0.047,0.01399999999999
18,D3_binary_symmetric_stress_max_ratio,sensitivity,3,K5_n400_p080_correlated,5,400,0.8,latent_correlated,binary,symmetric_stress,max_ratio,-0.1,0.025,-0.1,1.05686676182838,0.0034492288447203,100000,4999,100000,0.0034594284590876,199.99624,17.913233333331,0.518949999999785,0.728166666666526,524.002849999981,unadjusted,0.02536,0.0244036635998369,0.0263528011996759,0.02536,0.0244036635998369,0.0263528011996759,0.02387,0.0229420504457076,0.0248345288248807,0.0014899999999998,0.0001505922500668,0.0011948446135179,0.0017851553864817,0.0014899999999998,0.0001505922500668,0.0011948446135179,0.0017851553864817,24.7817354840221,24.8682211954993,24.8271296026449,1.00348371864669,0.999415052415123,1.00289794866303,1.00362846681572,0.0248013083842329,0.0050848196861151,0.0050828259537152,0.013199999999999,0.0131586472624294,1.01820898070734,0,0,0.14899999999998,0.14899999999998
19,D4_continuous_pure_symmetric_max_ratio,sensitivity,4,K2_n200_p095_independent,2,200,0.95,independent,continuous,pure_symmetric,max_ratio,-0.2,0.025,-0.2,1.20414663790619,0.189068522754743,100000,4999,100000,0.18907515737491,99.99856,5.81820000000016,0.529083333333359,0.68211666666643,181.853783333313,adjusted,0.02459,0.0236482178359245,0.0255683061197817,0.01574,0.0149869467858243,0.0165302570819746,0.01636,0.0155921288733166,0.0171650273622227,0.0082300000000001,0.0003020324208355,0.007638027332999,0.0088219726670012,-0.0006199999999999,0.0002336593716651,-0.0010779639531138,-0.000162036046886,11.8188697377502,14.1823092049366,14.041966174668,1.20006074427815,0.863064861873122,1.03573225936471,1.19993665635651,0.015893165553998,0.0165273761172551,0.0116445453693118,0.0444616452974519,0.0315635424961745,1.01521886508104,0,0,0.8230000000000101,-0.06199999999999
19,D4_continuous_pure_symmetric_max_ratio,sensitivity,4,K2_n200_p095_independent,2,200,0.95,independent,continuous,pure_symmetric,max_ratio,-0.2,0.025,-0.2,1.20414663790619,0.189068522754743,100000,4999,100000,0.18907515737491,99.99856,5.81820000000016,0.529083333333359,0.68211666666643,181.853783333313,unadjusted,0.02451,0.0235697439481609,0.0254867861536434,0.01574,0.0149869467858243,0.0165302570819746,0.01626,0.015494498705109,0.0170626652130528,0.0082499999999997,0.0003020269643637,0.0076580380274869,0.0088419619725126,-0.0005199999999997,0.0002319436008565,-0.0009746011041231,-6.53988958763632e-05,11.8189444505033,14.1823839176897,14.0437580753336,1.2000594783636,0.862958141496775,1.03560307383748,1.19993616713188,0.0158932106238662,0.0165339645172305,0.0116425303208513,0.0445050865003515,0.0315587675185452,1.01521886508104,0,0,0.82499999999997,-0.051999999999969994
20,D4_binary_symmetric_stress_max_ratio,sensitivity,4,K2_n200_p095_independent,2,200,0.95,independent,binary,symmetric_stress,max_ratio,-0.1,0.025,-0.0999999999999999,1.20414663790619,0.116212101922339,100000,4999,100000,0.116208988179816,99.99992,5.69921666666687,0.52156666666661,0.683083333333307,188.465449999988,adjusted,0.02251,0.0216088030466728,0.0234478807075818,0.01979,0.0189450278658914,0.0206718648556957,0.01786,0.0170574552142795,0.0186995857819221,0.0046499999999997,0.0002751082184253,0.004110797800035,0.0051892021999645,0.00193,0.0002483210978426,0.001443299591627,0.002416700408373,12.446102885285,13.8987152375327,13.8173105147813,1.11674417468887,0.923508036798818,1.03132716008219,1.11665900165134,0.0191694085180393,0.0135556573240842,0.0117121389245453,0.0374833301219382,0.0315955530007571,1.01521886508104,0,0,0.46499999999997005,0.193
20,D4_binary_symmetric_stress_max_ratio,sensitivity,4,K2_n200_p095_independent,2,200,0.95,independent,binary,symmetric_stress,max_ratio,-0.1,0.025,-0.0999999999999999,1.20414663790619,0.116212101922339,100000,4999,100000,0.116208988179816,99.99992,5.69921666666687,0.52156666666661,0.683083333333307,188.465449999988,unadjusted,0.02182,0.0209327069913659,0.0227440297729841,0.01984,0.0189939584850576,0.0207229303952182,0.01749,0.0166958611604988,0.0183212082614061,0.0043300000000002,0.0002700245176502,0.0038007616704629,0.0048592383295375,0.0023500000000001,0.0002498907750477,0.0018602230808377,0.0028397769191625,12.4472530619891,13.8998654142368,13.8192234754564,1.11673324497802,0.923461711971044,1.03126529580704,1.11664811674321,0.0191698819088763,0.0138693347399397,0.0120398871179631,0.0379363867357566,0.0321872110876927,1.01521886508104,0,0,0.43300000000002,0.23500000000000998
