scenario_id,scenario_code,scenario_label,scenario_class,set,design_id,design_label,factor_count,target_per_group,total_n,pbc,profile_type,outcome_type,model_type,direction,boundary,alpha,n_outer,rerandomizations_per_trial,allocation_calibration_paths,direction_calibration_paths,base_seed,run_version,analysis,mean_variance_ratio_r_over_s,siga_s,siga_s_lower_95,siga_s_upper_95,siga_r,siga_r_lower_95,siga_r_upper_95,rt,rt_lower_95,rt_upper_95,difference_siga_s_minus_rt,difference_siga_s_minus_rt_se,difference_siga_r_minus_rt,difference_siga_r_minus_rt_se,safeguard_rate,gap_explanation,difference_siga_s_minus_rt_pp,difference_siga_r_minus_rt_pp
1,S01,S01_D1_continuous_realistic_first_factor_contrast,practical_heterogeneity,supplemental,1,K2_npg100_n200_p080_independent,2,100,200,0.8,independent,continuous,realistic,first_factor_contrast,-0.2,0.025,100000,4999,100000,200000,20260805,v20260805_supplemental_v2,unadjusted,1.0034809765176,0.02443,0.0234912727411617,0.0254052635067405,0.02424,0.0233049144438105,0.0252116364010746,0.0246,0.0236580272597507,0.0255784959276933,-0.00017,0.0001627881322446,-0.0003599999999999,0.000165526366449,0,first_order_alignment,-0.017,-0.03599999999999
1,S01,S01_D1_continuous_realistic_first_factor_contrast,practical_heterogeneity,supplemental,1,K2_npg100_n200_p080_independent,2,100,200,0.8,independent,continuous,realistic,first_factor_contrast,-0.2,0.025,100000,4999,100000,200000,20260805,v20260805_supplemental_v2,adjusted,1.00354343487203,0.02438,0.0234422296038148,0.0253543104853987,0.02421,0.0232754908498262,0.0251810622998455,0.02461,0.0236678367252399,0.0255886856939418,-0.0002299999999998,0.0001670321825202,-0.0003999999999996,0.0001649201988441,0,first_order_alignment,-0.022999999999979998,-0.03999999999996
2,S02,S02_D1_binary_common_log_odds_common_log_odds,practical_heterogeneity,supplemental,1,K2_npg100_n200_p080_independent,2,100,200,0.8,independent,binary,common_log_odds,common_log_odds,-0.1,0.025,100000,4999,100000,200000,20260805,v20260805_supplemental_v2,unadjusted,1.00000026175908,0.02465,0.0237070750033322,0.0256294443428005,0.02465,0.0237070750033322,0.0256294443428005,0.02325,0.0223341423954133,0.0242024845074346,0.0013999999999998,0.0001748733993695,0.0013999999999998,0.0001748733993695,0,first_order_alignment,0.13999999999998,0.13999999999998
2,S02,S02_D1_binary_common_log_odds_common_log_odds,practical_heterogeneity,supplemental,1,K2_npg100_n200_p080_independent,2,100,200,0.8,independent,binary,common_log_odds,common_log_odds,-0.1,0.025,100000,4999,100000,200000,20260805,v20260805_supplemental_v2,adjusted,1.00000026209289,0.02389,0.0229616632040299,0.024854914530034,0.02389,0.0229616632040299,0.024854914530034,0.02333,0.0224125725113817,0.0242840482453682,0.0005599999999999,0.0001643080459726,0.0005599999999999,0.0001643080459726,0,first_order_alignment,0.05599999999999,0.05599999999999
3,S03,S03_D2_continuous_realistic_first_factor_contrast,practical_heterogeneity,supplemental,2,K2_npg500_n1000_p080_independent,2,500,1000,0.8,independent,continuous,realistic,first_factor_contrast,-0.2,0.025,100000,4999,100000,200000,20260805,v20260805_supplemental_v2,unadjusted,1.00303192058233,0.02484,0.0238934658738916,0.0258230388752584,0.02457,0.0236285991133603,0.0255479263788704,0.02481,0.0238640347463362,0.0257924723076005,2.99999999999566e-05,0.0001424787492995,-0.0002400000000001,0.0001407111296104,0,first_order_alignment,0.00299999999999566,-0.02400000000001
3,S03,S03_D2_continuous_realistic_first_factor_contrast,practical_heterogeneity,supplemental,2,K2_npg500_n1000_p080_independent,2,500,1000,0.8,independent,continuous,realistic,first_factor_contrast,-0.2,0.025,100000,4999,100000,200000,20260805,v20260805_supplemental_v2,adjusted,1.00304214194732,0.02488,0.023932707952251,0.0258637937238499,0.02472,0.0237757435883213,0.0257007703799756,0.02481,0.0238640347463362,0.0257924723076005,7.00000000000537e-05,0.0001452589480946,-8.99999999999125e-05,0.0001438753835832,0,first_order_alignment,0.00700000000000537,-0.00899999999999125
4,S04,S04_D2_binary_common_log_odds_common_log_odds,practical_heterogeneity,supplemental,2,K2_npg500_n1000_p080_independent,2,500,1000,0.8,independent,binary,common_log_odds,common_log_odds,-0.1,0.025,100000,4999,100000,200000,20260805,v20260805_supplemental_v2,unadjusted,1.00000022943195,0.02478,0.0238346039891188,0.0257619053696047,0.02478,0.0238346039891188,0.0257619053696047,0.02408,0.02314799305356,0.025048570083521,0.0006999999999999,0.0001333989428472,0.0006999999999999,0.0001333989428472,0,first_order_alignment,0.06999999999999,0.06999999999999
4,S04,S04_D2_binary_common_log_odds_common_log_odds,practical_heterogeneity,supplemental,2,K2_npg500_n1000_p080_independent,2,500,1000,0.8,independent,binary,common_log_odds,common_log_odds,-0.1,0.025,100000,4999,100000,200000,20260805,v20260805_supplemental_v2,adjusted,1.00000022946987,0.02462,0.0236776462323673,0.0255988754185522,0.02462,0.0236776462323673,0.0255988754185522,0.02415,0.0232166448140453,0.0251199129452,0.00047,0.0001330337099374,0.00047,0.0001330337099374,0,first_order_alignment,0.047,0.047
5,S05,S05_D3_continuous_realistic_first_factor_contrast,practical_heterogeneity,supplemental,3,K5_npg200_n400_p080_independent,5,200,400,0.8,independent,continuous,realistic,first_factor_contrast,-0.2,0.025,100000,4999,100000,200000,20260805,v20260805_supplemental_v2,unadjusted,1.00198692041425,0.02384,0.0229126316348343,0.0248039499405407,0.02374,0.0228145717712475,0.0247020174867501,0.02417,0.0232362599883703,0.0251402962343504,-0.00033,0.0001499971199434,-0.0004300000000001,0.0001479809784521,0,first_order_alignment,-0.033,-0.04300000000001
5,S05,S05_D3_continuous_realistic_first_factor_contrast,practical_heterogeneity,supplemental,3,K5_npg200_n400_p080_independent,5,200,400,0.8,independent,continuous,realistic,first_factor_contrast,-0.2,0.025,100000,4999,100000,200000,20260805,v20260805_supplemental_v2,adjusted,1.00205533826725,0.02437,0.0234324211028855,0.0253441197545903,0.02423,0.0232951065365441,0.0252014450766031,0.02427,0.0233343384209307,0.0252422101191676,0.0001,0.0001421270628734,-3.99999999999351e-05,0.0001421273583862,0,first_order_alignment,0.01,-0.00399999999999351
6,S06,S06_D3_binary_common_log_odds_common_log_odds,practical_heterogeneity,supplemental,3,K5_npg200_n400_p080_independent,5,200,400,0.8,independent,binary,common_log_odds,common_log_odds,-0.1,0.025,100000,4999,100000,200000,20260805,v20260805_supplemental_v2,unadjusted,1.0000002053378,0.0236,0.0226772953415828,0.0245593046720864,0.0236,0.0226772953415828,0.0245593046720864,0.02365,0.0227263216457177,0.0246102745266401,-5.00000000000298e-05,0.0001382033501825,-5.00000000000298e-05,0.0001382033501825,0,first_order_alignment,-0.0050000000000029795,-0.0050000000000029795
6,S06,S06_D3_binary_common_log_odds_common_log_odds,practical_heterogeneity,supplemental,3,K5_npg200_n400_p080_independent,5,200,400,0.8,independent,binary,common_log_odds,common_log_odds,-0.1,0.025,100000,4999,100000,200000,20260805,v20260805_supplemental_v2,adjusted,1.00000020602878,0.02383,0.0229028254517462,0.0247937568918912,0.02383,0.0229028254517462,0.0247937568918912,0.02387,0.0229420504457076,0.0248345288248807,-3.99999999999217e-05,0.000146970064986,-3.99999999999217e-05,0.000146970064986,0,first_order_alignment,-0.0039999999999921695,-0.0039999999999921695
7,S07,S07_D4_continuous_realistic_first_factor_contrast,practical_heterogeneity,supplemental,4,K5_npg1000_n2000_p080_independent,5,1000,2000,0.8,independent,continuous,realistic,first_factor_contrast,-0.2,0.025,100000,4999,100000,200000,20260805,v20260805_supplemental_v2,unadjusted,1.00205364364475,0.02469,0.0237463139460579,0.0256702023270258,0.02463,0.0236874557811083,0.0256090651015489,0.0247,0.0237561237854038,0.0256803917194176,-1.00000000003006e-05,0.0001322882232162,-7.00000000004966e-05,0.0001315299357607,0,first_order_alignment,-0.00100000000003006,-0.00700000000004966
7,S07,S07_D4_continuous_realistic_first_factor_contrast,practical_heterogeneity,supplemental,4,K5_npg1000_n2000_p080_independent,5,1000,2000,0.8,independent,continuous,realistic,first_factor_contrast,-0.2,0.025,100000,4999,100000,200000,20260805,v20260805_supplemental_v2,adjusted,1.00206801028384,0.02486,0.0239130868310157,0.0258434163816097,0.02482,0.0238738450810716,0.0258026612046028,0.02471,0.0237659336661665,0.0256905810703927,0.0001500000000001,0.0001345360769442,0.00011,0.0001337910983608,0,first_order_alignment,0.01500000000001,0.011000000000000001
8,S08,S08_D4_binary_common_log_odds_common_log_odds,practical_heterogeneity,supplemental,4,K5_npg1000_n2000_p080_independent,5,1000,2000,0.8,independent,binary,common_log_odds,common_log_odds,-0.1,0.025,100000,4999,100000,200000,20260805,v20260805_supplemental_v2,unadjusted,1.00000019223041,0.02347,0.0225498321389914,0.024426777862087,0.02347,0.0225498321389914,0.024426777862087,0.0238,0.0228734071644652,0.0247631774839589,-0.00033,0.0001345328658391,-0.00033,0.0001345328658391,0,first_order_alignment,-0.033,-0.033
8,S08,S08_D4_binary_common_log_odds_common_log_odds,practical_heterogeneity,supplemental,4,K5_npg1000_n2000_p080_independent,5,1000,2000,0.8,independent,binary,common_log_odds,common_log_odds,-0.1,0.025,100000,4999,100000,200000,20260805,v20260805_supplemental_v2,adjusted,1.00000019230981,0.02384,0.0229126316348343,0.0248039499405407,0.02384,0.0229126316348343,0.0248039499405407,0.02392,0.0229910826675903,0.0248854927616867,-8.00000000000517e-05,0.0001349078129731,-8.00000000000517e-05,0.0001349078129731,0,first_order_alignment,-0.00800000000000517,-0.00800000000000517
9,S09,S09_D5_continuous_pure_symmetric_robust_max_ratio,strong_pair_path,supplemental,5,K2_npg100_n200_p095_independent,2,100,200,0.95,independent,continuous,pure_symmetric,robust_max_ratio,-0.2,0.025,100000,4999,100000,200000,20260805,v20260805_supplemental_v2,unadjusted,1.19301696393364,0.0243,0.0233637627804946,0.0252727834548169,0.016,0.0152406962561938,0.0167964876367866,0.01633,0.015562839023464,0.0171343195168621,0.0079699999999998,0.0002994422943687,-0.00033,0.0002304331616638,0,first_order_alignment,0.7969999999999801,-0.033
9,S09,S09_D5_continuous_pure_symmetric_robust_max_ratio,strong_pair_path,supplemental,5,K2_npg100_n200_p095_independent,2,100,200,0.95,independent,continuous,pure_symmetric,robust_max_ratio,-0.2,0.025,100000,4999,100000,200000,20260805,v20260805_supplemental_v2,adjusted,1.19301802616047,0.02432,0.0233833792323317,0.0252931654664553,0.01601,0.0152504569173349,0.0168067262073832,0.01637,0.0156018923083622,0.0171752631589148,0.0079500000000002,0.0002994476109247,-0.0003599999999999,0.0002302156249959,0,first_order_alignment,0.79500000000002,-0.03599999999999
10,S10,S10_D5_binary_symmetric_stress_robust_max_ratio,strong_pair_path,supplemental,5,K2_npg100_n200_p095_independent,2,100,200,0.95,independent,binary,symmetric_stress,robust_max_ratio,-0.1,0.025,100000,4999,100000,200000,20260805,v20260805_supplemental_v2,unadjusted,1.11469620524646,0.02191,0.0210208802554528,0.0228358495945369,0.02016,0.0193071480258425,0.0210497162700412,0.01772,0.0169206249606903,0.0185564267911828,0.00419,0.0002663177580476,0.00244,0.0002460509488107,0,first_order_alignment,0.41900000000000004,0.244
10,S10,S10_D5_binary_symmetric_stress_robust_max_ratio,strong_pair_path,supplemental,5,K2_npg100_n200_p095_independent,2,100,200,0.95,independent,binary,symmetric_stress,robust_max_ratio,-0.1,0.025,100000,4999,100000,200000,20260805,v20260805_supplemental_v2,adjusted,1.11470695465602,0.02235,0.021452006655526,0.0232846893909246,0.02015,0.0192973599812581,0.0210395050828878,0.01804,0.0172333989983883,0.0188836281690927,0.0043099999999999,0.0002685422874515,0.0021099999999999,0.0002479033956218,0,first_order_alignment,0.43099999999999,0.21099999999999003
11,S11,S11_D6_continuous_pure_symmetric_robust_max_ratio,strong_pair_path,supplemental,6,K2_npg500_n1000_p095_independent,2,500,1000,0.95,independent,continuous,pure_symmetric,robust_max_ratio,-0.2,0.025,100000,4999,100000,200000,20260805,v20260805_supplemental_v2,unadjusted,1.19359591892579,0.02518,0.0242270443339722,0.0261694342942612,0.01648,0.0157092950795263,0.017287851936866,0.0162,0.0154359242729122,0.0170012442548232,0.0089799999999999,0.000298654462456,0.0002799999999999,0.0001702924132046,0,first_order_alignment,0.8979999999999899,0.02799999999999
11,S11,S11_D6_continuous_pure_symmetric_robust_max_ratio,strong_pair_path,supplemental,6,K2_npg500_n1000_p095_independent,2,500,1000,0.95,independent,continuous,pure_symmetric,robust_max_ratio,-0.2,0.025,100000,4999,100000,200000,20260805,v20260805_supplemental_v2,adjusted,1.19359594637313,0.02519,0.0242368561743807,0.0261796216855904,0.01648,0.0157092950795263,0.017287851936866,0.01619,0.0154261621364352,0.0169910071595624,0.0089999999999998,0.0002989830997047,0.0002900000000001,0.0001711708269377,0,first_order_alignment,0.8999999999999799,0.02900000000001
12,S12,S12_D6_binary_symmetric_stress_robust_max_ratio,strong_pair_path,supplemental,6,K2_npg500_n1000_p095_independent,2,500,1000,0.95,independent,binary,symmetric_stress,robust_max_ratio,-0.1,0.025,100000,4999,100000,200000,20260805,v20260805_supplemental_v2,unadjusted,1.11319070426481,0.02388,0.0229518568031125,0.0248447216992136,0.02014,0.0192875719924846,0.0210292938399236,0.01909,0.0182601521064535,0.0199567943934911,0.00479,0.0002321014814925,0.0010499999999999,0.0001819046615483,0,first_order_alignment,0.479,0.10499999999998999
12,S12,S12_D6_binary_symmetric_stress_robust_max_ratio,strong_pair_path,supplemental,6,K2_npg500_n1000_p095_independent,2,500,1000,0.95,independent,binary,symmetric_stress,robust_max_ratio,-0.1,0.025,100000,4999,100000,200000,20260805,v20260805_supplemental_v2,adjusted,1.11319112894166,0.02401,0.02307934339934,0.0249772251155768,0.02014,0.0192875719924846,0.0210292938399236,0.01914,0.018309062169637,0.0200078804889963,0.0048699999999998,0.0002333738966416,0.001,0.0001827302216474,0,first_order_alignment,0.48699999999998,0.1
