"scenario_id","scenario_label","outcome","analysis","design_id","factor_count","target_per_group","total_n","objective","scenario_role","true_effect","alpha","completed_outer_trials","siga_s_rejection","siga_s_lower_95","siga_s_upper_95","siga_r_rejection","siga_r_lower_95","siga_r_upper_95","rt_rejection","rt_lower_95","rt_upper_95","siga_r_minus_rt","siga_r_minus_rt_se","siga_r_minus_rt_lower_95","siga_r_minus_rt_upper_95","siga_s_minus_rt","pvalue_mae_siga_r_vs_rt","pvalue_rmse_siga_r_vs_rt","pvalue_correlation_siga_r_vs_rt","mean_ratio_r_over_s_1","q025_ratio_r_over_s_1","q975_ratio_r_over_s_1","mean_ratio_r_over_s_2","q025_ratio_r_over_s_2","q975_ratio_r_over_s_2","mean_ratio_r_over_rt_1","q025_ratio_r_over_rt_1","q975_ratio_r_over_rt_1","mean_ratio_r_over_rt_2","q025_ratio_r_over_rt_2","q975_ratio_r_over_rt_2","safeguard_rate_1","safeguard_rate_2"
1,"c_K2_npg100_superiority_type1","continuous","Adjusted",1,2,100,200,"superiority","type1",0,0.05,100000,0.04934,0.0480148923896383,0.0506997301169951,0.04934,0.0480148923896383,0.0506997301169951,0.04983,0.0484985732015868,0.0511960116601962,-0.00049,0.000219312744684041,-0.000919845080931349,-6.01549190686511e-05,-0.00049,0.00746797691179589,0.00996712354272656,0.999408256756544,1,1,1,,,,1.00263685936788,0.909457930546412,1.10587818424461,,,,0,
1,"c_K2_npg100_superiority_type1","continuous","Unadjusted",1,2,100,200,"superiority","type1",0,0.05,100000,0.04967,0.0483406326158711,0.051033964538108,0.04967,0.0483406326158711,0.051033964538108,0.05013,0.0487947221605699,0.0514998396533456,-0.00046,0.000229343432398236,-0.000909504867591338,-1.04951324086617e-05,-0.00046,0.00749817925367946,0.0100083644534201,0.999401692521095,1,1,1,,,,1.00329837053199,0.909814644718586,1.10708076860856,,,,0,
2,"c_K2_npg100_superiority_power","continuous","Adjusted",1,2,100,200,"superiority","power",0.43,0.05,100000,0.85419,0.851989040596784,0.856363748322525,0.85199,0.849775526200486,0.854177431736517,0.85404,0.851838113777285,0.856214686665957,-0.00205,0.000321028044865424,-0.00267920340596354,-0.00142079659403646,0.00015,0.00204470369192958,0.00420833168216212,0.99890421948239,1.00996021051192,1.00815996342985,1.01212938922321,,,,1.00321636819181,0.909229591103782,1.10694899978318,,,,0,
2,"c_K2_npg100_superiority_power","continuous","Unadjusted",1,2,100,200,"superiority","power",0.43,0.05,100000,0.85162,0.849403269859163,0.853809716503544,0.84918,0.846948507771224,0.851384666047473,0.85166,0.849443513560053,0.853849469729605,-0.00248,0.000327321810143915,-0.00312153895923653,-0.00183846104076347,-4e-05,0.002070489374687,0.00424373592469739,0.998909497529319,1.009876454764,1.00810523591972,1.01201111792569,,,,1.00384188535377,0.909306173190776,1.10740742167823,,,,0,
3,"c_K2_npg100_noninferiority_type1","continuous","Adjusted",1,2,100,200,"noninferiority","type1",-0.2,0.025,100000,0.02508,0.0241289281485061,0.0260675581623498,0.02508,0.0241289281485061,0.0260675581623498,0.02515,0.0241976090544498,0.0261388718785703,-7e-05,0.000171173140423419,-0.000405493190350519,0.000265493190350519,-7e-05,0.00548999461232497,0.00703875530856284,0.999704457033291,1,1,1,,,,1.00243513027392,0.909994547331984,1.10558010366145,,,,0,
3,"c_K2_npg100_noninferiority_type1","continuous","Unadjusted",1,2,100,200,"noninferiority","type1",-0.2,0.025,100000,0.02503,0.0240798715731676,0.0260166185789995,0.02503,0.0240798715731676,0.0260166185789995,0.02535,0.0243938510784212,0.0263426144893539,-0.00032,0.000164921945151371,-0.000643241072756977,3.24107275697711e-06,-0.00032,0.00550771697721115,0.00706200445167826,0.999701956696709,1,1,1,,,,1.00313373137732,0.909993717335284,1.10698080709095,,,,0,
4,"c_K2_npg100_noninferiority_power","continuous","Adjusted",1,2,100,200,"noninferiority","power",0.23,0.025,100000,0.85303,0.850821893763963,0.855210984273767,0.85081,0.84858834676433,0.853004701827619,0.85294,0.850731341237487,0.855121543714603,-0.00213,0.000333250268652823,-0.00278315852439783,-0.00147684147560217,9e-05,0.00121807673284825,0.00243845420391771,0.998723747663976,1.00996635923361,1.00817728338806,1.01216323284033,,,,1.0030455529576,0.909179372158871,1.10536279210982,,,,0,
4,"c_K2_npg100_noninferiority_power","continuous","Unadjusted",1,2,100,200,"noninferiority","power",0.23,0.025,100000,0.85094,0.848719135372447,0.853133903232094,0.84846,0.846224190381584,0.850669038751995,0.85059,0.84836701351541,0.852786051978309,-0.00213,0.000329629667288846,-0.00277606227612206,-0.00148393772387794,0.00035,0.0012350760871791,0.00246804551814166,0.998725107575264,1.00988252361179,1.00812166802519,1.01204046831705,,,,1.00370553982192,0.909419299384915,1.1066759992162,,,,0,
5,"c_K2_npg100_equivalence_type1_lower","continuous","Adjusted",1,2,100,200,"equivalence","type1_lower",-0.45,0.05,100000,0.05009,0.0487552348550002,0.0514593300319643,0.05009,0.0487552348550002,0.0514593300319643,0.05001,0.048676260960519,0.0513783100725435,8e-05,0.000199500210534588,-0.000311013227555952,0.000471013227555952,8e-05,0.00552553656148392,0.00708214645877223,0.9997006628759,1,1,1,1.03792384410072,1.03123798223958,1.04610067605,1.00247837859856,0.909120279353956,1.10624073880491,1.00516733498003,0.910045210900528,1.10747536462454,0,0
5,"c_K2_npg100_equivalence_type1_lower","continuous","Unadjusted",1,2,100,200,"equivalence","type1_lower",-0.45,0.05,100000,0.05024,0.0489033134799692,0.0516112398830616,0.05024,0.0489033134799692,0.0516112398830616,0.05024,0.0489033134799692,0.0516112398830616,0,0.000205913632390476,-0.000403583303411153,0.000403583303411153,0,0.00553573440950713,0.00709679906154715,0.999699132004549,1,1,1,1.03764670254473,1.03104515784144,1.04570323644302,1.00318830038089,0.909466901259112,1.10760162459533,1.00567751035773,0.910645420903248,1.10820120524991,0,0
6,"c_K2_npg100_equivalence_type1_upper","continuous","Adjusted",1,2,100,200,"equivalence","type1_upper",0.45,0.05,100000,0.04983,0.0484985732015868,0.0511960116601962,0.04983,0.0484985732015868,0.0511960116601962,0.04936,0.04803463375042,0.0507199872196888,0.00047,0.000199244041270821,7.9488854974978e-05,0.000860511145025022,0.00047,0.0055162074093971,0.00707476972453465,0.999700501208671,1.03792521119671,1.03123499556852,1.04601449500359,1,1,1,1.00502900735913,0.91064489877908,1.10651526606328,1.00232172882403,0.908897688491796,1.1057264604621,0,0
6,"c_K2_npg100_equivalence_type1_upper","continuous","Unadjusted",1,2,100,200,"equivalence","type1_upper",0.45,0.05,100000,0.04955,0.0482221797131569,0.0509124266599692,0.04955,0.0482221797131569,0.0509124266599692,0.04921,0.0478865750328285,0.0505680574612141,0.00034,0.000203468076101903,-5.87901011633856e-05,0.000738790101163386,0.00034,0.00553600649351696,0.00708890928210758,0.999698864886937,1.03764847753557,1.03103960267891,1.04561655735466,1,1,1,1.00548415901039,0.911221345600244,1.10776448686483,1.00299798604005,0.909524973937736,1.10676106147465,0,0
7,"c_K2_npg100_equivalence_power","continuous","Adjusted",1,2,100,200,"equivalence","power",0,0.05,100000,0.86935,0.867246988331389,0.871424635902346,0.8668,0.864679897140718,0.868891922999891,0.86835,0.866240254893554,0.870431446166406,-0.00155,0.00031634945198229,-0.00217003353241427,-0.000929966467585728,0.001,0.00187652092817112,0.00308584479154225,0.998355218802313,1.0108667705189,1.00891281663642,1.01324593754921,1.01086814610015,1.00892290580269,1.01324358785561,1.00314046034707,0.910290645617095,1.10632807426161,1.00318138318097,0.909893116446222,1.10586445615565,0,0
7,"c_K2_npg100_equivalence_power","continuous","Unadjusted",1,2,100,200,"equivalence","power",0,0.05,100000,0.86592,0.863794058924966,0.868017828822722,0.86371,0.861569530207665,0.86582252732598,0.86485,0.862717001017861,0.866954968933888,-0.00114,0.000313030324217295,-0.0017535281615348,-0.000526471838465205,0.00107,0.00190447990249471,0.00312476227427156,0.998354040739184,1.01077610399682,1.00885207945227,1.01311101299432,1.01077748666653,1.00885812869175,1.01311135406077,1.00375042097033,0.910340526941484,1.1077648690532,1.00379835344783,0.909923939765185,1.10710751734609,0,0
8,"c_K2_npg500_superiority_type1","continuous","Adjusted",2,2,500,1000,"superiority","type1",0,0.05,100000,0.05078,0.0494364241157609,0.0521580877611082,0.05078,0.0494364241157609,0.0521580877611082,0.05074,0.0493969329673153,0.0521175819826028,4e-05,0.000181659885508824,-0.000316046833032964,0.000396046833032964,4e-05,0.00517818479356895,0.00677541570163869,0.999724867973225,1,1,1,,,,1.00076996636712,0.946702818504547,1.05823071783143,,,,0,
8,"c_K2_npg500_superiority_type1","continuous","Unadjusted",2,2,500,1000,"superiority","type1",0,0.05,100000,0.05075,0.049406805732456,0.0521277084491998,0.05075,0.049406805732456,0.0521277084491998,0.05089,0.0495450259807994,0.0522694774451849,-0.00014,0.000174356267455808,-0.000481732004692217,0.000201732004692217,-0.00014,0.00518067092057687,0.0067810532174663,0.999724343052191,1,1,1,,,,1.00086704957228,0.946799977473196,1.05841991156738,,,,0,
9,"c_K2_npg500_superiority_power","continuous","Adjusted",2,2,500,1000,"superiority","power",0.19,0.05,100000,0.8491,0.846868027197796,0.851305152766998,0.84872,0.846485747424032,0.850927461734728,0.84854,0.84630466922939,0.850748553758091,0.00018,0.000238328017661504,-0.000287114331123373,0.000647114331123373,0.00056,0.00140178095845088,0.00271434988059804,0.999581141664165,1.00186507106747,1.00170863160369,1.00203573785496,,,,1.00080694782445,0.946881424743465,1.05774103299697,,,,0,
9,"c_K2_npg500_superiority_power","continuous","Unadjusted",2,2,500,1000,"superiority","power",0.19,0.05,100000,0.84801,0.845771500866038,0.850221762839342,0.84759,0.845348996769256,0.849804299203138,0.84766,0.845419413709412,0.849873876885147,-7e-05,0.000254755961669361,-0.000569312509718814,0.000429312509718814,0.00035,0.00140447646684229,0.00271216275349699,0.999582374593605,1.00186206257106,1.0017059849388,1.00203217951498,,,,1.00091321359569,0.946909109803545,1.05792229775394,,,,0,
10,"c_K2_npg500_noninferiority_type1","continuous","Adjusted",2,2,500,1000,"noninferiority","type1",-0.2,0.025,100000,0.02495,0.0240013831661707,0.0259351131320945,0.02495,0.0240013831661707,0.0259351131320945,0.02514,0.0241877973752547,0.0261286843260277,-0.00019,0.00014035610424343,-0.000465092909327473,8.5092909327473e-05,-0.00019,0.00466431856086266,0.00603432341698907,0.999782069997593,1,1,1,,,,1.00089429976847,0.946322968145733,1.05837102128346,,,,0,
10,"c_K2_npg500_noninferiority_type1","continuous","Unadjusted",2,2,500,1000,"noninferiority","type1",-0.2,0.025,100000,0.02509,0.0241387395851773,0.0260777459574163,0.02509,0.0241387395851773,0.0260777459574163,0.02504,0.0240896828070875,0.0260268065768174,5e-05,0.000141067976528179,-0.000226488153367173,0.000326488153367173,5e-05,0.00467240261978931,0.00604301410725037,0.999781463931856,1,1,1,,,,1.00099717914946,0.946183589090741,1.05868493562169,,,,0,
11,"c_K2_npg500_noninferiority_power","continuous","Adjusted",2,2,500,1000,"noninferiority","power",-0.01,0.025,100000,0.85021,0.847984714527663,0.852408380160022,0.84973,0.847501817577371,0.851931313986901,0.84964,0.847411275271081,0.851841863207552,9e-05,0.000285132832215473,-0.000468850081952229,0.000648850081952229,0.00057,0.000967348769365507,0.00187626007424586,0.999260978096341,1.00186425558752,1.00170796801904,1.00203578885472,,,,1.0010536725109,0.946451796186392,1.0581271305982,,,,0,
11,"c_K2_npg500_noninferiority_power","continuous","Unadjusted",2,2,500,1000,"noninferiority","power",-0.01,0.025,100000,0.84978,0.847552118977475,0.851981008745486,0.84947,0.84724025166445,0.851672899874641,0.8492,0.846968627948377,0.851404544333795,0.00027,0.000284780761289597,-0.000288160035617508,0.000828160035617508,0.00058,0.000968989542907188,0.00188114203630332,0.999261287326978,1.00186125296881,1.00170518019765,1.00203229854533,,,,1.00115462267182,0.946671775959387,1.05820725425949,,,,0,
12,"c_K2_npg500_equivalence_type1_lower","continuous","Adjusted",2,2,500,1000,"equivalence","type1_lower",-0.45,0.05,100000,0.04963,0.048301148072927,0.0509934521541011,0.04963,0.048301148072927,0.0509934521541011,0.04971,0.0483801174004851,0.0510744766804449,-8e-05,0.000182757407518013,-0.000438197936643215,0.000278197936643216,-8e-05,0.00470050552272538,0.00608081938118838,0.999777942506525,1,1,1,1.03511197251706,1.0321932023152,1.03827575036281,1.00068827987673,0.946090179336688,1.05805188210485,1.00127632132893,0.94714379621353,1.05785532317796,0,0
12,"c_K2_npg500_equivalence_type1_lower","continuous","Unadjusted",2,2,500,1000,"equivalence","type1_lower",-0.45,0.05,100000,0.04979,0.0484590876936185,0.0511555002412135,0.04979,0.0484590876936185,0.0511555002412135,0.04979,0.0484590876936185,0.0511555002412135,0,0.000177201337475596,-0.000347308239464496,0.000347308239464496,0,0.00470306224249539,0.00607743034005957,0.999778187409199,1,1,1,1.03506432629525,1.03215249537376,1.03821692364377,1.00079260103286,0.946152227393077,1.05803353552444,1.00135774667567,0.94707976714145,1.05810363742238,0,0
13,"c_K2_npg500_equivalence_type1_upper","continuous","Adjusted",2,2,500,1000,"equivalence","type1_upper",0.45,0.05,100000,0.04984,0.0485084446161783,0.0512061394773425,0.04984,0.0485084446161783,0.0512061394773425,0.04996,0.0486269027624868,0.051327672111887,-0.00012,0.000172046947085655,-0.000457205819937953,0.000217205819937953,-0.00012,0.00467077916980357,0.00604281237468406,0.999780923332119,1.03510417543412,1.03219042569764,1.03829077508838,1,1,1,1.00149186799122,0.947661277604038,1.05846579241703,1.00085345509228,0.946159675032953,1.0586969874733,0,0
13,"c_K2_npg500_equivalence_type1_upper","continuous","Unadjusted",2,2,500,1000,"equivalence","type1_upper",0.45,0.05,100000,0.04977,0.0484393450299332,0.0511352444414233,0.04977,0.0484393450299332,0.0511352444414233,0.05021,0.0488736974870143,0.0515808581808032,-0.00044,0.000177759331636157,-0.00078840188792278,-9.15981120772205e-05,-0.00044,0.0046708355352911,0.00604228431404012,0.999780885911831,1.0350565493135,1.03214804938463,1.03823334010387,1,1,1,1.0015771615522,0.947649694971986,1.05870166736421,1.00096327381438,0.946201961012507,1.05889415410762,0,0
14,"c_K2_npg500_equivalence_power","continuous","Adjusted",2,2,500,1000,"equivalence","power",0.28,0.05,100000,0.85114,0.848920349747704,0.853332673491592,0.85086,0.848638650006591,0.853054394744047,0.8504,0.848175863405248,0.852597216685454,0.00046,0.000248994987871388,-2.80212085589076e-05,0.000948021208558908,0.00074,0.00131262589363033,0.00237878377602652,0.999406409480517,1.02450801506182,1.02246374745496,1.02674093480167,1.00149511949115,1.00136932474365,1.00163226272637,1.00125641735664,0.947078376707072,1.05812838288254,1.00090897554137,0.946838147938576,1.0583930945661,0,0
14,"c_K2_npg500_equivalence_power","continuous","Unadjusted",2,2,500,1000,"equivalence","power",0.28,0.05,100000,0.8506,0.848377074081704,0.852795990643752,0.85036,0.848135621433918,0.852557461729833,0.8502,0.847974654094529,0.852398441361418,0.00016,0.000247790956258698,-0.000325661349961787,0.000645661349961787,4e-04,0.00131141088108999,0.00237841758905945,0.999408731581687,1.02447276246059,1.02243414606093,1.02669813312398,1.00149270139054,1.00136724288407,1.0016293595466,1.00133691226307,0.947143793342649,1.05817676317392,1.00100473709134,0.94682575199523,1.05839610830619,0,0
15,"c_K5_npg200_superiority_type1","continuous","Adjusted",3,5,200,400,"superiority","type1",0,0.05,100000,0.04998,0.0486466459967897,0.0513479273410596,0.04998,0.0486466459967897,0.0513479273410596,0.04992,0.0485874164736743,0.0512871614737485,6e-05,0.000188680470646096,-0.000309806927052415,0.000429806927052415,6e-05,0.00588648202578444,0.00775667187674548,0.999638865093034,1,1,1,,,,1.00057979886656,0.934206818247392,1.07245664162496,,,,0,
15,"c_K5_npg200_superiority_type1","continuous","Unadjusted",3,5,200,400,"superiority","type1",0,0.05,100000,0.04936,0.04803463375042,0.0507199872196888,0.04936,0.04803463375042,0.0507199872196888,0.05035,0.0490119065976087,0.0517226383145372,-0.00099,0.000191547816238461,-0.00136542682114468,-0.000614573178855319,-0.00099,0.00594969725262186,0.00784845847408575,0.999630790923178,1,1,1,,,,1.0082285257106,0.940363506506027,1.08171330497621,,,,0,
16,"c_K5_npg200_superiority_power","continuous","Adjusted",3,5,200,400,"superiority","power",0.3,0.05,100000,0.84809,0.845851978505886,0.850301279053396,0.84729,0.845047211733699,0.849506107286563,0.84788,0.845640725158256,0.850092548534533,-0.00059,0.000269253122493426,-0.00111772642281207,-6.22735771879328e-05,0.00021,0.00161744961593053,0.00320343462814636,0.999405157773618,1.00396304367159,1.00344309308236,1.00456155467309,,,,1.0008197234475,0.93476764183746,1.07234183981354,,,,0,
16,"c_K5_npg200_superiority_power","continuous","Unadjusted",3,5,200,400,"superiority","power",0.3,0.05,100000,0.84235,0.840078243731528,0.844595454810286,0.84133,0.839052360802667,0.843581416101897,0.84367,0.841405906417383,0.845907690713814,-0.00234,0.000291111819514365,-0.00291056868172208,-0.00176943131827792,-0.00132,0.00168801482115798,0.0033399969660804,0.999390670886782,1.00388863782575,1.00338598458247,1.00446823408427,,,,1.00828855274572,0.940912336705949,1.08167615719813,,,,0,
17,"c_K5_npg200_noninferiority_type1","continuous","Adjusted",3,5,200,400,"noninferiority","type1",-0.2,0.025,100000,0.02507,0.0241191167523378,0.0260573703267803,0.02507,0.0241191167523378,0.0260573703267803,0.02538,0.0244232887622,0.0263731745007883,-0.00031,0.000155239427958138,-0.00061426368777855,-5.7363122214497e-06,-0.00031,0.00490449156251088,0.00631309210127158,0.999762744311595,1,1,1,,,,1.0003815819816,0.934435137800222,1.07231963587518,,,,0,
17,"c_K5_npg200_noninferiority_type1","continuous","Unadjusted",3,5,200,400,"noninferiority","type1",-0.2,0.025,100000,0.02446,0.0235206991288214,0.0254358348142941,0.02446,0.0235206991288214,0.0254358348142941,0.02512,0.0241681741379737,0.0261083090998332,-0.00066,0.000154259138979719,-0.000962342356686408,-0.000357657643313592,-0.00066,0.00492065628030941,0.00633036181583174,0.999761266253976,1,1,1,,,,1.00797277954892,0.940466119937154,1.08182835399106,,,,0,
18,"c_K5_npg200_noninferiority_power","continuous","Adjusted",3,5,200,400,"noninferiority","power",0.1,0.025,100000,0.84878,0.846546107064634,0.850987097484553,0.84791,0.845670904117552,0.850122367270451,0.84814,0.84590227713967,0.8503509765783,-0.00023,0.000313209916835981,-0.000843880156599308,0.000383880156599308,0.00064,0.00105150451059032,0.00205165039345614,0.999134128551953,1.00396204321524,1.00344325882489,1.00455735739014,,,,1.00055059539453,0.934260198174305,1.07245723813513,,,,0,
18,"c_K5_npg200_noninferiority_power","continuous","Unadjusted",3,5,200,400,"noninferiority","power",0.1,0.025,100000,0.84361,0.841345556895182,0.845848044845589,0.84262,0.840349806542181,0.844863871256552,0.84456,0.842301104700583,0.846792424055274,-0.00194,0.000309133174591952,-0.00254588988862676,-0.00133411011137324,-0.00095,0.00108368040712321,0.00210897536705304,0.999114929780139,1.0038877961265,1.00338611848968,1.00446493209136,,,,1.0079554693296,0.940249670308079,1.08128060371766,,,,0,
19,"c_K5_npg200_equivalence_type1_lower","continuous","Adjusted",3,5,200,400,"equivalence","type1_lower",-0.45,0.05,100000,0.04915,0.0478273525092043,0.0505072845944119,0.04915,0.0478273525092043,0.0505072845944119,0.04907,0.0477483900031344,0.0504262532465798,8e-05,0.000174929248561883,-0.000262855027023946,0.000422855027023946,8e-05,0.00490653953605021,0.00632573367449229,0.999759776853895,1,1,1,1.03027410272419,1.02638601114969,1.03475761746345,1.00040923846665,0.934554742547268,1.07224606084491,1.00271157108168,0.937638925032718,1.07258354436247,0,0
19,"c_K5_npg200_equivalence_type1_lower","continuous","Unadjusted",3,5,200,400,"equivalence","type1_lower",-0.45,0.05,100000,0.04823,0.0469193435107103,0.049575364273033,0.04823,0.0469193435107103,0.049575364273033,0.04887,0.0475509880459032,0.050223670569056,-0.00064,0.000176057416663231,-0.000985066195871096,-0.000294933804128905,-0.00064,0.00493379952611717,0.00634899041997351,0.999758170570069,1,1,1,1.02979132576625,1.02600363936264,1.03414909606375,1.00797765664049,0.940501407873499,1.08142920981126,1.0087270950678,0.942260947038245,1.07996469503354,0,0
20,"c_K5_npg200_equivalence_type1_upper","continuous","Adjusted",3,5,200,400,"equivalence","type1_upper",0.45,0.05,100000,0.05071,0.0493673147598333,0.0520872024948716,0.05071,0.0493673147598333,0.0520872024948716,0.05076,0.0494166785122466,0.052137834901147,-5e-05,0.000184662708750628,-0.000411932258438841,0.000311932258438841,-5e-05,0.00493800920476398,0.00635171294549802,0.9997583614391,1.03029758056076,1.02639737516805,1.03478311886956,1,1,1,1.00284677606166,0.937352991567963,1.07237062718049,1.00041213818234,0.933946345382797,1.07271097093206,0,0
20,"c_K5_npg200_equivalence_type1_upper","continuous","Unadjusted",3,5,200,400,"equivalence","type1_upper",0.45,0.05,100000,0.0494,0.0480741166548213,0.0507605012422385,0.0494,0.0480741166548213,0.0507605012422385,0.05016,0.048824337796294,0.0515302217128347,-0.00076,0.000180539607691803,-0.00111385112885893,-0.000406148871141075,-0.00076,0.00495351896953345,0.00637078525634361,0.999756908323903,1.02981277030238,1.02600840979476,1.03416668759335,1,1,1,1.00894780913549,0.942141340744478,1.07990571851103,1.00804891006305,0.940219456086609,1.08183291836292,0,0
21,"c_K5_npg200_equivalence_power","continuous","Adjusted",3,5,200,400,"equivalence","power",0.18,0.05,100000,0.85169,0.849473696371948,0.853879284612924,0.85111,0.84889016750387,0.853302858040212,0.85093,0.848709074689714,0.853123964683088,0.00018,0.000273130778207274,-0.000355326488355654,0.000715326488355654,0.00076,0.00140988758457373,0.00255366992178982,0.999313740343301,1.01624266858,1.01413412892427,1.01866433498907,1.00322381992685,1.00280354605461,1.00370564642987,1.00166265289734,0.936650760648091,1.07232660918411,1.00066432899662,0.935038039918069,1.0722372431195,0,0
21,"c_K5_npg200_equivalence_power","continuous","Unadjusted",3,5,200,400,"equivalence","power",0.18,0.05,100000,0.84803,0.845791620255905,0.850241641912951,0.8474,0.845157865898492,0.849615444670886,0.84902,0.846787546840565,0.851225639270328,-0.00162,0.00027308332381374,-0.00215523347945342,-0.00108476652054658,-0.00099,0.00143783753698239,0.00260370644102907,0.999309046821559,1.01595856001663,1.01391310953485,1.01830402111328,1.00316299541927,1.00275659094183,1.00362767040319,1.00845894424357,0.942114587502532,1.08095573200833,1.00815804151533,0.940836417726038,1.08164490317448,0,0
22,"c_K5_npg1000_superiority_type1","continuous","Adjusted",4,5,1000,2000,"superiority","type1",0,0.05,100000,0.05114,0.0497918549595362,0.0525226292598919,0.05114,0.0497918549595362,0.0525226292598919,0.05114,0.0497918549595362,0.0525226292598919,0,0.000164317588841548,-0.000322056556155895,0.000322056556155895,0,0.00473207497033958,0.00618519459078714,0.999772128484295,1,1,1,,,,1.00046393208567,0.954997341991914,1.0480443483729,,,,0,
22,"c_K5_npg1000_superiority_type1","continuous","Unadjusted",4,5,1000,2000,"superiority","type1",0,0.05,100000,0.05116,0.0498116016699418,0.0525428810129617,0.05116,0.0498116016699418,0.0525428810129617,0.05109,0.0497424884371946,0.0524719996235447,7e-05,0.000162788869404852,-0.000249060321117504,0.000389060321117504,7e-05,0.00472570306489117,0.00618474846849515,0.999771702695308,1,1,1,,,,1.0021806734571,0.956589814883058,1.04991641102515,,,,0,
23,"c_K5_npg1000_superiority_power","continuous","Adjusted",4,5,1000,2000,"superiority","power",0.135,0.05,100000,0.85383,0.851626817560403,0.856005999016347,0.85366,0.851455769377104,0.855837060260103,0.8533,0.851093553040481,0.855479304254168,0.00036,0.00023366482403746,-9.79746395673104e-05,0.00081797463956731,0.00053,0.00124892089052471,0.00238659944267031,0.99965462860383,1.00069706542987,1.00065542508523,1.00074149291108,,,,1.00053850096311,0.955378926276992,1.04790454663401,,,,0,
23,"c_K5_npg1000_superiority_power","continuous","Unadjusted",4,5,1000,2000,"superiority","power",0.135,0.05,100000,0.85238,0.850167909633915,0.854565018340861,0.85225,0.850037114570337,0.854435823391848,0.85227,0.850057236849654,0.854455699576007,-2e-05,0.000231085546941649,-0.000472919349353372,0.000432919349353372,0.00011,0.00125537428103152,0.00239836400665026,0.999652367542296,1.00069437434505,1.00065307211161,1.00073853988825,,,,1.0022376242108,0.956888012143034,1.04972144812177,,,,0,
24,"c_K5_npg1000_noninferiority_type1","continuous","Adjusted",4,5,1000,2000,"noninferiority","type1",-0.2,0.025,100000,0.02575,0.0247863827946385,0.0267500520426466,0.02575,0.0247863827946385,0.0267500520426466,0.02587,0.0249041545342241,0.0268722710839139,-0.00012,0.000133416768062905,-0.000381492060337026,0.000141492060337027,-0.00012,0.00451154253193812,0.00586000792116597,0.999793973747104,1,1,1,,,,1.00057926755308,0.955632829041483,1.04811465395618,,,,0,
24,"c_K5_npg1000_noninferiority_type1","continuous","Unadjusted",4,5,1000,2000,"noninferiority","type1",-0.2,0.025,100000,0.02563,0.0246686166672464,0.0266278273891857,0.02563,0.0246686166672464,0.0266278273891857,0.02566,0.0246980576708588,0.0266583840807865,-3e-05,0.000145259085781353,-0.000314702576558666,0.000254702576558666,-3e-05,0.00451415218518187,0.00585940447182095,0.999794011502567,1,1,1,,,,1.0022900997777,0.957077072118644,1.04993863708784,,,,0,
25,"c_K5_npg1000_noninferiority_power","continuous","Adjusted",4,5,1000,2000,"noninferiority","power",-0.065,0.025,100000,0.85304,0.85083195517324,0.855220922096227,0.85283,0.850620666310958,0.855012227092017,0.85268,0.850469746635962,0.854863158290946,0.00015,0.000276948627014716,-0.00039280933451666,0.00069280933451666,0.00036,0.000913493136916124,0.00176994343859439,0.999347339109149,1.00069715251604,1.00065508303981,1.00074183360433,,,,1.00046335305627,0.954798397019607,1.04777067156308,,,,0,
25,"c_K5_npg1000_noninferiority_power","continuous","Unadjusted",4,5,1000,2000,"noninferiority","power",-0.065,0.025,100000,0.85172,0.849503879214903,0.853909099465182,0.85154,0.84932278262292,0.853730209885885,0.85162,0.849403269859163,0.853809716503544,-8e-05,0.000270186354219944,-0.000609555523385272,0.000449555523385272,1e-04,0.000915706798354412,0.00177484680772452,0.999346798471028,1.00069446124745,1.00065275163416,1.00073879885615,,,,1.00217014512813,0.956398172865487,1.04967197531552,,,,0,
26,"c_K5_npg1000_equivalence_type1_lower","continuous","Adjusted",4,5,1000,2000,"equivalence","type1_lower",-0.45,0.05,100000,0.04967,0.0483406326158711,0.051033964538108,0.04967,0.0483406326158711,0.051033964538108,0.04941,0.0480839874189872,0.0507706297098104,0.00026,0.000151656038440905,-3.72403733821959e-05,0.000557240373382196,0.00026,0.00451586902194927,0.00586302150499507,0.999794073919735,1,1,1,1.02588361451114,1.02434529537628,1.02751096219242,1.00042436888934,0.955610529279486,1.0480509686648,0.999685514910458,0.955457936718663,1.04664162099412,0,0
26,"c_K5_npg1000_equivalence_type1_lower","continuous","Unadjusted",4,5,1000,2000,"equivalence","type1_lower",-0.45,0.05,100000,0.04949,0.0481629540797765,0.0508516569029231,0.04949,0.0481629540797765,0.0508516569029231,0.04951,0.0481826958968864,0.0508719135492887,-2e-05,0.000150997430449165,-0.000315949525438455,0.000275949525438455,-2e-05,0.00451872311987464,0.0058628518163556,0.99979389506605,1,1,1,1.025800185406,1.02426809492369,1.02741956145905,1.00213099521206,0.957190530256075,1.04983875927119,1.00106603915393,0.956710864514029,1.04801976596645,0,0
27,"c_K5_npg1000_equivalence_type1_upper","continuous","Adjusted",4,5,1000,2000,"equivalence","type1_upper",0.45,0.05,100000,0.04917,0.0478470932891313,0.0505275422779603,0.04917,0.0478470932891313,0.0505275422779603,0.04926,0.0479359275567906,0.0506187010959408,-9e-05,0.000157162864575616,-0.000398033554275352,0.000218033554275352,-9e-05,0.00452750371922824,0.0058824469911071,0.999791800139072,1.0258855456687,1.02434818767586,1.02751734862559,1,1,1,0.999779671870001,0.955353538803888,1.04618608403351,1.00048663494585,0.955377579731442,1.04751964167508,0,0
27,"c_K5_npg1000_equivalence_type1_upper","continuous","Unadjusted",4,5,1000,2000,"equivalence","type1_upper",0.45,0.05,100000,0.04867,0.0473535922715733,0.0500210817086309,0.04867,0.0473535922715733,0.0500210817086309,0.04918,0.0478569637020819,0.0505376710967475,-0.00051,0.000169993199795949,-0.000843180549216782,-0.000176819450783218,-0.00051,0.00454127020224629,0.00589343002843302,0.999790940550699,1.02580210360674,1.02427057571863,1.02742385974213,1,1,1,1.00115991825661,0.956574293738614,1.04772560120764,1.00219700905479,0.956953323972766,1.04949056343263,0,0
28,"c_K5_npg1000_equivalence_power","continuous","Adjusted",4,5,1000,2000,"equivalence","power",0.33,0.05,100000,0.84882,0.846586346892417,0.851026854583721,0.84871,0.84647568749572,0.850917522431303,0.8483,0.846063233331044,0.850510008094731,0.00041,0.00024959756006273,-7.92022283520243e-05,0.000899202228352024,0.00052,0.00125409615062489,0.00226336556066141,0.999478722338486,1.02029194550618,1.01908185612258,1.02158145936805,1.00055132615809,1.00051807306032,1.00058648826417,0.999939615110867,0.955335748292717,1.04656382983262,1.00049610810751,0.955316144394496,1.04782353948,0,0
28,"c_K5_npg1000_equivalence_power","continuous","Unadjusted",4,5,1000,2000,"equivalence","power",0.33,0.05,100000,0.84764,0.845399294566963,0.84985399756412,0.84755,0.845308758591156,0.849764540454288,0.84798,0.845741321806348,0.850191944203819,-0.00043,0.000247181637642483,-0.000914467107418897,5.44671074188972e-05,-0.00034,0.00125476422292019,0.00226364799564423,0.999480933246038,1.02022371522454,1.0190189847935,1.02150680857557,1.00054919698896,1.00051618320994,1.00058416935077,1.00139011039387,0.956478020922902,1.0481977471567,1.00219963149317,0.956806311765398,1.04972274603009,0,0
29,"b_K2_npg100_superiority_type1","binary","Adjusted",1,2,100,200,"superiority","type1",0,0.05,100000,0.05018,0.0488440816279262,0.051550476344678,0.05018,0.0488440816279262,0.051550476344678,0.04813,0.0468206548488471,0.0494740606175187,0.00205,0.000247504722350782,0.00156489965818888,0.00253510034181112,0.00205,0.0175193100382494,0.0226682555833152,0.997306678438782,1,1,1,,,,1.00261771868951,0.908857408757886,1.10716505806108,,,,0,
29,"b_K2_npg100_superiority_type1","binary","Unadjusted",1,2,100,200,"superiority","type1",0,0.05,100000,0.04082,0.0396111281726263,0.0420641488934455,0.04082,0.0396111281726263,0.0420641488934455,0.04253,0.0412967583877576,0.0437983873054692,-0.00171,0.000208497466919523,-0.0021186475260301,-0.0013013524739699,-0.00171,0.00713456514109382,0.00973724171534573,0.999478467616949,1,1,1,,,,1.00271313068827,0.90899724293445,1.10725536158086,,,,0,
30,"b_K2_npg100_superiority_power","binary","Adjusted",1,2,100,200,"superiority","power",0.2,0.05,100000,0.88074,0.878716640158643,0.882734109024387,0.8783,0.876259103449584,0.880311833189436,0.8762,0.87414422199111,0.878226875982983,0.0021,0.00034228215198944,0.00142913930954983,0.00277086069045017,0.00454,0.00257148938238217,0.00625424568521439,0.997061177763547,1.01088248133267,1.00914388884632,1.01300306278603,,,,1.0031725737312,0.909669755151779,1.1073945347535,,,,0,
30,"b_K2_npg100_superiority_power","binary","Unadjusted",1,2,100,200,"superiority","power",0.2,0.05,100000,0.86215,0.859999387678825,0.864272789703731,0.85999,0.857825495828322,0.862126847498881,0.86321,0.861066269295748,0.865325826651009,-0.00322,0.000311283287333184,-0.00383010403216227,-0.00260989596783773,-0.00106,0.00200617305258702,0.00420656680889125,0.998847888930269,1.01087118429142,1.00913510232412,1.01298597058473,,,,1.00323250476243,0.909665545291667,1.10751283190365,,,,0,
31,"b_K2_npg100_noninferiority_type1","binary","Adjusted",1,2,100,200,"noninferiority","type1",-0.1,0.025,100000,0.02359,0.0226674902134554,0.024549110568476,0.02359,0.0226674902134554,0.024549110568476,0.02283,0.0219224321403946,0.0237742270294679,0.00076,0.000171448295253024,0.000423967516093283,0.00109603248390672,0.00076,0.00556620198446237,0.00712395192573451,0.999698637496964,1.00000024477087,1.00000003967946,1.00000045210262,,,,1.0023946475216,0.908635738330167,1.10643091073984,,,,0,
31,"b_K2_npg100_noninferiority_type1","binary","Unadjusted",1,2,100,200,"noninferiority","type1",-0.1,0.025,100000,0.02445,0.0235108902908893,0.0254256444204884,0.02445,0.0235108902908893,0.0254256444204884,0.02253,0.0216284034521451,0.0234682787655849,0.00192,0.000181006805492687,0.00156523318027769,0.00227476681972231,0.00192,0.00599384065887695,0.00767854989820066,0.999682762761867,1.00000024445464,1.00000003965569,1.00000045123782,,,,1.00247578238036,0.908669471583439,1.1065376031309,,,,0,
32,"b_K2_npg100_noninferiority_power","binary","Adjusted",1,2,100,200,"noninferiority","power",0.1,0.025,100000,0.84117,0.838891440995538,0.843422348201222,0.83902,0.836729159474133,0.841284794899011,0.83997,0.83768456826215,0.84222931312608,-0.00095,0.00034855729790373,-0.00163315975043991,-0.000266840249560092,0.0012,0.00130519067920937,0.00256119695629507,0.998707515855501,1.00968804994868,1.00877156470289,1.01093070233516,,,,1.0031849181956,0.909416383272566,1.10713985824809,,,,0,
32,"b_K2_npg100_noninferiority_power","binary","Unadjusted",1,2,100,200,"noninferiority","power",0.1,0.025,100000,0.84083,0.838549489100869,0.843084326216807,0.83898,0.83668893235511,0.841245025091083,0.8385,0.836206210816661,0.84076778350612,0.00048,0.000346697127171718,-0.000199513882800069,0.00115951388280007,0.00233,0.00133330159801554,0.00263446986194921,0.998692807374383,1.00967718467499,1.00876530827332,1.01091311494644,,,,1.00324241333549,0.909279526099235,1.10725079484483,,,,0,
33,"b_K2_npg100_equivalence_type1_lower","binary","Adjusted",1,2,100,200,"equivalence","type1_lower",-0.21,0.05,100000,0.04729,0.0459917329139964,0.0486230470863985,0.04729,0.0459917329139964,0.0486230470863985,0.04622,0.0449360101787393,0.0475388520257165,0.00107,0.000175752268516365,0.000725531883506711,0.00141446811649329,0.00107,0.00553075645439851,0.00707452006194089,0.99970055958076,1.00000031433882,0.999999076504813,1.00000149569209,1.035253940577,1.03322761709752,1.03772767023293,1.00230210382531,0.907942452532953,1.10598340601884,1.00477544309753,0.909344220093251,1.10716340017098,0,0
33,"b_K2_npg100_equivalence_type1_lower","binary","Unadjusted",1,2,100,200,"equivalence","type1_lower",-0.21,0.05,100000,0.04742,0.0461200110483152,0.0487547589646705,0.04742,0.0461200110483152,0.0487547589646705,0.04652,0.0452319881466848,0.0478428510099035,9e-04,0.000157455225132221,0.000591393429563201,0.0012086065704368,9e-04,0.00555005880222773,0.00710149354999245,0.99969828624044,1.00000031407336,0.999999078857052,1.00000149344155,1.03521812038841,1.03321281973225,1.0376456703722,1.00239763964173,0.907993466253579,1.10596004297509,1.00479915073713,0.909572390436479,1.10710756719131,0,0
34,"b_K2_npg100_equivalence_type1_upper","binary","Adjusted",1,2,100,200,"equivalence","type1_upper",0.21,0.05,100000,0.04955,0.0482221797131569,0.0509124266599692,0.04955,0.0482221797131569,0.0509124266599692,0.04992,0.0485874164736743,0.0512871614737485,-0.00037,0.000200746192965957,-0.000763455308246804,2.34553082468038e-05,-0.00037,0.00555181642445652,0.00710124494183011,0.999697282373372,1.04157041225235,1.03609174536482,1.04875491908719,1.00002843662298,0.999981120252741,1.00007584494072,1.00531438963665,0.910219623544232,1.10837536038625,1.0024550997226,0.909519540402952,1.1067139180023,0,0
34,"b_K2_npg100_equivalence_type1_upper","binary","Unadjusted",1,2,100,200,"equivalence","type1_upper",0.21,0.05,100000,0.04969,0.0483603749779866,0.0510542206394679,0.04968,0.0483505037893788,0.051044092596338,0.05,0.0486663892909782,0.0513681825103465,-0.00032,0.000199497804483632,-0.000711008511782732,7.10085117827323e-05,-0.00031,0.00557646461070005,0.00713546591588188,0.9996943148952,1.04153335374822,1.03606309257211,1.04870847530184,1.00002840948165,0.999981152300528,1.00007580198797,1.00531929388352,0.910482793644299,1.10849997209216,1.0025333441359,0.909650865711038,1.10697082815361,0,0
35,"b_K2_npg100_equivalence_power","binary","Adjusted",1,2,100,200,"equivalence","power",0,0.05,100000,0.83638,0.834074276025891,0.838659881168488,0.83485,0.83253574829156,0.837138526446943,0.83652,0.834215059906941,0.838799086531766,-0.00167,0.000313166236575802,-0.00228379454486252,-0.00105620545513748,-0.00014,0.00215940547964362,0.00340332675708627,0.998454480868576,1.00998202724484,1.00920471653215,1.01098832114389,1.00997798323603,1.00920351655523,1.01098402806099,1.00299560144561,0.909219608000261,1.10617877844825,1.00286711219932,0.909216220954137,1.1063367203668,0,0
35,"b_K2_npg100_equivalence_power","binary","Unadjusted",1,2,100,200,"equivalence","power",0,0.05,100000,0.83468,0.832364805153057,0.836969482645904,0.83366,0.831339164628278,0.835955201533433,0.83607,0.833762542423039,0.83835163858747,-0.00241,0.000300071357227422,-0.0029981290529578,-0.0018218709470422,-0.00139,0.00216848120947073,0.00342085807116004,0.998440039104268,1.0099704866107,1.00919907047086,1.0109652170913,1.00996647077113,1.00919855530983,1.01096232228631,1.0030747271945,0.909198092939047,1.1063853864704,1.00294202444721,0.90908490885187,1.10625863242323,0,0
36,"b_K2_npg500_superiority_type1","binary","Adjusted",2,2,500,1000,"superiority","type1",0,0.05,100000,0.04999,0.0486565176364004,0.0513580549331866,0.04999,0.0486565176364004,0.0513580549331866,0.04967,0.0483406326158711,0.051033964538108,0.00032,0.000173202990715523,-1.94716238170503e-05,0.00065947162381705,0.00032,0.00897713998782887,0.0115256021301394,0.999281524609671,1,1,1,,,,1.00079237421363,0.946428941916222,1.05884585172881,,,,0,
36,"b_K2_npg500_superiority_type1","binary","Unadjusted",2,2,500,1000,"superiority","type1",0,0.05,100000,0.04683,0.0455378477231666,0.0481569676172919,0.04683,0.0455378477231666,0.0481569676172919,0.04671,0.0454194485870911,0.0480353759725145,0.00012,0.000171464719407443,-0.000216064674657855,0.000456064674657855,0.00012,0.00504931558551379,0.00668836128958458,0.999742426864231,1,1,1,,,,1.00080024791697,0.946399141880836,1.05880960133884,,,,0,
37,"b_K2_npg500_superiority_power","binary","Adjusted",2,2,500,1000,"superiority","power",0.1,0.05,100000,0.91692,0.915193289164345,0.918614680445858,0.91662,0.914890495565663,0.918317497092408,0.91609,0.914355576314904,0.917792457061067,0.00053,0.000211418159050607,0.000115628022583049,0.000944371977416951,0.00083,0.00111165276944731,0.00256426729834949,0.99920747859049,1.00232695329715,1.00219421566984,1.00247245312955,,,,1.0008690388958,0.946674262046786,1.05814023414307,,,,0,
37,"b_K2_npg500_superiority_power","binary","Unadjusted",2,2,500,1000,"superiority","power",0.1,0.05,100000,0.9113,0.909522022987845,0.913046378385744,0.91093,0.909148724591888,0.912679705207404,0.91186,0.910087032725743,0.91360132562516,-0.00093,0.0002080667775448,-0.00133780339036711,-0.000522196609632885,-0.00056,0.000998111599590428,0.00208868494192739,0.999490873431307,1.00232663208975,1.00219373374445,1.00247217736977,,,,1.00087802612874,0.946648330806899,1.05817190420557,,,,0,
38,"b_K2_npg500_noninferiority_type1","binary","Adjusted",2,2,500,1000,"noninferiority","type1",-0.1,0.025,100000,0.02507,0.0241191167523378,0.0260573703267803,0.02507,0.0241191167523378,0.0260573703267803,0.02473,0.023785553551844,0.0257109596481907,0.00034,0.000142123347801946,6.14433569459253e-05,0.000618556643054075,0.00034,0.00468918916798538,0.00607124776033956,0.999780552760162,1.00000023900067,1.00000014686749,1.00000033075619,,,,1.00055521960912,0.946399030585204,1.05794377415995,,,,0,
38,"b_K2_npg500_noninferiority_type1","binary","Unadjusted",2,2,500,1000,"noninferiority","type1",-0.1,0.025,100000,0.02535,0.0243938510784212,0.0263426144893539,0.02535,0.0243938510784212,0.0263426144893539,0.02465,0.0237070750033322,0.0256294443428005,7e-04,0.00014627137092787,0.000413313381012075,0.000986686618987925,7e-04,0.00479287598689904,0.00621122709583424,0.99977634292807,1.00000023896116,1.00000014689758,1.00000033063034,,,,1.0005634017546,0.9463456379247,1.05800284799025,,,,0,
39,"b_K2_npg500_noninferiority_power","binary","Adjusted",2,2,500,1000,"noninferiority","power",0,0.025,100000,0.89868,0.89679441489603,0.90053495602452,0.89835,0.896461728567067,0.900207667706139,0.89931,0.897429560415802,0.901159762104227,-0.00096,0.000246559104301416,-0.00144324696449123,-0.000476753035508771,-0.00063,0.000762827999361073,0.00155760392138289,0.999069240993425,1.00218008715584,1.00211743392904,1.00225496700235,,,,1.00103816486001,0.946903070999433,1.05812124445755,,,,0,
39,"b_K2_npg500_noninferiority_power","binary","Unadjusted",2,2,500,1000,"noninferiority","power",0,0.025,100000,0.89817,0.896280265875346,0.90002914422658,0.89786,0.895967751046746,0.899721682871309,0.89866,0.896774251913686,0.900515120543389,-8e-04,0.000248986385054032,-0.00128800434734672,-0.000311995652653276,-0.00049,0.000769837783815513,0.00157627434495422,0.99906846776037,1.00217976612546,1.00211725099221,1.00225454704585,,,,1.00104580149078,0.946898367111872,1.05813336337252,,,,0,
40,"b_K2_npg500_equivalence_type1_lower","binary","Adjusted",2,2,500,1000,"equivalence","type1_lower",-0.1,0.05,100000,0.04908,0.0477582602626531,0.0504363822187988,0.04908,0.0477582602626531,0.0504363822187988,0.0482,0.0468897367465655,0.0495449733419645,0.00088,0.000170271976336341,0.000546273058804315,0.00121372694119569,0.00088,0.00468528963197361,0.00606330632712931,0.999779395717297,1.00000023898333,1.00000014705967,1.00000033065313,1.0082891735045,1.00811035021352,1.0085038235224,1.0007473918225,0.946067898452512,1.05833589178605,1.00090097423923,0.94642239867828,1.05798613189325,0,0
40,"b_K2_npg500_equivalence_type1_lower","binary","Unadjusted",2,2,500,1000,"equivalence","type1_lower",-0.1,0.05,100000,0.04959,0.0482616637719298,0.0509529395281473,0.04959,0.0482616637719298,0.0509529395281473,0.04789,0.0465838085142873,0.0492309253903726,0.0017,0.00017598695893189,0.00135507189874477,0.00204492810125523,0.0017,0.00478615105376497,0.00619465123021815,0.999775502398745,1.0000002389438,1.00000014705402,1.00000033054764,1.0082879762033,1.00810956548798,1.00850198242607,1.00075433146118,0.946128297943519,1.05825058826503,1.00090664524709,0.946467864432858,1.05798111136886,0,0
41,"b_K2_npg500_equivalence_type1_upper","binary","Adjusted",2,2,500,1000,"equivalence","type1_upper",0.1,0.05,100000,0.05034,0.0490020344218445,0.0517125112585636,0.05034,0.0490020344218445,0.0517125112585636,0.05001,0.048676260960519,0.0513783100725435,0.00033,0.000174066694091974,-1.11644513282205e-05,0.00067116445132822,0.00033,0.00467455479005845,0.0060439770610614,0.999781573267511,1.00899626536495,1.0085863816713,1.00946093826284,1.00000269837173,1.00000090826093,1.0000044918804,1.00094766217926,0.946865360505728,1.05863489783227,1.00077623914779,0.946454631144247,1.05868261691585,0,0
41,"b_K2_npg500_equivalence_type1_upper","binary","Unadjusted",2,2,500,1000,"equivalence","type1_upper",0.1,0.05,100000,0.0504,0.0490612676985767,0.051773273372258,0.05039,0.0490513954487774,0.0517631463903195,0.04972,0.0483899886343672,0.0510846046783006,0.00067,0.000178033221501727,0.000321061297804974,0.00101893870219503,0.00068,0.00478640455715146,0.0061952738901133,0.999776583330878,1.00899505620554,1.00858506245675,1.00945998106117,1.00000269804313,1.00000090810234,1.00000449170183,1.00095417737186,0.946868722253895,1.05870447695091,1.0007839323305,0.946562336319576,1.05862644873267,0,0
42,"b_K2_npg500_equivalence_power","binary","Adjusted",2,2,500,1000,"equivalence","power",0,0.05,100000,0.88997,0.888015492530718,0.891894547546254,0.88977,0.887813956580898,0.891696098861319,0.88997,0.888015492530718,0.891894547546254,-2e-04,0.000239583334148454,-0.000669574706226995,0.000269574706226995,0,0.00130525416665664,0.00216176917103283,0.999022165745672,1.00218012867878,1.0021182843649,1.00225500813987,1.00217986037232,1.00211761048461,1.00225427295871,1.00089647705041,0.946310716538574,1.05813110652917,1.00088958515407,0.946448409558985,1.05829477657009,0,0
42,"b_K2_npg500_equivalence_power","binary","Unadjusted",2,2,500,1000,"equivalence","power",0,0.05,100000,0.88963,0.887672882616736,0.891557183581153,0.88941,0.887451196952152,0.891338886147506,0.88949,0.887531809639512,0.891418267314048,-8e-05,0.000237908600107321,-0.000546292287822691,0.000386292287822691,0.00014,0.00131682782611801,0.00217982279952193,0.999024581203563,1.00217981018005,1.0021180830708,1.00225449830891,1.00217954205033,1.00211738521206,1.00225378647838,1.00090593298183,0.9463164184656,1.05815757602801,1.00089910390149,0.946539892419621,1.05833173160926,0,0
43,"b_K5_npg200_superiority_type1","binary","Adjusted",3,5,200,400,"superiority","type1",0,0.05,100000,0.04972,0.0483899886343672,0.0510846046783006,0.04972,0.0483899886343672,0.0510846046783006,0.04999,0.0486565176364004,0.0513580549331866,-0.00027,0.000190524628319518,-0.000643421409674135,0.000103421409674136,-0.00027,0.00763998442383979,0.00976151945948393,0.999429619740248,1,1,1,,,,1.00063723834865,0.934694179842466,1.07256704407563,,,,0,
43,"b_K5_npg200_superiority_type1","binary","Unadjusted",3,5,200,400,"superiority","type1",0,0.05,100000,0.04467,0.0434070337729405,0.0459679475121644,0.04467,0.0434070337729405,0.0459679475121644,0.04449,0.0432295021887859,0.0457854929250395,0.00018,0.000171464194512292,-0.000156063645882263,0.000516063645882263,0.00018,0.00563762830291009,0.00754987845551105,0.999678995618548,1,1,1,,,,1.00185923981191,0.93580494443206,1.07399770058863,,,,0,
44,"b_K5_npg200_superiority_power","binary","Adjusted",3,5,200,400,"superiority","power",0.14,0.05,100000,0.85372,0.851516139208283,0.855896685819351,0.85273,0.850520053107248,0.85491284797835,0.85244,0.850228276784151,0.854624646581052,0.00029,0.000281602471578981,-0.000261930702252267,0.000841930702252267,0.00128,0.00173177722582385,0.00360576699710721,0.999216001186568,1.00403598386251,1.00355641952943,1.00457292671578,,,,1.00082310770665,0.93489021869004,1.07243743589166,,,,0,
44,"b_K5_npg200_superiority_power","binary","Unadjusted",3,5,200,400,"superiority","power",0.14,0.05,100000,0.84045,0.838167311899957,0.842706532611686,0.83928,0.836990636965734,0.841543297432591,0.84059,0.838308113495832,0.842845720260138,-0.00131,0.000281928419702871,-0.00186256954883592,-0.00075743045116408,-0.00014,0.00167177951970127,0.00328248704652274,0.999430457197514,1.00402395812975,1.00354693645861,1.00455814096872,,,,1.00194763575819,0.935834547086208,1.073856887599,,,,0,
45,"b_K5_npg200_noninferiority_type1","binary","Adjusted",3,5,200,400,"noninferiority","type1",-0.1,0.025,100000,0.02334,0.0224223764787715,0.0242942435097161,0.02334,0.0224223764787715,0.0242942435097161,0.02325,0.0223341423954133,0.0242024845074346,9e-05,0.000150665676255162,-0.00020529929916649,0.00038529929916649,9e-05,0.00487509961886829,0.00627611074272257,0.999764448714357,1.00000022151984,0.999999019560796,1.00000132021215,,,,1.00039759526343,0.93421231696288,1.07239225606956,,,,0,
45,"b_K5_npg200_noninferiority_type1","binary","Unadjusted",3,5,200,400,"noninferiority","type1",-0.1,0.025,100000,0.02315,0.0222361088245361,0.0241005257609344,0.02315,0.0222361088245361,0.0241005257609344,0.02299,0.0220792645944489,0.0239373822832176,0.00016,0.000139283660202467,-0.00011299095763175,0.00043299095763175,0.00016,0.00510934803466389,0.00658608371895388,0.99975344860054,1.00000022077196,0.999999023585326,1.00000131634161,,,,1.00164395231235,0.935148680553381,1.07387853284294,,,,0,
46,"b_K5_npg200_noninferiority_power","binary","Adjusted",3,5,200,400,"noninferiority","power",0.05,0.025,100000,0.874,0.871928836955996,0.876042430035792,0.87298,0.870901773797564,0.875029571556973,0.8732,0.87112329351609,0.875248034936678,-0.00022,0.000282489493615647,-0.000773669233497626,0.000333669233497626,8e-04,0.000942546114530167,0.00187778214533374,0.999096907502213,1.00428877276474,1.00403240114373,1.00460894215097,,,,1.00090263933121,0.934695309487213,1.07268854342322,,,,0,
46,"b_K5_npg200_noninferiority_power","binary","Unadjusted",3,5,200,400,"noninferiority","power",0.05,0.025,100000,0.8732,0.87112329351609,0.875248034936678,0.872,0.869915028751002,0.874056391893236,0.8719,0.869814342731108,0.873957085595752,1e-04,0.00029529776837589,-0.000478772990731795,0.000678772990731795,0.0013,0.000954488362820241,0.00191110014012584,0.999092549248504,1.00427555327336,1.00402360620003,1.00459051669017,,,,1.00205911602913,0.935716639122065,1.07399937091147,,,,0,
47,"b_K5_npg200_equivalence_type1_lower","binary","Adjusted",3,5,200,400,"equivalence","type1_lower",-0.15,0.05,100000,0.04821,0.0468996056521895,0.0495551036680783,0.04821,0.0468996056521895,0.0495551036680783,0.04826,0.0469489504166042,0.0496057550623523,-5e-05,0.000179165554733398,-0.000401158034547599,0.000301158034547599,-5e-05,0.00489246862579114,0.00629767694500909,0.999762832902636,1.00000019923197,0.999998828327214,1.00000144845064,1.01540309255564,1.01480396257948,1.01612524523993,1.00044139981656,0.934352122669003,1.07216353305629,1.00156350078667,0.935904783204432,1.07202064668727,0,0
47,"b_K5_npg200_equivalence_type1_lower","binary","Unadjusted",3,5,200,400,"equivalence","type1_lower",-0.15,0.05,100000,0.04652,0.0452319881466848,0.0478428510099035,0.04652,0.0452319881466848,0.0478428510099035,0.04762,0.0463173673448582,0.0489573873028824,-0.0011,0.000163058780449296,-0.00141958933704364,-0.000780410662956356,-0.0011,0.00500647217436865,0.00644546025621512,0.999758706520476,1.00000019857225,0.999998832782674,1.00000144361329,1.01535752535968,1.01477918055413,1.01604509111774,1.00169811978617,0.93534971784241,1.07373211142989,1.00265791000157,0.936826831461921,1.07357553985037,0,0
48,"b_K5_npg200_equivalence_type1_upper","binary","Adjusted",3,5,200,400,"equivalence","type1_upper",0.15,0.05,100000,0.05058,0.0492389707207945,0.0519555565213196,0.05058,0.0492389707207945,0.0519555565213196,0.05034,0.0490020344218445,0.0517125112585636,0.00024,0.000172625959801107,-9.83406640068296e-05,0.00057834066400683,0.00024,0.00490630679213458,0.00631641078724503,0.999761604111898,1.0173259393067,1.01576294421668,1.0191986382357,1.00000644164923,0.999986611909576,1.00002560702547,1.00197740772638,0.936185238107816,1.07330825528768,1.00068333016009,0.934264961393999,1.07322993960867,0,0
48,"b_K5_npg200_equivalence_type1_upper","binary","Unadjusted",3,5,200,400,"equivalence","type1_upper",0.15,0.05,100000,0.05026,0.0489230575495868,0.0516314942769194,0.05026,0.0489230575495868,0.0516314942769194,0.04991,0.0485775449389529,0.0512770337767321,0.00035,0.000174639857967347,7.71216811880875e-06,0.000692287831881191,0.00035,0.00502385071369574,0.00647395766897931,0.99975751061627,1.0172783229368,1.01572854516849,1.01913382117854,1.00000642279516,0.999986653893617,1.00002551743479,1.00295699316319,0.937050617548557,1.07449873235258,1.00183210921105,0.935501184942902,1.0747669073013,0,0
49,"b_K5_npg200_equivalence_power","binary","Adjusted",3,5,200,400,"equivalence","power",0,0.05,100000,0.84986,0.847632601394296,0.852060520182567,0.84897,0.84673724672702,0.851175943225184,0.84883,0.846596406857787,0.851036793850088,0.00014,0.000291548716351817,-0.000431424983788446,0.000711424983788446,0.00103,0.00169504101974554,0.00268155973985388,0.998992735814066,1.0041840462826,1.00397015349002,1.00445092514395,1.00418347095746,1.00397109363999,1.00445023343623,1.00086213775735,0.935101829917478,1.07238192650439,1.00082324221729,0.93491668905059,1.07221619158447,0,0
49,"b_K5_npg200_equivalence_power","binary","Unadjusted",3,5,200,400,"equivalence","power",0,0.05,100000,0.84799,0.845751381489563,0.850201883752341,0.84639,0.844141874573836,0.848611513590028,0.84742,0.845177984880847,0.849635324152005,-0.00103,0.000303134145062901,-0.00162413200680763,-0.000435867993192373,0.00057,0.00171600917156543,0.00272077997739311,0.998978403657985,1.00417093277767,1.00396289906477,1.00443058027343,1.0041703746822,1.00396328519693,1.00442996378872,1.00202962175016,0.936218380787873,1.07381173810138,1.00198898238238,0.935844027201216,1.07365181958518,0,0
50,"b_K5_npg1000_superiority_type1","binary","Adjusted",4,5,1000,2000,"superiority","type1",0,0.05,100000,0.0491,0.0477780008277757,0.0504566401171517,0.0491,0.0477780008277757,0.0504566401171517,0.04883,0.0475115083952526,0.0501831532927556,0.00027,0.000165829870636955,-5.50205740093683e-05,0.000595020574009368,0.00027,0.0054549660996508,0.00700075428618691,0.99970467397348,1,1,1,,,,1.00081018763802,0.955604919404879,1.04834220343043,,,,0,
50,"b_K5_npg1000_superiority_type1","binary","Unadjusted",4,5,1000,2000,"superiority","type1",0,0.05,100000,0.04644,0.0451530592237148,0.0477617860789716,0.04644,0.0451530592237148,0.0477617860789716,0.04664,0.0453503835200925,0.0479644464173488,-2e-04,0.000158113408661406,-0.000509896586449219,0.000109896586449219,-2e-04,0.00466635813684633,0.00614033725598289,0.999779174309661,1,1,1,,,,1.00096011619723,0.95577044619963,1.04851170327996,,,,0,
51,"b_K5_npg1000_superiority_power","binary","Adjusted",4,5,1000,2000,"superiority","power",0.07,0.05,100000,0.90626,0.904437865715848,0.908050922861916,0.90613,0.904306748275047,0.907922050290127,0.90559,0.903762117873205,0.90738672217813,0.00054,0.000200493107050554,0.000147040731032382,0.000932959268967618,0.00067,0.000982319092726225,0.00202324232185471,0.999537463823529,1.00082485881109,1.00078566158424,1.00086568528727,,,,1.00043185042851,0.954786685664472,1.0478888927828,,,,0,
51,"b_K5_npg1000_superiority_power","binary","Unadjusted",4,5,1000,2000,"superiority","power",0.07,0.05,100000,0.90239,0.900535044711113,0.904214041184143,0.90231,0.900454375770486,0.904134716270867,0.90194,0.90008128684183,0.903767833625227,0.00037,0.000199246149248297,-2.05152765849541e-05,0.000760515276584954,0.00045,0.000967677507169385,0.00194369039181858,0.999595809485297,1.00082456158704,1.00078536154595,1.00086537198276,,,,1.00057661105305,0.954899553812633,1.04802531042338,,,,0,
52,"b_K5_npg1000_noninferiority_type1","binary","Adjusted",4,5,1000,2000,"noninferiority","type1",-0.1,0.025,100000,0.02433,0.0233931875218121,0.0253033564087127,0.02433,0.0233931875218121,0.0253033564087127,0.02442,0.0234814640294165,0.025395072986748,-9e-05,0.000143875383583272,-0.000371990570085098,0.000191990570085098,-9e-05,0.00452794785197964,0.00588293473539038,0.999792211704781,1.00000019439442,0.999999667918806,1.00000070017232,,,,1.00045745549135,0.95465137904244,1.04786175367513,,,,0,
52,"b_K5_npg1000_noninferiority_type1","binary","Unadjusted",4,5,1000,2000,"noninferiority","type1",-0.1,0.025,100000,0.02399,0.0230597296005411,0.0249568404509002,0.02399,0.0230597296005411,0.0249568404509002,0.02421,0.0232754908498262,0.0251810622998455,-0.00022,0.000140711456524168,-0.000495789386999542,5.57893869995422e-05,-0.00022,0.00459219466471636,0.00596715690455023,0.999789354442636,1.00000019431483,0.999999668000379,1.00000069984726,,,,1.00061009599559,0.954830717242571,1.04802684935041,,,,0,
53,"b_K5_npg1000_noninferiority_power","binary","Adjusted",4,5,1000,2000,"noninferiority","power",-0.03,0.025,100000,0.89317,0.891240346112434,0.895069448120618,0.89296,0.891028698821555,0.894861111545004,0.89275,0.890817053842712,0.894652772657354,0.00021,0.000247992286173823,-0.000276055949344443,0.000696055949344443,0.00042,0.000755989760750008,0.00150939818182334,0.999227547657724,1.00078730464896,1.00077050261303,1.00080580384969,,,,1.00044486658575,0.955335771113098,1.04777587278504,,,,0,
53,"b_K5_npg1000_noninferiority_power","binary","Unadjusted",4,5,1000,2000,"noninferiority","power",-0.03,0.025,100000,0.89368,0.891754356338568,0.895575398713109,0.89348,0.891552782065885,0.895376988351037,0.89239,0.890454239240812,0.894295614916695,0.00109,0.000245130006092873,0.000609554016527885,0.00157044598347211,0.00129,0.00076151205966222,0.0015222456523364,0.999224824291072,1.0007870084734,1.0007703223132,1.00080538901889,,,,1.00059674616998,0.955451207177908,1.0479596212639,,,,0,
54,"b_K5_npg1000_equivalence_type1_lower","binary","Adjusted",4,5,1000,2000,"equivalence","type1_lower",-0.1,0.05,100000,0.0486,0.047284505217953,0.0499501741400869,0.0486,0.047284505217953,0.0499501741400869,0.04857,0.0472548967142887,0.0499197849485381,3e-05,0.000156525512305103,-0.000276784366779683,0.000336784366779683,3e-05,0.00454555390980643,0.00589909170670421,0.99979068582909,1.00000019320852,0.9999996691927,1.00000069684569,1.00613236552575,1.0060239869666,1.00625280071677,1.00048919510599,0.954939420016841,1.04812064255174,1.00030274863735,0.955146392904769,1.04775260932012,0,0
54,"b_K5_npg1000_equivalence_type1_lower","binary","Unadjusted",4,5,1000,2000,"equivalence","type1_lower",-0.1,0.05,100000,0.04792,0.0466134138062993,0.0492613177935738,0.04792,0.0466134138062993,0.0492613177935738,0.04839,0.0470772486437456,0.0497374468478017,-0.00047,0.00015132091719336,-0.000766583547806554,-0.000173416452193446,-0.00047,0.00459991621086775,0.00597376738633531,0.999788062902572,1.00000019312993,0.999999669341452,1.00000069659136,1.00613013959488,1.00602241578983,1.00624999498768,1.00063959013715,0.955067260887877,1.04825488981668,1.0004454390311,0.955337605383174,1.04800416003114,0,0
55,"b_K5_npg1000_equivalence_type1_upper","binary","Adjusted",4,5,1000,2000,"equivalence","type1_upper",0.1,0.05,100000,0.04997,0.0486367743721504,0.0513377997339611,0.04997,0.0486367743721504,0.0513377997339611,0.04991,0.0485775449389529,0.0512770337767321,6e-05,0.000156205659315183,-0.000246157466439092,0.000366157466439092,6e-05,0.00453925862899631,0.0058939664641976,0.999791486039898,1.00664035365986,1.006393136018,1.00690648067231,1.00000191692189,0.999999170508466,1.00000462789992,1.00040580663153,0.955326449005538,1.04750427359951,1.00060624283196,0.955412919358957,1.04796269523226,0,0
55,"b_K5_npg1000_equivalence_type1_upper","binary","Unadjusted",4,5,1000,2000,"equivalence","type1_upper",0.1,0.05,100000,0.05,0.0486663892909782,0.0513681825103465,0.05,0.0486663892909782,0.0513681825103465,0.04968,0.0483505037893788,0.051044092596338,0.00032,0.000163092740465221,3.44102548229289e-07,0.000639655897451771,0.00032,0.0045962057022585,0.0059768832806524,0.999788749215714,1.00663808663637,1.00639078863473,1.00690412207547,1.00000191625025,0.999999170641816,1.00000462667142,1.00054141064027,0.955445445193327,1.04768376892623,1.00075038450269,0.955526886664396,1.04819053118324,0,0
56,"b_K5_npg1000_equivalence_power","binary","Adjusted",4,5,1000,2000,"equivalence","power",0.04,0.05,100000,0.87422,0.872150366149292,0.876260883940726,0.87411,0.87203960129587,0.876151657245033,0.87431,0.872240992320836,0.876350250854822,-2e-04,0.000241247138846824,-0.000672835703513109,0.000272835703513109,-9e-05,0.00113063809091202,0.00208919176637378,0.999444760167821,1.00319020913358,1.00310412815358,1.00328474442611,1.00059783137454,1.00057896467239,1.0006178259773,1.00056885443266,0.955286503730695,1.04764011339572,1.00062912037926,0.955292029199376,1.04797376006386,0,0
56,"b_K5_npg1000_equivalence_power","binary","Unadjusted",4,5,1000,2000,"equivalence","power",0.04,0.05,100000,0.87385,0.871777795500928,0.875893483014793,0.87377,0.871697240447751,0.875814044214069,0.8735,0.871425369140445,0.875545936264456,0.00027,0.000238955732298511,-0.000198344629204476,0.000738344629204476,0.00035,0.00113814173153381,0.00210630896226271,0.999443936642117,1.00318905616895,1.00310323526854,1.00328357154294,1.0005976111538,1.00057881321876,1.00061750579659,1.00070871266042,0.955465395615677,1.04780121785425,1.00077265821218,0.955374850791851,1.04811325714021,0,0
