"scenario_id","scenario_code","scenario_label","scenario_class","set","design_id","design_label","factor_count","target_per_group","total_n","pbc","profile_type","outcome_type","model_type","direction","boundary","alpha","achieved_effect","pair_ratio_model","pair_scalar_gap_model","n_outer","rerandomizations_per_trial","allocation_calibration_paths","direction_calibration_paths","base_seed","run_version","include_oracle_n","rt_shape_diagnostics","machine_count","machine_ids","mean_realized_pair_scalar_gap","mean_observed_treated","data_generation_minutes","score_construction_minutes","siga_analysis_minutes","rt_analysis_minutes","analysis","siga_s","siga_s_lower_95","siga_s_upper_95","siga_r","siga_r_lower_95","siga_r_upper_95","oracle_n","oracle_n_lower_95","oracle_n_upper_95","rt","rt_lower_95","rt_upper_95","difference_siga_s_minus_rt","difference_siga_s_minus_rt_se","difference_siga_s_minus_rt_lower_95","difference_siga_s_minus_rt_upper_95","difference_siga_r_minus_rt","difference_siga_r_minus_rt_se","difference_siga_r_minus_rt_lower_95","difference_siga_r_minus_rt_upper_95","difference_oracle_n_minus_rt","difference_oracle_n_minus_rt_se","difference_oracle_n_minus_rt_lower_95","difference_oracle_n_minus_rt_upper_95","difference_siga_r_minus_oracle_n","difference_siga_r_minus_oracle_n_se","difference_siga_r_minus_oracle_n_lower_95","difference_siga_r_minus_oracle_n_upper_95","empirical_variance_statistic","mean_variance_s","mean_variance_r","mean_variance_rt","relative_bias_variance_s","relative_bias_variance_r_vs_rt","target_variance_ratio_rt_over_sampling","estimated_variance_ratio_r_over_s","mean_variance_ratio_r_over_s","sd_variance_ratio_r_over_s","q025_variance_ratio_r_over_s","median_variance_ratio_r_over_s","q975_variance_ratio_r_over_s","mean_variance_ratio_s_over_rt","mean_variance_ratio_r_over_rt","predicted_rt_size_from_target_ratio","mean_trial_level_normal_prediction","mean_abs_p_difference_siga_s_rt","mean_abs_p_difference_siga_r_rt","mean_abs_p_difference_oracle_n_rt","p95_abs_p_difference_siga_s_rt","p95_abs_p_difference_siga_r_rt","p95_abs_p_difference_oracle_n_rt","statistic_mean","statistic_skewness","statistic_excess_kurtosis","z_s_mean","z_s_variance","z_s_skewness","z_s_excess_kurtosis","z_r_mean","z_r_variance","z_r_skewness","z_r_excess_kurtosis","mean_rt_randomization_skewness","mean_rt_randomization_excess_kurtosis","correlation_zs2_rho","mean_empty_joint_strata","probability_any_empty_joint_stratum","mean_min_positive_joint_stratum_count","kappa_raw_mean","kappa_truncation_rate","safeguard_rate","gap_explanation"
1,"S01","S01_D1_continuous_realistic_first_factor_contrast","practical_heterogeneity","supplemental",1,"K2_npg100_n200_p080_independent",2,100,200,0.8,"independent","continuous","realistic","first_factor_contrast",-0.2,0.025,-0.2,1.06161300658607,0.0154032516465164,100000,4999,100000,200000,20260805,"v20260805_supplemental_v2",TRUE,TRUE,5,"M1_Max_A;M1_Max_B;M3_Ultra;M4_Pro;M5_Pro",0.0154032516465164,100.00002,9.80108333333496,1.27093333333246,1.31536666666581,205.393750000006,"adjusted",0.02438,0.0234422296038148,0.0253543104853987,0.02421,0.0232754908498262,0.0251810622998455,0.02445,0.0235108902908893,0.0254256444204884,0.02461,0.0236678367252399,0.0255886856939418,-0.000229999999999877,0.000167032182520283,-0.000557377061998753,9.7377061998999e-05,-0.000399999999999695,0.000164920198844121,-0.000723237650057356,-7.67623499420337e-05,-0.000159999999999946,0.000114890713283431,-0.000385181660193588,6.51816601936958e-05,-0.000239999999999926,0.00015491824939843,-0.000543634189368842,6.36341893689896e-05,54.9532840125242,54.8865142245226,55.0790548701041,55.0360079055086,-0.00121502816804053,0.000782160011848942,1.0015053493976,1.00350797729282,1.00354343487203,0.00035812174437574,1.00291144572926,1.00352008369846,1.00431458344031,0.999760358962275,1.00330303735679,0.0249139378248517,0.0247979258946824,0.00552119965608008,0.00550230556300083,0.0027135721592099,0.0141421786126056,0.0140733750058947,0.00711274747987575,-0.0410146375152916,-0.000506327060830116,-0.00900604329865784,-0.00560968213388433,1.00123996729174,-0.000171985773704406,-0.0337117984575221,-0.005599631476796,0.997704609736893,-0.000174665840124385,-0.0337310574103546,4.89703860935723e-05,-0.0368851861977909,0.00037008613191402,0,0,36.39984,1.01467441148794,0,0,"first_order_alignment"
1,"S01","S01_D1_continuous_realistic_first_factor_contrast","practical_heterogeneity","supplemental",1,"K2_npg100_n200_p080_independent",2,100,200,0.8,"independent","continuous","realistic","first_factor_contrast",-0.2,0.025,-0.2,1.06161300658607,0.0154032516465164,100000,4999,100000,200000,20260805,"v20260805_supplemental_v2",TRUE,TRUE,5,"M1_Max_A;M1_Max_B;M3_Ultra;M4_Pro;M5_Pro",0.0154032516465164,100.00002,9.80108333333496,1.27093333333246,1.31536666666581,205.393750000006,"unadjusted",0.02443,0.0234912727411617,0.0254052635067405,0.02424,0.0233049144438105,0.0252116364010746,0.02467,0.0237266943917144,0.0256498234178938,0.0246,0.0236580272597507,0.0255784959276933,-0.000170000000000046,0.000162788132244691,-0.000489058876310184,0.000149058876310092,-0.000359999999999962,0.000165526366449006,-0.000684425716731793,-3.55742832681306e-05,6.99999999999931e-05,0.000109087441993642,-0.000143807457473148,0.000283807457473134,-0.000430000000000019,0.000162167857432014,-0.000747843160016793,-0.000112156839983246,55.8818097089758,55.8541682146312,56.0467088602126,55.9473615079999,-0.000494642075634211,0.00177572899838263,1.00117304359622,1.00344720280932,1.0034809765176,0.000346257059976433,1.00286879162182,1.00345868857087,1.00422375552467,1.000860940184,1.00434498203981,0.0249329090857939,0.0248014723568772,0.00553082129716327,0.00551579352839301,0.00270275094598012,0.0142110175763174,0.0141705313078768,0.00705617386037703,-0.0368326115966879,0.00293686916801916,-0.00898050877121737,-0.0051469915364288,1.00048953169748,0.00215810790179979,-0.0335291762121463,-0.00513740454166883,0.997019030436954,0.0021594703120951,-0.0335449806126689,5.1710710233414e-05,-0.0357455110843693,5.61466072915625e-05,0,0,36.39984,1.01467441148794,0,0,"first_order_alignment"
2,"S02","S02_D1_binary_common_log_odds_common_log_odds","practical_heterogeneity","supplemental",1,"K2_npg100_n200_p080_independent",2,100,200,0.8,"independent","binary","common_log_odds","common_log_odds",-0.1,0.025,-0.1,1.06186443181598,2.52939163785059e-07,100000,4999,100000,200000,20260805,"v20260805_supplemental_v2",TRUE,TRUE,5,"M1_Max_A;M1_Max_B;M3_Ultra;M4_Pro;M5_Pro",2.53266473931316e-07,100.00008,9.82189999999797,1.17196666666575,1.33869999999829,195.484316666672,"adjusted",0.02389,0.0229616632040299,0.024854914530034,0.02389,0.0229616632040299,0.024854914530034,0.02342,0.0225008098352826,0.024375804007107,0.02333,0.0224125725113817,0.0242840482453682,0.000559999999999933,0.000164308045972612,0.000237962147523462,0.000882037852476403,0.000559999999999933,0.000164308045972612,0.000237962147523462,0.000882037852476403,8.99999999999349e-05,0.000104403199186118,-0.000114626510275618,0.000294626510275488,0.000470000000000027,0.000155235408268737,0.00016574419066793,0.000774255809332123,12.1385827499705,12.0879600840723,12.0879632499033,12.0924257421606,-0.00417039344220571,-0.000369032016612758,0.996197496136032,1.00000026189952,1.00000026209289,1.05325789283779e-07,1.00000005864131,1.00000026074385,1.0000004722137,1.00212700416824,1.00212726680542,0.0252187945520161,0.0249999849886046,0.00556081579076088,0.00556081510616333,0.00277672609355195,0.0142935880020911,0.0142935825629566,0.00731625933243335,-0.0346588616879883,0.0203083645229824,-0.00890549872669322,-0.0168303416075769,1.0047401607737,-0.0208769618166798,-0.0104629144716344,-0.0168303372524825,1.00473989690308,-0.0208769503436144,-0.010462922644932,-9.86112959116075e-05,-0.0197722914122012,0.00406937840080419,0,0,36.40386,1.01467441148794,0,0,"first_order_alignment"
2,"S02","S02_D1_binary_common_log_odds_common_log_odds","practical_heterogeneity","supplemental",1,"K2_npg100_n200_p080_independent",2,100,200,0.8,"independent","binary","common_log_odds","common_log_odds",-0.1,0.025,-0.1,1.06186443181598,2.52939163785059e-07,100000,4999,100000,200000,20260805,"v20260805_supplemental_v2",TRUE,TRUE,5,"M1_Max_A;M1_Max_B;M3_Ultra;M4_Pro;M5_Pro",2.53266473931316e-07,100.00008,9.82189999999797,1.17196666666575,1.33869999999829,195.484316666672,"unadjusted",0.02465,0.0237070750033322,0.0256294443428005,0.02465,0.0237070750033322,0.0256294443428005,0.02359,0.0226674902134554,0.024549110568476,0.02325,0.0223341423954133,0.0242024845074346,0.00139999999999989,0.000174873399369578,0.00105725443538143,0.00174274556461836,0.00139999999999989,0.000174873399369578,0.00105725443538143,0.00174274556461836,0.000340000000000153,0.000114886796411825,0.000114826016733791,0.000565173983266515,0.00105999999999998,0.000159339316837118,0.000747700677678007,0.00137229932232194,12.1495647427257,12.1020838905559,12.1020870563868,12.1057486330598,-0.0039080290673168,-0.000302465942754071,0.996393606635819,1.00000026159387,1.00000026175908,1.05132066946209e-07,1.00000005849598,1.00000026047959,1.00000047108466,1.00219721784485,1.00219748018297,0.0252074610834785,0.0249999850077236,0.00598213845510326,0.00598213789414249,0.00358177523881505,0.0153044326068896,0.0153044246333284,0.00925990156955428,-0.0341339099999922,0.0200618880544467,-0.0089036717756068,-0.016680579820937,1.00446707352156,-0.0211830789656433,-0.0102475825011301,-0.0166805754941917,1.00446681007884,-0.0211830674529858,-0.0102475903410526,-0.000105844451019085,-0.0196570245014278,0.00393074080941459,0,0,36.40386,1.01467441148794,0,0,"first_order_alignment"
3,"S03","S03_D2_continuous_realistic_first_factor_contrast","practical_heterogeneity","supplemental",2,"K2_npg500_n1000_p080_independent",2,500,1000,0.8,"independent","continuous","realistic","first_factor_contrast",-0.2,0.025,-0.2,1.05332170789348,0.0133304269733696,100000,4999,100000,200000,20260805,"v20260805_supplemental_v2",TRUE,TRUE,5,"M1_Max_A;M1_Max_B;M3_Ultra;M4_Pro;M5_Pro",0.0133304269733696,500.00189,30.1838499999933,0.88826666666669,0.958283333333309,890.088216666663,"adjusted",0.02488,0.023932707952251,0.0258637937238499,0.02472,0.0237757435883213,0.0257007703799756,0.02495,0.0240013831661707,0.0259351131320945,0.02481,0.0238640347463362,0.0257924723076005,7.00000000000537e-05,0.000145258948094698,-0.000214702306697727,0.000354702306697834,-8.99999999999125e-05,0.000143875383583233,-0.000371990570084935,0.00019199057008511,0.000139999999999977,0.000116618780646116,-8.85686099873873e-05,0.000368568609987341,-0.000229999999999893,0.000124497493935704,-0.000474010604279367,1.40106042795817e-05,274.338556155388,274.417437916753,275.250589602588,275.287238291876,0.000287534360717157,-0.000133128907520708,1.00345807074945,1.0030360741364,1.00304214194732,0.000136107414697948,1.00278679581031,1.00303828959299,1.00331783086066,0.997642654860897,1.00067763851808,0.0248027650840402,0.0248264021015722,0.00467008361397993,0.00465905736286212,0.00267254946418977,0.012222603967885,0.0121966673650296,0.00699944252298478,-0.0626457510580687,-0.00499623300136303,0.00820262988000664,-0.00378767307116893,1.00006337986307,-0.00438644850032597,0.00641210377690493,-0.00378192688456774,0.997029286402042,-0.00438858518629052,0.00639984953698214,8.6545525137293e-05,-0.00864882591628063,0.00523905046420932,0,0,192.0059,1.00298810197464,0,0,"first_order_alignment"
3,"S03","S03_D2_continuous_realistic_first_factor_contrast","practical_heterogeneity","supplemental",2,"K2_npg500_n1000_p080_independent",2,500,1000,0.8,"independent","continuous","realistic","first_factor_contrast",-0.2,0.025,-0.2,1.05332170789348,0.0133304269733696,100000,4999,100000,200000,20260805,"v20260805_supplemental_v2",TRUE,TRUE,5,"M1_Max_A;M1_Max_B;M3_Ultra;M4_Pro;M5_Pro",0.0133304269733696,500.00189,30.1838499999933,0.88826666666669,0.958283333333309,890.088216666663,"unadjusted",0.02484,0.0238934658738916,0.0258230388752584,0.02457,0.0236285991133603,0.0255479263788704,0.02479,0.0238444142003355,0.0257720943901257,0.02481,0.0238640347463362,0.0257924723076005,2.99999999999566e-05,0.000142478749299518,-0.00024925321718941,0.000309253217189323,-0.000240000000000119,0.000140711129610466,-0.000515788746260581,3.57887462603425e-05,-1.99999999999759e-05,0.000121655842446715,-0.000258441069704416,0.000218441069704464,-0.00021999999999997,0.000116617545834695,-0.000448566189801422,8.56618980148104e-06,275.302343320016,275.3393986694,276.172550355235,276.172821236753,0.000134598743098957,-9.8084060839998e-07,1.0031618979564,1.00302590798797,1.00303192058233,0.000135256887861611,1.00277786933997,1.00302807736106,1.00330603102661,0.997786524242432,1.00081174232413,0.0248195930845788,0.024826983228737,0.00467011489719222,0.00465988735195408,0.0026686112519206,0.0122419233201204,0.0122112210079939,0.00697099782636755,-0.0590382014138429,-0.0056351788515146,0.0111041331511146,-0.00361923644773776,1.00018547689845,-0.00539034362624565,0.00897985211617236,-0.00361359688611904,0.99716126913673,-0.00539137138038171,0.00896872396482973,7.92698019259929e-05,-0.00862373374167821,0.00477689865597886,0,0,192.0059,1.00298810197464,0,0,"first_order_alignment"
4,"S04","S04_D2_binary_common_log_odds_common_log_odds","practical_heterogeneity","supplemental",2,"K2_npg500_n1000_p080_independent",2,500,1000,0.8,"independent","binary","common_log_odds","common_log_odds",-0.1,0.025,-0.1,1.05428213622394,2.21938159648684e-07,100000,4999,100000,200000,20260805,"v20260805_supplemental_v2",TRUE,TRUE,5,"M1_Max_A;M1_Max_B;M3_Ultra;M4_Pro;M5_Pro",2.22025201985087e-07,499.99802,30.3276166666611,0.90275000000001,1.01461666666668,904.660933333342,"adjusted",0.02462,0.0236776462323673,0.0255988754185522,0.02462,0.0236776462323673,0.0255988754185522,0.02416,0.0232264523798194,0.0251301046111637,0.02415,0.0232166448140453,0.0251199129452,0.000470000000000026,0.00013303370993743,0.000209258719792915,0.000730741280207138,0.000470000000000026,0.00013303370993743,0.000209258719792915,0.000730741280207138,1.00000000001578e-05,0.000113578730408868,-0.000212610221011008,0.000232610221011324,0.000459999999999962,0.00011574980768955,0.000233134545711007,0.000686865454288917,60.4558899653916,60.4792494436391,60.4792633202143,60.4764857862439,0.000386388791247194,4.59275028013018e-05,1.00034067517431,1.00000022944357,1.00000022946987,4.67822804421382e-08,1.00000013743495,1.00000022930761,1.00000032102902,1.00085533091468,1.00085556058172,0.0249804958331797,0.0249999868570905,0.004684674777862,0.00468467464750711,0.0026801578764291,0.012330924001973,0.0123309073189257,0.0070521579723565,-0.0052447495921731,0.00847567464541874,0.00251111255907288,-0.00376357319127496,0.999790693728576,-0.0101419228366415,0.00308538825124449,-0.00376357199134972,0.999790463991362,-0.0101419178586633,0.00308538448645201,-2.5279105753775e-06,-0.00470852114003637,0.00485191540309149,0,0,191.99691,1.00298810197464,0,0,"first_order_alignment"
4,"S04","S04_D2_binary_common_log_odds_common_log_odds","practical_heterogeneity","supplemental",2,"K2_npg500_n1000_p080_independent",2,500,1000,0.8,"independent","binary","common_log_odds","common_log_odds",-0.1,0.025,-0.1,1.05428213622394,2.21938159648684e-07,100000,4999,100000,200000,20260805,"v20260805_supplemental_v2",TRUE,TRUE,5,"M1_Max_A;M1_Max_B;M3_Ultra;M4_Pro;M5_Pro",2.22025201985087e-07,499.99802,30.3276166666611,0.90275000000001,1.01461666666668,904.660933333342,"unadjusted",0.02478,0.0238346039891188,0.0257619053696047,0.02478,0.0238346039891188,0.0257619053696047,0.02423,0.0232951065365441,0.0252014450766031,0.02408,0.02314799305356,0.025048570083521,0.000699999999999943,0.000133398942847254,0.000438542876443608,0.000961457123556278,0.000699999999999943,0.000133398942847254,0.000438542876443608,0.000961457123556278,0.000150000000000001,0.000110904905207067,-6.73696199146794e-05,0.000367369619914682,0.000549999999999909,0.000114442588100096,0.000325696649026169,0.000774303350973649,60.4685250044832,60.4882364550002,60.4882503315753,60.4848914907927,0.000325978689169837,5.5531897301897e-05,1.0002706612458,1.00000022940948,1.00000022943195,4.67565997353132e-08,1.00000013744734,1.00000022927638,1.00000032093067,1.00086483071505,1.0008650603499,0.0249845029230485,0.0249999868592622,0.00478464292943175,0.00478464283393344,0.00285848532338105,0.0126070511340217,0.0126070761983511,0.00752808817708689,-0.00504949399998852,0.00875569371488662,0.00244759702604691,-0.00373895644963428,0.999848345413357,-0.00986185572778577,0.00299729413318106,-0.00373895525138779,0.999848115701,-0.00986185073729361,0.00299729044296715,-3.63251871999645e-06,-0.00470470151063554,0.00485255598958484,0,0,191.99691,1.00298810197464,0,0,"first_order_alignment"
5,"S05","S05_D3_continuous_realistic_first_factor_contrast","practical_heterogeneity","supplemental",3,"K5_npg200_n400_p080_independent",5,200,400,0.8,"independent","continuous","realistic","first_factor_contrast",-0.2,0.025,-0.2,1.03586399846698,0.00896599961674593,100000,4999,100000,200000,20260805,"v20260805_supplemental_v2",TRUE,TRUE,5,"M1_Max_A;M1_Max_B;M3_Ultra;M4_Pro;M5_Pro",0.00896599961674593,199.99809,23.123750000003,0.952783333333309,1.10426666666667,522.465699999986,"adjusted",0.02437,0.0234324211028855,0.0253441197545903,0.02423,0.0232951065365441,0.0252014450766031,0.02429,0.0233539546181888,0.0252625923853849,0.02427,0.0233343384209307,0.0252422101191676,0.000100000000000042,0.000142127062873443,-0.000178563924460366,0.00037856392446045,-3.99999999999351e-05,0.000142127358386277,-0.000318564503654855,0.000238564503654985,1.9999999999932e-05,0.000115758930546521,-0.000206883334760123,0.000246883334759988,-6.00000000000071e-05,0.000133417172812997,-0.000321492853632637,0.000201492853632623,109.087825905491,109.613838482924,109.837988473343,109.87703255176,0.00482191823942935,-0.000355343400802455,1.00723459872555,1.00204490594911,1.00205533826725,0.000147196967665563,1.00178748641036,1.00204837206655,1.00236436232517,0.998852423703674,1.00090541987863,0.0245892430193656,0.0248825740824218,0.00493433107711111,0.00492604103173277,0.00268278152223289,0.0127936627456383,0.01275711472776,0.00698942888007141,-0.0330983101658484,-0.00615574217651093,-0.00233432494847019,-0.00324825029583888,0.995077405269365,-0.00633110191776322,-0.0179787757600636,-0.00324474344148066,0.993036590331471,-0.00633058117531706,-0.0179806932141156,4.75983595548166e-05,-0.0185771303062059,-0.00091575833632109,3.68032,0.99353,1.01079,1.01893775386836,0,0,"first_order_alignment"
5,"S05","S05_D3_continuous_realistic_first_factor_contrast","practical_heterogeneity","supplemental",3,"K5_npg200_n400_p080_independent",5,200,400,0.8,"independent","continuous","realistic","first_factor_contrast",-0.2,0.025,-0.2,1.03586399846698,0.00896599961674593,100000,4999,100000,200000,20260805,"v20260805_supplemental_v2",TRUE,TRUE,5,"M1_Max_A;M1_Max_B;M3_Ultra;M4_Pro;M5_Pro",0.00896599961674593,199.99809,23.123750000003,0.952783333333309,1.10426666666667,522.465699999986,"unadjusted",0.02384,0.0229126316348343,0.0248039499405407,0.02374,0.0228145717712475,0.0247020174867501,0.02422,0.0232852986718742,0.0251912537095354,0.02417,0.0232362599883703,0.0251402962343504,-0.000330000000000042,0.000149997119943452,-0.000623988952873943,-3.60110471261403e-05,-0.000430000000000111,0.000147980978452154,-0.000720037388163331,-0.00013996261183689,5.0000000000053e-05,0.000118743909322429,-0.000182733785655397,0.000282733785655503,-0.000480000000000271,0.000131900985510694,-0.00073852118112657,-0.000221478818873971,111.283918319001,113.360643834113,113.584793824532,112.206342083616,0.0186615060512096,0.0122849717343816,1.00828892241169,1.001977317549,1.00198692041425,0.000138810587848177,1.00173454465822,1.00198096393522,1.00227744758124,1.01161323390814,1.01362323154995,0.0245299796194535,0.0248864734361917,0.00498915507329289,0.00500680317793696,0.00267782453245785,0.0128858737837901,0.012898624018548,0.0070188535473344,-0.0353609271020129,-0.00206041955530204,0.00253330519941919,-0.0034842939821664,0.981525043464092,-0.00267413383811537,-0.0132692666308052,-0.00348052532541587,0.979578943507006,-0.00267292731998944,-0.0132695741314017,4.17876563009909e-05,-0.0174771558744563,-0.00117017926301278,3.68032,0.99353,1.01079,1.01893775386836,0,0,"first_order_alignment"
6,"S06","S06_D3_binary_common_log_odds_common_log_odds","practical_heterogeneity","supplemental",3,"K5_npg200_n400_p080_independent",5,200,400,0.8,"independent","binary","common_log_odds","common_log_odds",-0.1,0.025,-0.1,1.02757762651284,1.97500636922735e-07,100000,4999,100000,200000,20260805,"v20260805_supplemental_v2",TRUE,TRUE,5,"M1_Max_A;M1_Max_B;M3_Ultra;M4_Pro;M5_Pro",1.98838778002362e-07,199.99579,24.1304000000029,0.938066666666717,1.07750000000005,523.92991666661,"adjusted",0.02383,0.0229028254517462,0.0247937568918912,0.02383,0.0229028254517462,0.0247937568918912,0.02387,0.0229420504457076,0.0248345288248807,0.02387,0.0229420504457076,0.0248345288248807,-3.99999999999217e-05,0.000146970064986042,-0.000328056034178074,0.000248056034178231,-3.99999999999217e-05,0.000146970064986042,-0.000328056034178074,0.000248056034178231,0,0.000114018112601902,-0.00022347139428496,0.00022347139428496,-3.99999999999962e-05,0.000131149365235068,-0.000297048032456019,0.000217048032456027,24.0217404985055,24.0741880156494,24.0741929866189,24.0873149236917,0.0021833354309666,-0.000544765454947638,1.00272979492016,1.00000020648545,1.00000020602878,5.87916863418738e-07,0.999999003995444,1.00000022275597,1.00000130727795,1.00068857057021,1.00068877670077,0.0248441660325258,0.0249999881997046,0.00490524007930546,0.00490523945539012,0.00266165537461996,0.0127110423778708,0.0127110731920785,0.00698011192835267,-0.0220171240608387,0.0132014980143097,-0.0117548096499398,-0.00931181170409776,0.997992267136993,-0.0154998843668888,-0.0123237541161596,-0.00931180864437071,0.997992066118623,-0.015499868818387,-0.0123237035142489,-2.2292931987572e-05,-0.00945045091762982,-0.00550794072583614,3.68513,0.9931,1.01127,1.01892911710911,0,0,"first_order_alignment"
6,"S06","S06_D3_binary_common_log_odds_common_log_odds","practical_heterogeneity","supplemental",3,"K5_npg200_n400_p080_independent",5,200,400,0.8,"independent","binary","common_log_odds","common_log_odds",-0.1,0.025,-0.1,1.02757762651284,1.97500636922735e-07,100000,4999,100000,200000,20260805,"v20260805_supplemental_v2",TRUE,TRUE,5,"M1_Max_A;M1_Max_B;M3_Ultra;M4_Pro;M5_Pro",1.98838778002362e-07,199.99579,24.1304000000029,0.938066666666717,1.07750000000005,523.92991666661,"unadjusted",0.0236,0.0226772953415828,0.0245593046720864,0.0236,0.0226772953415828,0.0245593046720864,0.024,0.0230695364783433,0.0249670328048358,0.02365,0.0227263216457177,0.0246102745266401,-5.00000000000298e-05,0.000138203350182529,-0.000320873588900564,0.000220873588900504,-5.00000000000298e-05,0.000138203350182529,-0.000320873588900564,0.000220873588900504,0.00034999999999995,0.000119578083230914,0.000115631263527025,0.000584368736472876,-0.000399999999999909,0.000108620983171631,-0.000612893214981637,-0.00018710678501818,24.0659822384659,24.150903663605,24.1509086345745,24.1348977257048,0.003528691424171,0.000663392447387556,1.00286360583815,1.00000020582954,1.0000002053378,5.85990501332559e-07,0.999999006820353,1.00000022206815,1.00000130227951,1.00190737939111,1.00190758510629,0.024836553692493,0.0249999882392807,0.00515001926636436,0.00515001898489921,0.00306616207090673,0.0133337063035435,0.0133336371091234,0.00806946416452439,-0.0226221724999974,0.0125060527460248,-0.00935098226788744,-0.00943846774104183,0.996652543552123,-0.0163265670322803,-0.00977405635918727,-0.00943846471680562,0.996652343523878,-0.01632655262699,-0.00977400602115708,-2.24755678041237e-05,-0.00938483673403121,-0.00556113805175503,3.68513,0.9931,1.01127,1.01892911710911,0,0,"first_order_alignment"
7,"S07","S07_D4_continuous_realistic_first_factor_contrast","practical_heterogeneity","supplemental",4,"K5_npg1000_n2000_p080_independent",5,1000,2000,0.8,"independent","continuous","realistic","first_factor_contrast",-0.2,0.025,-0.2,1.03628178663177,0.00907044665794149,100000,4999,100000,200000,20260805,"v20260805_supplemental_v2",TRUE,TRUE,5,"M1_Max_A;M1_Max_B;M3_Ultra;M4_Pro;M5_Pro",0.00907044665794142,1000.00162,71.5471833333559,1.18015000000009,1.3350833333333,2476.90898333323,"adjusted",0.02486,0.0239130868310157,0.0258434163816097,0.02482,0.0238738450810716,0.0258026612046028,0.02499,0.0240406270439384,0.0259758661812777,0.02471,0.0237659336661665,0.0256905810703927,0.000150000000000143,0.000134536076944214,-0.000113685865431827,0.000413685865432112,0.000110000000000066,0.000133791098360844,-0.000152225734239245,0.000372225734239377,0.000279999999999967,0.00011661625955909,5.14363312523746e-05,0.000508563668747558,-0.000169999999999988,0.000114454541187454,-0.000394326778594453,5.43267785944769e-05,550.119269899942,548.807145805873,549.940951638115,549.823661017696,-0.00238516293804503,0.000213324068670362,0.999462645832602,1.00206594582616,1.00206801028384,6.54097175883307e-05,1.00194369586723,1.00206658946827,1.00220033620585,0.998705250251396,1.00077058625514,0.025030797048872,0.0248818507047667,0.00452764385712115,0.00452380250858651,0.00268040560578939,0.0119002087905585,0.0118818193352377,0.00700042855831935,0.126021256498705,-0.00169395217129084,-0.0279835467545739,0.00538948287103741,1.00208270654917,-0.0012857063680751,-0.0340168204672664,0.0053838959941182,1.00001528193203,-0.00128664463228401,-0.0340108658116547,5.43112561494121e-06,-0.00457699698180878,-0.0066805438853599,0.240869999999999,0.22158,1.60777,1.00302389334906,0,0,"first_order_alignment"
7,"S07","S07_D4_continuous_realistic_first_factor_contrast","practical_heterogeneity","supplemental",4,"K5_npg1000_n2000_p080_independent",5,1000,2000,0.8,"independent","continuous","realistic","first_factor_contrast",-0.2,0.025,-0.2,1.03628178663177,0.00907044665794149,100000,4999,100000,200000,20260805,"v20260805_supplemental_v2",TRUE,TRUE,5,"M1_Max_A;M1_Max_B;M3_Ultra;M4_Pro;M5_Pro",0.00907044665794142,1000.00162,71.5471833333559,1.18015000000009,1.3350833333333,2476.90898333323,"unadjusted",0.02469,0.0237463139460579,0.0256702023270258,0.02463,0.0236874557811083,0.0256090651015489,0.02494,0.0239915722986984,0.025924924767829,0.0247,0.0237561237854038,0.0256803917194176,-1.00000000003006e-05,0.000132288223216259,-0.000269280153082963,0.000249280153082361,-7.00000000004966e-05,0.000131529935760728,-0.000327793936980391,0.000187793936979398,0.000240000000000189,0.000111353257677951,2.1751625390197e-05,0.00045824837461018,-0.000310000000000084,0.000115322036019597,-0.000536027037222324,-8.39729627778444e-05,552.279285383598,552.64128397928,553.775089811523,552.054626435767,0.000655462924761263,0.00311647306873186,0.999593214966094,1.00205161261945,1.00205364364475,6.46511016939722e-05,1.00193057205153,1.0020521983611,1.00218410935038,1.00162153487372,1.00367850930836,0.0250233101353573,0.0248826694550251,0.00452491987344037,0.0045282254901025,0.00267803413854108,0.0119505111225881,0.0119373826071217,0.0069898577113836,0.129825591166363,-0.000553434306443558,-0.0301943640761095,0.00549672474872154,0.999031795881792,-0.000344875748933401,-0.0361299776304125,0.0054911403164763,0.996984966756036,-0.000345396925100807,-0.0361241719634835,-5.28125258702588e-06,-0.00450325534991729,-0.00685352389927796,0.240869999999999,0.22158,1.60777,1.00302389334906,0,0,"first_order_alignment"
8,"S08","S08_D4_binary_common_log_odds_common_log_odds","practical_heterogeneity","supplemental",4,"K5_npg1000_n2000_p080_independent",5,1000,2000,0.8,"independent","binary","common_log_odds","common_log_odds",-0.1,0.025,-0.1,1.02589416387565,1.85444307748583e-07,100000,4999,100000,200000,20260805,"v20260805_supplemental_v2",TRUE,TRUE,5,"M1_Max_A;M1_Max_B;M3_Ultra;M4_Pro;M5_Pro",1.85603094882061e-07,1000.00094,72.8570333333598,1.17334999999987,1.33071666666682,2486.14893333335,"adjusted",0.02384,0.0229126316348343,0.0248039499405407,0.02384,0.0229126316348343,0.0248039499405407,0.02391,0.0229812761362954,0.024875300061244,0.02392,0.0229910826675903,0.0248854927616867,-8.00000000000517e-05,0.0001349078129731,-0.000344414454660393,0.00018441445466029,-8.00000000000517e-05,0.0001349078129731,-0.000344414454660393,0.00018441445466029,-1.00000000000212e-05,0.000116190077034759,-0.000237728366349083,0.000217728366349041,-6.99999999999865e-05,0.000114455589644337,-0.000294328833532183,0.00015432883353221,120.339094765278,120.584174620213,120.5841978206,120.58593975322,0.00203657718560524,-1.44455698888324e-05,1.00205124517867,1.00000019239993,1.00000019230981,2.62391080508354e-07,0.999999669081338,1.00000019494835,1.00000069747262,1.00054514708147,1.00054533950182,0.0248828058585681,0.0249999889854404,0.00453710164210278,0.00453710153054284,0.00266367141327746,0.0119775340020514,0.0119775167053282,0.00696985125895447,-0.0670198357468442,0.00308909740654238,-0.0072575963274204,-0.00826021244291953,0.998044822633729,-0.00977724037504787,-0.00676525982879772,-0.00826021098350045,0.998044629533046,-0.00977723591878956,-0.00676526988074055,5.83026202789822e-05,-0.00315403071866775,0.00318562580329213,0.242490000000001,0.22278,1.60761,1.00302382325877,0,0,"first_order_alignment"
8,"S08","S08_D4_binary_common_log_odds_common_log_odds","practical_heterogeneity","supplemental",4,"K5_npg1000_n2000_p080_independent",5,1000,2000,0.8,"independent","binary","common_log_odds","common_log_odds",-0.1,0.025,-0.1,1.02589416387565,1.85444307748583e-07,100000,4999,100000,200000,20260805,"v20260805_supplemental_v2",TRUE,TRUE,5,"M1_Max_A;M1_Max_B;M3_Ultra;M4_Pro;M5_Pro",1.85603094882061e-07,1000.00094,72.8570333333598,1.17334999999987,1.33071666666682,2486.14893333335,"unadjusted",0.02347,0.0225498321389914,0.024426777862087,0.02347,0.0225498321389914,0.024426777862087,0.02391,0.0229812761362954,0.024875300061244,0.0238,0.0228734071644652,0.0247631774839589,-0.000330000000000034,0.000134532865839139,-0.000593679571781706,-6.63204282183628e-05,-0.000330000000000034,0.000134532865839139,-0.000593679571781706,-6.63204282183628e-05,0.000110000000000137,0.000118743505086472,-0.000122732993367397,0.00034273299336767,-0.000439999999999855,0.00011224165885228,-0.000659989608915355,-0.000220010391084355,120.372794839228,120.630516623273,120.63053982366,120.613065775046,0.00214103015876477,0.000144876912806069,1.0019960568012,1.00000019232602,1.00000019223041,2.62284038736436e-07,0.99999966918638,1.0000001948432,1.00000069712603,1.00070483905569,1.00070503143214,0.0248859513359311,0.0249999889899886,0.00458947598343869,0.00458947591921875,0.00276393878432891,0.0121120110667979,0.0121120069264181,0.00722985669923384,-0.0674518569999776,0.00288764777619896,-0.00746126709751316,-0.00829785484936407,0.997941144594729,-0.00997708943707492,-0.00695947819906539,-0.0082978533821673,0.997940951604304,-0.00997708485745493,-0.00695948816036562,5.53639240274843e-05,-0.003148912681338,0.00315771853246417,0.242490000000001,0.22278,1.60761,1.00302382325877,0,0,"first_order_alignment"
9,"S09","S09_D5_continuous_pure_symmetric_robust_max_ratio","strong_pair_path","supplemental",5,"K2_npg100_n200_p095_independent",2,100,200,0.95,"independent","continuous","pure_symmetric","robust_max_ratio",-0.2,0.025,-0.2,1.1969564893889,0.185797117771422,100000,4999,100000,200000,20260805,"v20260805_supplemental_v2",TRUE,TRUE,5,"M1_Max_A;M1_Max_B;M3_Ultra;M4_Pro;M5_Pro",0.185807079725979,99.99929,8.35789999999996,1.21420000000015,1.31653333333359,195.730499999973,"adjusted",0.02432,0.0233833792323317,0.0252931654664553,0.01601,0.0152504569173349,0.0168067262073832,0.01609,0.0153285450189418,0.0168886319596784,0.01637,0.0156018923083622,0.0171752631589148,0.00795000000000028,0.000299447610924732,0.00736309346733125,0.00853690653266932,-0.000359999999999903,0.000230215624995975,-0.000811214333670394,9.12143336705881e-05,-0.000279999999999969,9.59130230630526e-05,-0.000467986070851911,-9.20139291480261e-05,-7.99999999999747e-05,0.000228036084873787,-0.000526942513528117,0.000366942513528168,12.0500941762169,12.0378296564831,14.3604181530578,14.3150529125997,-0.00101779451301021,0.00316905852427563,1.18796191160507,1.19294080102919,1.19301802616047,0.0065457018402527,1.18055262603563,1.19288010925941,1.20626065972394,0.862304759551078,1.0287485666867,0.0163300672570609,0.0161477933833321,0.0166802718354829,0.0116750462635522,0.00309201256229824,0.0446542191155044,0.0317231950033349,0.00801092271612966,-0.0252347211612315,-0.00304737629276863,-0.00904327394688176,-0.0072659989077075,1.00088057820906,-0.0028894968473751,-0.0109664359549519,-0.00665850844195678,0.838982149488491,-0.00290715432661439,-0.0107218727485039,-3.23263667748102e-05,-0.0771103668486581,-0.00131178669140551,0,0,36.39737,1.01520676791602,0,0,"first_order_alignment"
9,"S09","S09_D5_continuous_pure_symmetric_robust_max_ratio","strong_pair_path","supplemental",5,"K2_npg100_n200_p095_independent",2,100,200,0.95,"independent","continuous","pure_symmetric","robust_max_ratio",-0.2,0.025,-0.2,1.1969564893889,0.185797117771422,100000,4999,100000,200000,20260805,"v20260805_supplemental_v2",TRUE,TRUE,5,"M1_Max_A;M1_Max_B;M3_Ultra;M4_Pro;M5_Pro",0.185807079725979,99.99929,8.35789999999996,1.21420000000015,1.31653333333359,195.730499999973,"unadjusted",0.0243,0.0233637627804946,0.0252727834548169,0.016,0.0152406962561938,0.0167964876367866,0.01608,0.015318783733475,0.0168783940134074,0.01633,0.015562839023464,0.0171343195168621,0.0079699999999998,0.000299442294368783,0.00738310388758895,0.00855689611241066,-0.00033000000000003,0.00023043316166388,-0.00078164069770493,0.00012164069770487,-0.000249999999999975,9.64337492514875e-05,-0.000439006675427057,-6.09933245728935e-05,-8.00000000000208e-05,0.000228474195489524,-0.000527801194556251,0.00036780119455621,12.0457049965251,12.0378953867941,14.3604838833689,14.3168545867936,-0.000648331478583231,0.00304740795618108,1.18854434762628,1.19293974751788,1.19301696393364,0.00654547856879162,1.18055500734239,1.1928787815285,1.20625925414909,0.862199234735332,1.02862175659094,0.0163087502556418,0.0161478317102546,0.0166871590555097,0.0116734032162847,0.00309049149667268,0.0446335024935052,0.0317145722658197,0.00799845065061176,-0.0252386122784567,-0.00303227969875,-0.00893706519700066,-0.00726708440309837,1.00051217012015,-0.00287479089690453,-0.0108475182982835,-0.00665951418341961,0.838673795068469,-0.0028924435232996,-0.0106050101444639,-3.22988789143594e-05,-0.0771019324461996,-0.00126802976880882,0,0,36.39737,1.01520676791602,0,0,"first_order_alignment"
10,"S10","S10_D5_binary_symmetric_stress_robust_max_ratio","strong_pair_path","supplemental",5,"K2_npg100_n200_p095_independent",2,100,200,0.95,"independent","binary","symmetric_stress","robust_max_ratio",-0.1,0.025,-0.0999999999999999,1.1969564893889,0.114201313220911,100000,4999,100000,200000,20260805,"v20260805_supplemental_v2",TRUE,TRUE,5,"M1_Max_A;M1_Max_B;M3_Ultra;M4_Pro;M5_Pro",0.11419358584499,99.99904,8.49328333333342,1.19976666666676,1.30774999999963,191.983699999972,"adjusted",0.02235,0.021452006655526,0.0232846893909246,0.02015,0.0192973599812581,0.0210395050828878,0.0181,0.0172920516699055,0.018944970888002,0.01804,0.0172333989983883,0.0188836281690927,0.00430999999999994,0.0002685422874515,0.003783666788269,0.00483633321173088,0.00210999999999995,0.000247903395621887,0.00162411827293587,0.00259588172706403,6.00000000000156e-05,0.00010392339486705,-0.000143686111090537,0.000263686111090569,0.00204999999999992,0.000244660118502788,0.00157047497928116,0.00252952502071869,12.3702957550706,12.4475295610119,13.8749493840742,13.8434371858044,0.00624348903781047,0.00227632760902319,1.11908700162888,1.11467494944003,1.11470695465602,0.00345838961763052,1.10813621458906,1.11463672753103,1.12166088609144,0.921881041369803,1.02763222487747,0.0190682175961606,0.0192584737026465,0.0136547758298485,0.0117428337486595,0.0033664948770881,0.0377504623013055,0.0318335864196089,0.00873049796223654,0.0099553859407816,0.0151914156258862,-0.0287042134633642,-0.00436747591112664,0.994207592500515,-0.0274463995665444,-0.0275286962058177,-0.00344138953430012,0.891852446918035,-0.0230666137402495,-0.0279066941178465,0.000139538006986424,-0.0782491025550398,0.0169146107390904,0,0,36.39845,1.01520676791602,0,0,"first_order_alignment"
10,"S10","S10_D5_binary_symmetric_stress_robust_max_ratio","strong_pair_path","supplemental",5,"K2_npg100_n200_p095_independent",2,100,200,0.95,"independent","binary","symmetric_stress","robust_max_ratio",-0.1,0.025,-0.0999999999999999,1.1969564893889,0.114201313220911,100000,4999,100000,200000,20260805,"v20260805_supplemental_v2",TRUE,TRUE,5,"M1_Max_A;M1_Max_B;M3_Ultra;M4_Pro;M5_Pro",0.11419358584499,99.99904,8.49328333333342,1.19976666666676,1.30774999999963,191.983699999972,"unadjusted",0.02191,0.0210208802554528,0.0228358495945369,0.02016,0.0193071480258425,0.0210497162700412,0.01816,0.017350706693878,0.019006311254456,0.01772,0.0169206249606903,0.0185564267911828,0.00419000000000009,0.000266317758047601,0.00366802678578334,0.00471197321421684,0.00244,0.000246050948810765,0.00195774900196899,0.00292225099803101,0.00043999999999991,0.000107694846588922,0.000228921979365057,0.000651078020634763,0.00199999999999983,0.000246902024305227,0.00151608092465155,0.00248391907534811,12.370012940592,12.448679490391,13.8760993134534,13.8453937859867,0.00635945574000507,0.00221774316724654,1.11927076006147,1.11466435650176,1.11469620524646,0.00345477351202517,1.10812723463448,1.11462597607452,1.12163601794434,0.92183114957699,1.02756671857917,0.0190603044536023,0.0192589402676072,0.0139666483364176,0.0120892546240254,0.00425082475334951,0.0381441035305101,0.0323564887617107,0.0105309298196982,0.00998943999999565,0.0154388536069394,-0.028709208969997,-0.00435497953724883,0.994087469016566,-0.0271791176779797,-0.0276130191668846,-0.00342991572448784,0.891754041981319,-0.0228020129613527,-0.0279818961547469,0.000139499270400519,-0.0782273051336215,0.0167278434161489,0,0,36.39845,1.01520676791602,0,0,"first_order_alignment"
11,"S11","S11_D6_continuous_pure_symmetric_robust_max_ratio","strong_pair_path","supplemental",6,"K2_npg500_n1000_p095_independent",2,500,1000,0.95,"independent","continuous","pure_symmetric","robust_max_ratio",-0.2,0.025,-0.2,1.19604036054517,0.182515531881509,100000,4999,100000,200000,20260805,"v20260805_supplemental_v2",TRUE,TRUE,5,"M1_Max_A;M1_Max_B;M3_Ultra;M4_Pro;M5_Pro",0.182533093240105,499.99964,28.6584166666667,0.952833333333276,1.04656666666665,866.315433333309,"adjusted",0.02519,0.0242368561743807,0.0261796216855904,0.01648,0.0157092950795263,0.017287851936866,0.01618,0.0154164000769702,0.0169807699872897,0.01619,0.0154261621364352,0.0169910071595624,0.00899999999999988,0.000298983099704799,0.00841400389259232,0.00958599610740743,0.000290000000000188,0.000171170826937753,-4.5488656001746e-05,0.000625488656002122,-1.00000000000126e-05,0.000105357059569383,-0.000216496042273044,0.000196496042273019,0.000300000000000236,0.000164922321089855,-2.32418095826295e-05,0.000623241809583101,59.3129761913381,58.9325920382752,70.3409103657817,70.596156627914,-0.00641316921672896,-0.00361558297681286,1.19023123034962,1.19358249710274,1.19359594637313,0.00275030822657753,1.18827307471487,1.19356997026938,1.19907383404252,0.839391266174307,1.00189455725948,0.0162471745640529,0.016125397041676,0.0151984583404183,0.00678140455247205,0.00276424742513357,0.032993632547555,0.0172861774680038,0.00716658075085837,-0.0171966972521289,-0.00451373724775009,-0.00676891095709342,-0.00219762121319348,1.00643318395908,-0.00415888665023837,-0.00681243796501052,-0.00205458628688166,0.843207183056441,-0.00443412805811918,-0.00681106627170447,0.000108595070619537,-0.0182036421083201,-0.00315210135394525,0,0,192.10435,1.00304552364315,0,0,"first_order_alignment"
11,"S11","S11_D6_continuous_pure_symmetric_robust_max_ratio","strong_pair_path","supplemental",6,"K2_npg500_n1000_p095_independent",2,500,1000,0.95,"independent","continuous","pure_symmetric","robust_max_ratio",-0.2,0.025,-0.2,1.19604036054517,0.182515531881509,100000,4999,100000,200000,20260805,"v20260805_supplemental_v2",TRUE,TRUE,5,"M1_Max_A;M1_Max_B;M3_Ultra;M4_Pro;M5_Pro",0.182533093240105,499.99964,28.6584166666667,0.952833333333276,1.04656666666665,866.315433333309,"unadjusted",0.02518,0.0242270443339722,0.0261694342942612,0.01648,0.0157092950795263,0.017287851936866,0.01618,0.0154164000769702,0.0169807699872897,0.0162,0.0154359242729122,0.0170012442548232,0.00897999999999999,0.000298654462456073,0.00839464800976392,0.00956535199023607,0.000279999999999952,0.000170292413204676,-5.37669967216256e-05,0.00061376699672153,-1.99999999999504e-05,0.000103923548828063,-0.000223686412848544,0.000183686412848643,0.000300000000000236,0.000164314850192076,-2.20511885013275e-05,0.0006220511885018,59.3119699824684,58.9326003893333,70.3409187168398,70.5965144358054,-0.00639617253055758,-0.00362051470966007,1.19025745488933,1.19358246967109,1.19359591892579,0.00275030780215253,1.18827344322568,1.193569973306,1.19907389579323,0.839387146355895,1.00188961718744,0.0162462192170354,0.0161253980336792,0.015199017503262,0.00678198214398904,0.00276387692051507,0.0329953209145151,0.0172786775128428,0.00716735755466719,-0.017184907681855,-0.00452238205173266,-0.00677586938991848,-0.00219608723731449,1.00641601428695,-0.00416756800289476,-0.00681897243538288,-0.00205318194977707,0.843192817720646,-0.00444280983460016,-0.00681759630433865,0.000108572603603232,-0.0182036907000175,-0.00315218946095049,0,0,192.10435,1.00304552364315,0,0,"first_order_alignment"
12,"S12","S12_D6_binary_symmetric_stress_robust_max_ratio","strong_pair_path","supplemental",6,"K2_npg500_n1000_p095_independent",2,500,1000,0.95,"independent","binary","symmetric_stress","robust_max_ratio",-0.1,0.025,-0.0999999999999999,1.19604036054517,0.112184266764161,100000,4999,100000,200000,20260805,"v20260805_supplemental_v2",TRUE,TRUE,5,"M1_Max_A;M1_Max_B;M3_Ultra;M4_Pro;M5_Pro",0.112188547484762,500.0001,27.3148000000011,0.944100000000124,1.02663333333357,853.31473333333,"adjusted",0.02401,0.02307934339934,0.0249772251155768,0.02014,0.0192875719924846,0.0210292938399236,0.01925,0.0184166695973521,0.0201202646103965,0.01914,0.018309062169637,0.0200078804889963,0.00486999999999988,0.000233373896641661,0.00441259556765045,0.00532740443234931,0.00100000000000004,0.000182730221647423,0.000641855346684067,0.00135814465331601,0.000110000000000106,0.000112694303316906,-0.000110876775763863,0.000330876775764076,0.000889999999999952,0.000178584427999811,0.000539980952920637,0.00124001904707927,61.8306546357695,61.9489616041127,68.9607458219103,69.1352782367597,0.00191340313377064,-0.00252450585722208,1.11813919234755,1.11318646892916,1.11319112894166,0.00138627304762943,1.11051230069511,1.11317882655568,1.11594366668404,0.900974285404566,1.00295713215366,0.019109087585258,0.0193240459950421,0.0103970457812164,0.00677319485582292,0.00282289242798659,0.0253583916733736,0.0172685499459899,0.00737779969882751,-0.00250883368927412,0.011331248376811,0.00893053428412172,-0.00349973937131704,0.998133218257724,-0.00787652681480771,0.00934872516050111,-0.00302670811764717,0.896633854934173,-0.00602098212581129,0.00918902036143132,-3.8864782957552e-05,-0.0184509047499166,0.00722312180328646,0,0,192.03902,1.00304552364315,0,0,"first_order_alignment"
12,"S12","S12_D6_binary_symmetric_stress_robust_max_ratio","strong_pair_path","supplemental",6,"K2_npg500_n1000_p095_independent",2,500,1000,0.95,"independent","binary","symmetric_stress","robust_max_ratio",-0.1,0.025,-0.0999999999999999,1.19604036054517,0.112184266764161,100000,4999,100000,200000,20260805,"v20260805_supplemental_v2",TRUE,TRUE,5,"M1_Max_A;M1_Max_B;M3_Ultra;M4_Pro;M5_Pro",0.112188547484762,500.0001,27.3148000000011,0.944100000000124,1.02663333333357,853.31473333333,"unadjusted",0.02388,0.0229518568031125,0.0248447216992136,0.02014,0.0192875719924846,0.0210292938399236,0.01925,0.0184166695973521,0.0201202646103965,0.01909,0.0182601521064535,0.0199567943934911,0.00479000000000007,0.000232101481492577,0.00433508945551623,0.00524491054448391,0.00104999999999993,0.000181904661548313,0.000693473414745289,0.00140652658525457,0.000160000000000043,0.000114016989956575,-6.34691939405096e-05,0.000383469193940596,0.000889999999999953,0.000178584427999801,0.000539980952920656,0.00124001904707925,61.830426920067,61.9491928926499,68.9609771104475,69.1356826564353,0.00192083377875552,-0.00252699531233236,1.11814985113741,1.11318604634524,1.11319070426481,0.0013861400434532,1.1105129681869,1.11317811836221,1.11594222620602,0.90097227651412,1.00295451438581,0.0191086274630294,0.0193240645250604,0.0104616701689222,0.00687292278876411,0.0030209066396147,0.0254801742922549,0.017449125789536,0.00789943409767496,-0.00251567399999114,0.0113250470561571,0.00884316729788148,-0.00350050414817447,0.998125855167869,-0.0078813760029401,0.00926091111536209,-0.00302744371768588,0.89662759110938,-0.00602593843284043,0.00910121864698876,-3.94967860133185e-05,-0.0184500082339452,0.00721865587353583,0,0,192.03902,1.00304552364315,0,0,"first_order_alignment"
