"scenario_id","scenario_code","scenario_class","analysis","paired_tolerance","r_close_rt","r_close_oracle","oracle_close_rt","rt_agreement_or_explained","s_nominal","variance_r_close_to_rt","variance_s_close_to_sampling","safeguard_ok","direction_ok","gap_explanation","primary_pass"
1,"S01","practical_heterogeneity","adjusted",0.003,TRUE,TRUE,TRUE,TRUE,TRUE,TRUE,TRUE,TRUE,TRUE,"first_order_alignment",TRUE
1,"S01","practical_heterogeneity","unadjusted",0.003,TRUE,TRUE,TRUE,TRUE,TRUE,TRUE,TRUE,TRUE,TRUE,"first_order_alignment",TRUE
2,"S02","practical_heterogeneity","adjusted",0.003,TRUE,TRUE,TRUE,TRUE,TRUE,TRUE,TRUE,TRUE,TRUE,"first_order_alignment",TRUE
2,"S02","practical_heterogeneity","unadjusted",0.003,TRUE,TRUE,TRUE,TRUE,TRUE,TRUE,TRUE,TRUE,TRUE,"first_order_alignment",TRUE
3,"S03","practical_heterogeneity","adjusted",0.003,TRUE,TRUE,TRUE,TRUE,TRUE,TRUE,TRUE,TRUE,TRUE,"first_order_alignment",TRUE
3,"S03","practical_heterogeneity","unadjusted",0.003,TRUE,TRUE,TRUE,TRUE,TRUE,TRUE,TRUE,TRUE,TRUE,"first_order_alignment",TRUE
4,"S04","practical_heterogeneity","adjusted",0.003,TRUE,TRUE,TRUE,TRUE,TRUE,TRUE,TRUE,TRUE,TRUE,"first_order_alignment",TRUE
4,"S04","practical_heterogeneity","unadjusted",0.003,TRUE,TRUE,TRUE,TRUE,TRUE,TRUE,TRUE,TRUE,TRUE,"first_order_alignment",TRUE
5,"S05","practical_heterogeneity","adjusted",0.003,TRUE,TRUE,TRUE,TRUE,TRUE,TRUE,TRUE,TRUE,TRUE,"first_order_alignment",TRUE
5,"S05","practical_heterogeneity","unadjusted",0.003,TRUE,TRUE,TRUE,TRUE,TRUE,TRUE,TRUE,TRUE,TRUE,"first_order_alignment",TRUE
6,"S06","practical_heterogeneity","adjusted",0.003,TRUE,TRUE,TRUE,TRUE,TRUE,TRUE,TRUE,TRUE,TRUE,"first_order_alignment",TRUE
6,"S06","practical_heterogeneity","unadjusted",0.003,TRUE,TRUE,TRUE,TRUE,TRUE,TRUE,TRUE,TRUE,TRUE,"first_order_alignment",TRUE
7,"S07","practical_heterogeneity","adjusted",0.003,TRUE,TRUE,TRUE,TRUE,TRUE,TRUE,TRUE,TRUE,TRUE,"first_order_alignment",TRUE
7,"S07","practical_heterogeneity","unadjusted",0.003,TRUE,TRUE,TRUE,TRUE,TRUE,TRUE,TRUE,TRUE,TRUE,"first_order_alignment",TRUE
8,"S08","practical_heterogeneity","adjusted",0.003,TRUE,TRUE,TRUE,TRUE,TRUE,TRUE,TRUE,TRUE,TRUE,"first_order_alignment",TRUE
8,"S08","practical_heterogeneity","unadjusted",0.003,TRUE,TRUE,TRUE,TRUE,TRUE,TRUE,TRUE,TRUE,TRUE,"first_order_alignment",TRUE
9,"S09","strong_pair_path","adjusted",0.003,TRUE,TRUE,TRUE,TRUE,TRUE,TRUE,TRUE,TRUE,TRUE,"first_order_alignment",TRUE
9,"S09","strong_pair_path","unadjusted",0.003,TRUE,TRUE,TRUE,TRUE,TRUE,TRUE,TRUE,TRUE,TRUE,"first_order_alignment",TRUE
10,"S10","strong_pair_path","adjusted",0.003,TRUE,TRUE,TRUE,TRUE,TRUE,TRUE,TRUE,TRUE,TRUE,"first_order_alignment",TRUE
10,"S10","strong_pair_path","unadjusted",0.003,TRUE,TRUE,TRUE,TRUE,TRUE,TRUE,TRUE,TRUE,TRUE,"first_order_alignment",TRUE
11,"S11","strong_pair_path","adjusted",0.003,TRUE,TRUE,TRUE,TRUE,TRUE,TRUE,TRUE,TRUE,TRUE,"first_order_alignment",TRUE
11,"S11","strong_pair_path","unadjusted",0.003,TRUE,TRUE,TRUE,TRUE,TRUE,TRUE,TRUE,TRUE,TRUE,"first_order_alignment",TRUE
12,"S12","strong_pair_path","adjusted",0.003,TRUE,TRUE,TRUE,TRUE,TRUE,TRUE,TRUE,TRUE,TRUE,"first_order_alignment",TRUE
12,"S12","strong_pair_path","unadjusted",0.003,TRUE,TRUE,TRUE,TRUE,TRUE,TRUE,TRUE,TRUE,TRUE,"first_order_alignment",TRUE
