"scenario_id","scenario_code","scenario_label","scenario_class","set","design_id","design_label","factor_count","target_per_group","joint_strata","total_n","pbc","profile_type","min_profile_probability","min_expected_stratum_count","expected_empty_strata","outcome_type","model_type","direction","boundary","alpha","achieved_effect","min_d","max_d","weighted_mean_d","d_Pi_d","d_Psi_d_analysis","d_Psi_d_direction","pair_ratio_analysis","pair_ratio_direction","pair_ratio_cross_calibration_difference","pair_scalar_gap","p0_min","p0_max","p1_min","p1_max","target_max_abs_d","shared_noise_sd","outcome_sd","individual_effect_sd","max_abs_delta","achieved_control_risk","achieved_treatment_risk","common_log_odds_theta","audit_boundary_ok","audit_binary_probabilities_ok","audit_direction_stability_ok"
1,"S01","S01_D1_continuous_realistic_first_factor_contrast","practical_heterogeneity","supplemental",1,"K2_npg100_n200_p080_independent",2,100,4,200,0.8,"independent",0.2,40,8.299031137783e-20,"continuous","realistic","first_factor_contrast",-0.2,0.025,-0.2,-0.5,0.5,0,0.25,0.265403251646516,0.265403251646516,1.06161300658607,1.06161300658607,0,0.0154032516465164,,,,,0.5,,1,0.25,,,,,TRUE,TRUE,TRUE
2,"S02","S02_D1_binary_common_log_odds_common_log_odds","practical_heterogeneity","supplemental",1,"K2_npg100_n200_p080_independent",2,100,4,200,0.8,"independent",0.2,40,8.299031137783e-20,"binary","common_log_odds","common_log_odds",-0.1,0.025,-0.1,-0.00216277043573845,0.00238408566465223,1.11130722679764e-17,4.08860400653874e-06,4.3415431703238e-06,4.3415431703238e-06,1.06186443181598,1.06186443181598,0,2.52939163785059e-07,0.511371814965425,0.655994578138519,0.409649268807146,0.558378663803171,,,,,,0.6,0.5,-0.410910573664972,TRUE,TRUE,TRUE
3,"S03","S03_D2_continuous_realistic_first_factor_contrast","practical_heterogeneity","supplemental",2,"K2_npg500_n1000_p080_independent",2,500,4,1000,0.8,"independent",0.2,200,2.46046384432237e-97,"continuous","realistic","first_factor_contrast",-0.2,0.025,-0.2,-0.5,0.5,0,0.25,0.26333042697337,0.26333042697337,1.05332170789348,1.05332170789348,0,0.0133304269733696,,,,,0.5,,1,0.25,,,,,TRUE,TRUE,TRUE
4,"S04","S04_D2_binary_common_log_odds_common_log_odds","practical_heterogeneity","supplemental",2,"K2_npg500_n1000_p080_independent",2,500,4,1000,0.8,"independent",0.2,200,2.46046384432237e-97,"binary","common_log_odds","common_log_odds",-0.1,0.025,-0.1,-0.00216277043573845,0.00238408566465223,1.11130722679764e-17,4.08860400653874e-06,4.31054216618742e-06,4.31054216618742e-06,1.05428213622394,1.05428213622394,0,2.21938159648684e-07,0.511371814965425,0.655994578138519,0.409649268807146,0.558378663803171,,,,,,0.6,0.5,-0.410910573664972,TRUE,TRUE,TRUE
5,"S05","S05_D3_continuous_realistic_first_factor_contrast","practical_heterogeneity","supplemental",3,"K5_npg200_n400_p080_independent",5,200,32,400,0.8,"independent",0.0012,0.48,3.68936307567357,"continuous","realistic","first_factor_contrast",-0.2,0.025,-0.2,-0.5,0.5,-4.42354486374086e-17,0.25,0.258965999616746,0.258965999616746,1.03586399846698,1.03586399846698,0,0.00896599961674593,,,,,0.5,,1,0.25,,,,,TRUE,TRUE,TRUE
6,"S06","S06_D3_binary_common_log_odds_common_log_odds","practical_heterogeneity","supplemental",3,"K5_npg200_n400_p080_independent",5,200,32,400,0.8,"independent",0.0012,0.48,3.68936307567357,"binary","common_log_odds","common_log_odds",-0.1,0.025,-0.1,-0.00267693324445453,0.00885338392833782,-2.65680354235784e-17,7.16162563267774e-06,7.35912626960048e-06,7.35912626960048e-06,1.02757762651284,1.02757762651284,0,1.97500636922735e-07,0.464256648152941,0.712341269788364,0.364617576627797,0.621194653716702,,,,,,0.6,0.5,-0.412160285203167,TRUE,TRUE,TRUE
7,"S07","S07_D4_continuous_realistic_first_factor_contrast","practical_heterogeneity","supplemental",4,"K5_npg1000_n2000_p080_independent",5,1000,32,2000,0.8,"independent",0.0012,2.4,0.24355821432108,"continuous","realistic","first_factor_contrast",-0.2,0.025,-0.2,-0.5,0.5,-4.42354486374086e-17,0.25,0.259070446657941,0.259070446657941,1.03628178663177,1.03628178663177,0,0.00907044665794149,,,,,0.5,,1,0.25,,,,,TRUE,TRUE,TRUE
8,"S08","S08_D4_binary_common_log_odds_common_log_odds","practical_heterogeneity","supplemental",4,"K5_npg1000_n2000_p080_independent",5,1000,32,2000,0.8,"independent",0.0012,2.4,0.24355821432108,"binary","common_log_odds","common_log_odds",-0.1,0.025,-0.1,-0.00267693324445453,0.00885338392833782,-2.65680354235784e-17,7.16162563267774e-06,7.34706994042633e-06,7.34706994042633e-06,1.02589416387565,1.02589416387565,0,1.85444307748583e-07,0.464256648152941,0.712341269788364,0.364617576627797,0.621194653716702,,,,,,0.6,0.5,-0.412160285203167,TRUE,TRUE,TRUE
9,"S09","S09_D5_continuous_pure_symmetric_robust_max_ratio","strong_pair_path","supplemental",5,"K2_npg100_n200_p095_independent",2,100,4,200,0.95,"independent",0.2,40,8.299031137783e-20,"continuous","pure_symmetric","robust_max_ratio",-0.2,0.025,-0.2,-1,0.996995440860319,0,0.943340929501222,1.12913804727264,1.1370099271831,1.1969564893889,1.20530117121524,-0.00834468182634307,0.185797117771422,,,,,1,0.05,,,,,,,TRUE,TRUE,TRUE
10,"S10","S10_D5_binary_symmetric_stress_robust_max_ratio","strong_pair_path","supplemental",5,"K2_npg100_n200_p095_independent",2,100,4,200,0.95,"independent",0.2,40,8.299031137783e-20,"binary","symmetric_stress","robust_max_ratio",-0.1,0.025,-0.0999999999999999,-0.784,0.78164442563449,2.77555756156289e-17,0.579830162363503,0.694031475584414,0.698869973802655,1.1969564893889,1.20530117121524,-0.00834468182634329,0.114201313220911,0.159177787182755,0.942,0.058,0.840822212817245,0.8,,,,0.9,0.55,0.45,,TRUE,TRUE,TRUE
11,"S11","S11_D6_continuous_pure_symmetric_robust_max_ratio","strong_pair_path","supplemental",6,"K2_npg500_n1000_p095_independent",2,500,4,1000,0.95,"independent",0.2,200,2.46046384432237e-97,"continuous","pure_symmetric","robust_max_ratio",-0.2,0.025,-0.2,-1,0.97308144954833,5.55111512312578e-17,0.931009978628638,1.11352551051015,1.11976528523448,1.19604036054517,1.20274251720038,-0.00670215665521012,0.182515531881509,,,,,1,0.05,,,,,,,TRUE,TRUE,TRUE
12,"S12","S12_D6_binary_symmetric_stress_robust_max_ratio","strong_pair_path","supplemental",6,"K2_npg500_n1000_p095_independent",2,500,4,1000,0.95,"independent",0.2,200,2.46046384432237e-97,"binary","symmetric_stress","robust_max_ratio",-0.1,0.025,-0.0999999999999999,-0.784,0.76289585644589,8.32667268468867e-17,0.572250869423964,0.684435136188125,0.688270451161084,1.19604036054517,1.20274251720038,-0.0067021566552099,0.112184266764161,0.168552071777055,0.942,0.058,0.831447928222945,0.8,,,,0.9,0.55,0.45,,TRUE,TRUE,TRUE
