scenario,id,n_trials,expected,complete
0,59f8251990b2676ad583,100000,100000,True
1,0861480876ebbd1accb9,100000,100000,True
2,cb400cec395cd0bf412e,100000,100000,True
3,40a5f47d518dbe65f027,100000,100000,True
4,785a742969e47aa00342,100000,100000,True
5,e4f6d83fe5899c2391a6,10000,10000,True
6,31a65d543f5a39d6e2ef,100000,100000,True
7,08d692b532ef77c4ddce,10000,10000,True
8,f687cd66743b4adf626e,100000,100000,True
9,17431ebc449c2d76da55,10000,10000,True
10,a41656bbbdd53ea655cf,100000,100000,True
11,9ed27c582cb8e519fd6e,10000,10000,True
12,f39f01ae5cfde42c534f,100000,100000,True
13,d8bb31d506f67c62d819,10000,10000,True
14,1522ed2ed621e75e8d2c,100000,100000,True
15,440bf8b99f621712fda3,10000,10000,True
16,2e291590141bd519fa70,100000,100000,True
17,1fa2e059fdc643e3b94c,10000,10000,True
18,57b5c95f239273496f29,100000,100000,True
19,1003f28ccd9d6ccfe91c,10000,10000,True
