index,id,group,F,n,outcome,pbc,direction,role,delta,alpha,actual_amplitude,feasibility_scale,n_trials,expected_trials,complete,reference_draws,calibration_replicates,evaluation,score,method,rejections,rate,mcse,ci_lower,ci_upper,difference_from_nominal,note
5,e4f6d83fe5899c2391a6,sample_size,2,1000,continuous,0.8,first_factor,superiority_power,0.19,0.05,0.5,1.0,10000,10000,True,4999,100000,power,unadjusted,RT,8033,0.8033,0.003975035974679977,0.7953932312919646,0.810973835296383,nan,power under fixed alternative
5,e4f6d83fe5899c2391a6,sample_size,2,1000,continuous,0.8,first_factor,superiority_power,0.19,0.05,0.5,1.0,10000,10000,True,4999,100000,power,unadjusted,original_S_normal,8051,0.8051,0.003961237054254643,0.7972195668559101,0.812746117338303,nan,power under fixed alternative
5,e4f6d83fe5899c2391a6,sample_size,2,1000,continuous,0.8,first_factor,superiority_power,0.19,0.05,0.5,1.0,10000,10000,True,4999,100000,power,unadjusted,refined_S_normal,8053,0.8053,0.003959695821650951,0.7974225087326816,0.8129430218621831,nan,power under fixed alternative
5,e4f6d83fe5899c2391a6,sample_size,2,1000,continuous,0.8,first_factor,superiority_power,0.19,0.05,0.5,1.0,10000,10000,True,4999,100000,power,unadjusted,original_R_normal,8038,0.8038,0.003971215934698087,0.7959005212829301,0.8114661613070467,nan,power under fixed alternative
5,e4f6d83fe5899c2391a6,sample_size,2,1000,continuous,0.8,first_factor,superiority_power,0.19,0.05,0.5,1.0,10000,10000,True,4999,100000,power,unadjusted,refined_R_normal,8039,0.8039,0.003970450730080907,0.7960019816243172,0.8115646241659854,nan,power under fixed alternative
5,e4f6d83fe5899c2391a6,sample_size,2,1000,continuous,0.8,first_factor,superiority_power,0.19,0.05,0.5,1.0,10000,10000,True,4999,100000,power,unadjusted,original_CRT_data,8044,0.8044,0.003966618711194712,0.7965092950720701,0.812056926719862,nan,power under fixed alternative
5,e4f6d83fe5899c2391a6,sample_size,2,1000,continuous,0.8,first_factor,superiority_power,0.19,0.05,0.5,1.0,10000,10000,True,4999,100000,power,unadjusted,refined_CRT_data,8044,0.8044,0.003966618711194712,0.7965092950720701,0.812056926719862,nan,power under fixed alternative
5,e4f6d83fe5899c2391a6,sample_size,2,1000,continuous,0.8,first_factor,superiority_power,0.19,0.05,0.5,1.0,10000,10000,True,4999,100000,power,adjusted,RT,8052,0.8052,0.003960466639172712,0.797321037400274,0.8128445699942649,nan,power under fixed alternative
5,e4f6d83fe5899c2391a6,sample_size,2,1000,continuous,0.8,first_factor,superiority_power,0.19,0.05,0.5,1.0,10000,10000,True,4999,100000,power,adjusted,original_S_normal,8066,0.8066,0.003949638464467349,0.7987417079760905,0.8142228242230106,nan,power under fixed alternative
5,e4f6d83fe5899c2391a6,sample_size,2,1000,continuous,0.8,first_factor,superiority_power,0.19,0.05,0.5,1.0,10000,10000,True,4999,100000,power,adjusted,refined_S_normal,8066,0.8066,0.003949638464467349,0.7987417079760905,0.8142228242230106,nan,power under fixed alternative
5,e4f6d83fe5899c2391a6,sample_size,2,1000,continuous,0.8,first_factor,superiority_power,0.19,0.05,0.5,1.0,10000,10000,True,4999,100000,power,adjusted,original_R_normal,8054,0.8054,0.003958924601454289,0.7975239808535931,0.8130414729415977,nan,power under fixed alternative
5,e4f6d83fe5899c2391a6,sample_size,2,1000,continuous,0.8,first_factor,superiority_power,0.19,0.05,0.5,1.0,10000,10000,True,4999,100000,power,adjusted,refined_R_normal,8054,0.8054,0.003958924601454289,0.7975239808535931,0.8130414729415977,nan,power under fixed alternative
5,e4f6d83fe5899c2391a6,sample_size,2,1000,continuous,0.8,first_factor,superiority_power,0.19,0.05,0.5,1.0,10000,10000,True,4999,100000,power,adjusted,original_CRT_data,8061,0.8061,0.003953514765370176,0.7982343078168455,0.8137306083806264,nan,power under fixed alternative
5,e4f6d83fe5899c2391a6,sample_size,2,1000,continuous,0.8,first_factor,superiority_power,0.19,0.05,0.5,1.0,10000,10000,True,4999,100000,power,adjusted,refined_CRT_data,8061,0.8061,0.003953514765370176,0.7982343078168455,0.8137306083806264,nan,power under fixed alternative
7,08d692b532ef77c4ddce,sample_size,2,1000,binary,0.8,first_factor,superiority_power,0.1,0.05,0.12,1.0,10000,10000,True,4999,100000,power,unadjusted,RT,9247,0.9247,0.002638747998578114,0.91936348681479,0.9297103449691573,nan,power under fixed alternative
7,08d692b532ef77c4ddce,sample_size,2,1000,binary,0.8,first_factor,superiority_power,0.1,0.05,0.12,1.0,10000,10000,True,4999,100000,power,unadjusted,original_S_normal,9307,0.9307,0.0025396359975398053,0.9255552251949613,0.9355139986085379,nan,power under fixed alternative
7,08d692b532ef77c4ddce,sample_size,2,1000,binary,0.8,first_factor,superiority_power,0.1,0.05,0.12,1.0,10000,10000,True,4999,100000,power,unadjusted,refined_S_normal,9307,0.9307,0.0025396359975398053,0.9255552251949613,0.9355139986085379,nan,power under fixed alternative
7,08d692b532ef77c4ddce,sample_size,2,1000,binary,0.8,first_factor,superiority_power,0.1,0.05,0.12,1.0,10000,10000,True,4999,100000,power,unadjusted,original_R_normal,9304,0.9304,0.002544716880126353,0.925245393259669,0.9352240609428525,nan,power under fixed alternative
7,08d692b532ef77c4ddce,sample_size,2,1000,binary,0.8,first_factor,superiority_power,0.1,0.05,0.12,1.0,10000,10000,True,4999,100000,power,unadjusted,refined_R_normal,9304,0.9304,0.002544716880126353,0.925245393259669,0.9352240609428525,nan,power under fixed alternative
7,08d692b532ef77c4ddce,sample_size,2,1000,binary,0.8,first_factor,superiority_power,0.1,0.05,0.12,1.0,10000,10000,True,4999,100000,power,unadjusted,original_CRT_data,9247,0.9247,0.002638747998578114,0.91936348681479,0.9297103449691573,nan,power under fixed alternative
7,08d692b532ef77c4ddce,sample_size,2,1000,binary,0.8,first_factor,superiority_power,0.1,0.05,0.12,1.0,10000,10000,True,4999,100000,power,unadjusted,refined_CRT_data,9247,0.9247,0.002638747998578114,0.91936348681479,0.9297103449691573,nan,power under fixed alternative
7,08d692b532ef77c4ddce,sample_size,2,1000,binary,0.8,first_factor,superiority_power,0.1,0.05,0.12,1.0,10000,10000,True,4999,100000,power,adjusted,RT,9291,0.9291,0.0025665772928162513,0.9239030947424598,0.9339673578558256,nan,power under fixed alternative
7,08d692b532ef77c4ddce,sample_size,2,1000,binary,0.8,first_factor,superiority_power,0.1,0.05,0.12,1.0,10000,10000,True,4999,100000,power,adjusted,original_S_normal,9304,0.9304,0.002544716880126353,0.925245393259669,0.9352240609428525,nan,power under fixed alternative
7,08d692b532ef77c4ddce,sample_size,2,1000,binary,0.8,first_factor,superiority_power,0.1,0.05,0.12,1.0,10000,10000,True,4999,100000,power,adjusted,refined_S_normal,9304,0.9304,0.002544716880126353,0.925245393259669,0.9352240609428525,nan,power under fixed alternative
7,08d692b532ef77c4ddce,sample_size,2,1000,binary,0.8,first_factor,superiority_power,0.1,0.05,0.12,1.0,10000,10000,True,4999,100000,power,adjusted,original_R_normal,9301,0.9301,0.002549784108508012,0.924935588026703,0.9349340965748412,nan,power under fixed alternative
7,08d692b532ef77c4ddce,sample_size,2,1000,binary,0.8,first_factor,superiority_power,0.1,0.05,0.12,1.0,10000,10000,True,4999,100000,power,adjusted,refined_R_normal,9301,0.9301,0.002549784108508012,0.924935588026703,0.9349340965748412,nan,power under fixed alternative
7,08d692b532ef77c4ddce,sample_size,2,1000,binary,0.8,first_factor,superiority_power,0.1,0.05,0.12,1.0,10000,10000,True,4999,100000,power,adjusted,original_CRT_data,9296,0.9296,0.0025581993667421624,0.9244193048801211,0.9344507637197935,nan,power under fixed alternative
7,08d692b532ef77c4ddce,sample_size,2,1000,binary,0.8,first_factor,superiority_power,0.1,0.05,0.12,1.0,10000,10000,True,4999,100000,power,adjusted,refined_CRT_data,9296,0.9296,0.0025581993667421624,0.9244193048801211,0.9344507637197935,nan,power under fixed alternative
9,17431ebc449c2d76da55,sample_size,5,2000,continuous,0.8,first_factor,superiority_power,0.135,0.05,0.5,1.0,10000,10000,True,4999,100000,power,unadjusted,RT,8238,0.8238,0.003809902360953624,0.8162087884450779,0.8311425342100718,nan,power under fixed alternative
9,17431ebc449c2d76da55,sample_size,5,2000,continuous,0.8,first_factor,superiority_power,0.135,0.05,0.5,1.0,10000,10000,True,4999,100000,power,unadjusted,original_S_normal,8223,0.8223,0.003822600031392246,0.8146844952207509,0.8296679794295109,nan,power under fixed alternative
9,17431ebc449c2d76da55,sample_size,5,2000,continuous,0.8,first_factor,superiority_power,0.135,0.05,0.5,1.0,10000,10000,True,4999,100000,power,unadjusted,refined_S_normal,8227,0.8227,0.0038192238740351425,0.8150909540527422,0.830061213398823,nan,power under fixed alternative
9,17431ebc449c2d76da55,sample_size,5,2000,continuous,0.8,first_factor,superiority_power,0.135,0.05,0.5,1.0,10000,10000,True,4999,100000,power,unadjusted,original_R_normal,8218,0.8218,0.0038268101599112543,0.8141764413945917,0.8291764172540407,nan,power under fixed alternative
9,17431ebc449c2d76da55,sample_size,5,2000,continuous,0.8,first_factor,superiority_power,0.135,0.05,0.5,1.0,10000,10000,True,4999,100000,power,unadjusted,refined_R_normal,8223,0.8223,0.003822600031392246,0.8146844952207509,0.8296679794295109,nan,power under fixed alternative
9,17431ebc449c2d76da55,sample_size,5,2000,continuous,0.8,first_factor,superiority_power,0.135,0.05,0.5,1.0,10000,10000,True,4999,100000,power,unadjusted,original_CRT_data,8242,0.8242,0.0038064991790357707,0.8166153001918401,0.8315357152646132,nan,power under fixed alternative
9,17431ebc449c2d76da55,sample_size,5,2000,continuous,0.8,first_factor,superiority_power,0.135,0.05,0.5,1.0,10000,10000,True,4999,100000,power,unadjusted,refined_CRT_data,8242,0.8242,0.0038064991790357707,0.8166153001918401,0.8315357152646132,nan,power under fixed alternative
9,17431ebc449c2d76da55,sample_size,5,2000,continuous,0.8,first_factor,superiority_power,0.135,0.05,0.5,1.0,10000,10000,True,4999,100000,power,adjusted,RT,8262,0.8262,0.003789374090796526,0.8186480726987903,0.8335014067641805,nan,power under fixed alternative
9,17431ebc449c2d76da55,sample_size,5,2000,continuous,0.8,first_factor,superiority_power,0.135,0.05,0.5,1.0,10000,10000,True,4999,100000,power,adjusted,original_S_normal,8256,0.8256,0.0037945308010345624,0.8180382033847557,0.8329117368762595,nan,power under fixed alternative
9,17431ebc449c2d76da55,sample_size,5,2000,continuous,0.8,first_factor,superiority_power,0.135,0.05,0.5,1.0,10000,10000,True,4999,100000,power,adjusted,refined_S_normal,8256,0.8256,0.0037945308010345624,0.8180382033847557,0.8329117368762595,nan,power under fixed alternative
9,17431ebc449c2d76da55,sample_size,5,2000,continuous,0.8,first_factor,superiority_power,0.135,0.05,0.5,1.0,10000,10000,True,4999,100000,power,adjusted,original_R_normal,8252,0.8252,0.0037979594521268915,0.8176316417690291,0.8325186056906829,nan,power under fixed alternative
9,17431ebc449c2d76da55,sample_size,5,2000,continuous,0.8,first_factor,superiority_power,0.135,0.05,0.5,1.0,10000,10000,True,4999,100000,power,adjusted,refined_R_normal,8251,0.8251,0.0037988154732758474,0.8175300036004057,0.8324203206589803,nan,power under fixed alternative
9,17431ebc449c2d76da55,sample_size,5,2000,continuous,0.8,first_factor,superiority_power,0.135,0.05,0.5,1.0,10000,10000,True,4999,100000,power,adjusted,original_CRT_data,8267,0.8267,0.003785064200248128,0.8191563218606365,0.8339927736039633,nan,power under fixed alternative
9,17431ebc449c2d76da55,sample_size,5,2000,continuous,0.8,first_factor,superiority_power,0.135,0.05,0.5,1.0,10000,10000,True,4999,100000,power,adjusted,refined_CRT_data,8267,0.8267,0.003785064200248128,0.8191563218606365,0.8339927736039633,nan,power under fixed alternative
11,9ed27c582cb8e519fd6e,sample_size,5,2000,binary,0.8,first_factor,superiority_power,0.07,0.05,0.12,1.0,10000,10000,True,4999,100000,power,unadjusted,RT,9122,0.9122,0.002830038162286862,0.9064937496847149,0.9175896820584993,nan,power under fixed alternative
11,9ed27c582cb8e519fd6e,sample_size,5,2000,binary,0.8,first_factor,superiority_power,0.07,0.05,0.12,1.0,10000,10000,True,4999,100000,power,unadjusted,original_S_normal,9164,0.9164,0.0027678699391409274,0.910813862984116,0.9216663431727845,nan,power under fixed alternative
11,9ed27c582cb8e519fd6e,sample_size,5,2000,binary,0.8,first_factor,superiority_power,0.07,0.05,0.12,1.0,10000,10000,True,4999,100000,power,unadjusted,refined_S_normal,9164,0.9164,0.0027678699391409274,0.910813862984116,0.9216663431727845,nan,power under fixed alternative
11,9ed27c582cb8e519fd6e,sample_size,5,2000,binary,0.8,first_factor,superiority_power,0.07,0.05,0.12,1.0,10000,10000,True,4999,100000,power,unadjusted,original_R_normal,9161,0.9161,0.0027723778602492116,0.9105051517348901,0.9213752848210328,nan,power under fixed alternative
11,9ed27c582cb8e519fd6e,sample_size,5,2000,binary,0.8,first_factor,superiority_power,0.07,0.05,0.12,1.0,10000,10000,True,4999,100000,power,unadjusted,refined_R_normal,9161,0.9161,0.0027723778602492116,0.9105051517348901,0.9213752848210328,nan,power under fixed alternative
11,9ed27c582cb8e519fd6e,sample_size,5,2000,binary,0.8,first_factor,superiority_power,0.07,0.05,0.12,1.0,10000,10000,True,4999,100000,power,unadjusted,original_CRT_data,9122,0.9122,0.002830038162286862,0.9064937496847149,0.9175896820584993,nan,power under fixed alternative
11,9ed27c582cb8e519fd6e,sample_size,5,2000,binary,0.8,first_factor,superiority_power,0.07,0.05,0.12,1.0,10000,10000,True,4999,100000,power,unadjusted,refined_CRT_data,9122,0.9122,0.002830038162286862,0.9064937496847149,0.9175896820584993,nan,power under fixed alternative
11,9ed27c582cb8e519fd6e,sample_size,5,2000,binary,0.8,first_factor,superiority_power,0.07,0.05,0.12,1.0,10000,10000,True,4999,100000,power,adjusted,RT,9166,0.9166,0.0027648587667365586,0.9110196820093808,0.9218603705481714,nan,power under fixed alternative
11,9ed27c582cb8e519fd6e,sample_size,5,2000,binary,0.8,first_factor,superiority_power,0.07,0.05,0.12,1.0,10000,10000,True,4999,100000,power,adjusted,original_S_normal,9158,0.9158,0.0027768752222597265,0.9101964611423878,0.9210842058125575,nan,power under fixed alternative
11,9ed27c582cb8e519fd6e,sample_size,5,2000,binary,0.8,first_factor,superiority_power,0.07,0.05,0.12,1.0,10000,10000,True,4999,100000,power,adjusted,refined_S_normal,9158,0.9158,0.0027768752222597265,0.9101964611423878,0.9210842058125575,nan,power under fixed alternative
11,9ed27c582cb8e519fd6e,sample_size,5,2000,binary,0.8,first_factor,superiority_power,0.07,0.05,0.12,1.0,10000,10000,True,4999,100000,power,adjusted,original_R_normal,9154,0.9154,0.002782855368142585,0.9097849056455499,0.9206960685080919,nan,power under fixed alternative
11,9ed27c582cb8e519fd6e,sample_size,5,2000,binary,0.8,first_factor,superiority_power,0.07,0.05,0.12,1.0,10000,10000,True,4999,100000,power,adjusted,refined_R_normal,9154,0.9154,0.002782855368142585,0.9097849056455499,0.9206960685080919,nan,power under fixed alternative
11,9ed27c582cb8e519fd6e,sample_size,5,2000,binary,0.8,first_factor,superiority_power,0.07,0.05,0.12,1.0,10000,10000,True,4999,100000,power,adjusted,original_CRT_data,9170,0.917,0.0027588222124667614,0.9114313478575047,0.9222483975013511,nan,power under fixed alternative
11,9ed27c582cb8e519fd6e,sample_size,5,2000,binary,0.8,first_factor,superiority_power,0.07,0.05,0.12,1.0,10000,10000,True,4999,100000,power,adjusted,refined_CRT_data,9170,0.917,0.0027588222124667614,0.9114313478575047,0.9222483975013511,nan,power under fixed alternative
13,d8bb31d506f67c62d819,pbc95,5,400,continuous,0.95,zero,superiority_power,0.3,0.05,0.0,1.0,10000,10000,True,4999,100000,power,unadjusted,RT,10000,1.0,0.0,0.9996160016293234,1.0,nan,power under fixed alternative
13,d8bb31d506f67c62d819,pbc95,5,400,continuous,0.95,zero,superiority_power,0.3,0.05,0.0,1.0,10000,10000,True,4999,100000,power,unadjusted,original_S_normal,10000,1.0,0.0,0.9996160016293234,1.0,nan,power under fixed alternative
13,d8bb31d506f67c62d819,pbc95,5,400,continuous,0.95,zero,superiority_power,0.3,0.05,0.0,1.0,10000,10000,True,4999,100000,power,unadjusted,refined_S_normal,10000,1.0,0.0,0.9996160016293234,1.0,nan,power under fixed alternative
13,d8bb31d506f67c62d819,pbc95,5,400,continuous,0.95,zero,superiority_power,0.3,0.05,0.0,1.0,10000,10000,True,4999,100000,power,unadjusted,original_R_normal,10000,1.0,0.0,0.9996160016293234,1.0,nan,power under fixed alternative
13,d8bb31d506f67c62d819,pbc95,5,400,continuous,0.95,zero,superiority_power,0.3,0.05,0.0,1.0,10000,10000,True,4999,100000,power,unadjusted,refined_R_normal,10000,1.0,0.0,0.9996160016293234,1.0,nan,power under fixed alternative
13,d8bb31d506f67c62d819,pbc95,5,400,continuous,0.95,zero,superiority_power,0.3,0.05,0.0,1.0,10000,10000,True,4999,100000,power,unadjusted,original_CRT_data,10000,1.0,0.0,0.9996160016293234,1.0,nan,power under fixed alternative
13,d8bb31d506f67c62d819,pbc95,5,400,continuous,0.95,zero,superiority_power,0.3,0.05,0.0,1.0,10000,10000,True,4999,100000,power,unadjusted,refined_CRT_data,10000,1.0,0.0,0.9996160016293234,1.0,nan,power under fixed alternative
13,d8bb31d506f67c62d819,pbc95,5,400,continuous,0.95,zero,superiority_power,0.3,0.05,0.0,1.0,10000,10000,True,4999,100000,power,adjusted,RT,10000,1.0,0.0,0.9996160016293234,1.0,nan,power under fixed alternative
13,d8bb31d506f67c62d819,pbc95,5,400,continuous,0.95,zero,superiority_power,0.3,0.05,0.0,1.0,10000,10000,True,4999,100000,power,adjusted,original_S_normal,10000,1.0,0.0,0.9996160016293234,1.0,nan,power under fixed alternative
13,d8bb31d506f67c62d819,pbc95,5,400,continuous,0.95,zero,superiority_power,0.3,0.05,0.0,1.0,10000,10000,True,4999,100000,power,adjusted,refined_S_normal,10000,1.0,0.0,0.9996160016293234,1.0,nan,power under fixed alternative
13,d8bb31d506f67c62d819,pbc95,5,400,continuous,0.95,zero,superiority_power,0.3,0.05,0.0,1.0,10000,10000,True,4999,100000,power,adjusted,original_R_normal,10000,1.0,0.0,0.9996160016293234,1.0,nan,power under fixed alternative
13,d8bb31d506f67c62d819,pbc95,5,400,continuous,0.95,zero,superiority_power,0.3,0.05,0.0,1.0,10000,10000,True,4999,100000,power,adjusted,refined_R_normal,10000,1.0,0.0,0.9996160016293234,1.0,nan,power under fixed alternative
13,d8bb31d506f67c62d819,pbc95,5,400,continuous,0.95,zero,superiority_power,0.3,0.05,0.0,1.0,10000,10000,True,4999,100000,power,adjusted,original_CRT_data,10000,1.0,0.0,0.9996160016293234,1.0,nan,power under fixed alternative
13,d8bb31d506f67c62d819,pbc95,5,400,continuous,0.95,zero,superiority_power,0.3,0.05,0.0,1.0,10000,10000,True,4999,100000,power,adjusted,refined_CRT_data,10000,1.0,0.0,0.9996160016293234,1.0,nan,power under fixed alternative
15,440bf8b99f621712fda3,pbc95,5,400,continuous,0.95,first_factor,superiority_power,0.3,0.05,0.5,1.0,10000,10000,True,4999,100000,power,unadjusted,RT,10000,1.0,0.0,0.9996160016293234,1.0,nan,power under fixed alternative
15,440bf8b99f621712fda3,pbc95,5,400,continuous,0.95,first_factor,superiority_power,0.3,0.05,0.5,1.0,10000,10000,True,4999,100000,power,unadjusted,original_S_normal,10000,1.0,0.0,0.9996160016293234,1.0,nan,power under fixed alternative
15,440bf8b99f621712fda3,pbc95,5,400,continuous,0.95,first_factor,superiority_power,0.3,0.05,0.5,1.0,10000,10000,True,4999,100000,power,unadjusted,refined_S_normal,10000,1.0,0.0,0.9996160016293234,1.0,nan,power under fixed alternative
15,440bf8b99f621712fda3,pbc95,5,400,continuous,0.95,first_factor,superiority_power,0.3,0.05,0.5,1.0,10000,10000,True,4999,100000,power,unadjusted,original_R_normal,10000,1.0,0.0,0.9996160016293234,1.0,nan,power under fixed alternative
15,440bf8b99f621712fda3,pbc95,5,400,continuous,0.95,first_factor,superiority_power,0.3,0.05,0.5,1.0,10000,10000,True,4999,100000,power,unadjusted,refined_R_normal,10000,1.0,0.0,0.9996160016293234,1.0,nan,power under fixed alternative
15,440bf8b99f621712fda3,pbc95,5,400,continuous,0.95,first_factor,superiority_power,0.3,0.05,0.5,1.0,10000,10000,True,4999,100000,power,unadjusted,original_CRT_data,10000,1.0,0.0,0.9996160016293234,1.0,nan,power under fixed alternative
15,440bf8b99f621712fda3,pbc95,5,400,continuous,0.95,first_factor,superiority_power,0.3,0.05,0.5,1.0,10000,10000,True,4999,100000,power,unadjusted,refined_CRT_data,10000,1.0,0.0,0.9996160016293234,1.0,nan,power under fixed alternative
15,440bf8b99f621712fda3,pbc95,5,400,continuous,0.95,first_factor,superiority_power,0.3,0.05,0.5,1.0,10000,10000,True,4999,100000,power,adjusted,RT,10000,1.0,0.0,0.9996160016293234,1.0,nan,power under fixed alternative
15,440bf8b99f621712fda3,pbc95,5,400,continuous,0.95,first_factor,superiority_power,0.3,0.05,0.5,1.0,10000,10000,True,4999,100000,power,adjusted,original_S_normal,10000,1.0,0.0,0.9996160016293234,1.0,nan,power under fixed alternative
15,440bf8b99f621712fda3,pbc95,5,400,continuous,0.95,first_factor,superiority_power,0.3,0.05,0.5,1.0,10000,10000,True,4999,100000,power,adjusted,refined_S_normal,10000,1.0,0.0,0.9996160016293234,1.0,nan,power under fixed alternative
15,440bf8b99f621712fda3,pbc95,5,400,continuous,0.95,first_factor,superiority_power,0.3,0.05,0.5,1.0,10000,10000,True,4999,100000,power,adjusted,original_R_normal,10000,1.0,0.0,0.9996160016293234,1.0,nan,power under fixed alternative
15,440bf8b99f621712fda3,pbc95,5,400,continuous,0.95,first_factor,superiority_power,0.3,0.05,0.5,1.0,10000,10000,True,4999,100000,power,adjusted,refined_R_normal,10000,1.0,0.0,0.9996160016293234,1.0,nan,power under fixed alternative
15,440bf8b99f621712fda3,pbc95,5,400,continuous,0.95,first_factor,superiority_power,0.3,0.05,0.5,1.0,10000,10000,True,4999,100000,power,adjusted,original_CRT_data,10000,1.0,0.0,0.9996160016293234,1.0,nan,power under fixed alternative
15,440bf8b99f621712fda3,pbc95,5,400,continuous,0.95,first_factor,superiority_power,0.3,0.05,0.5,1.0,10000,10000,True,4999,100000,power,adjusted,refined_CRT_data,10000,1.0,0.0,0.9996160016293234,1.0,nan,power under fixed alternative
17,1fa2e059fdc643e3b94c,pbc95,5,400,continuous,0.95,zero,superiority_power,0.3,0.05,0.0,1.0,10000,10000,True,4999,100000,power,unadjusted,RT,8318,0.8318,0.003740437942273605,0.8243417661017427,0.8390034125794763,nan,power under fixed alternative
17,1fa2e059fdc643e3b94c,pbc95,5,400,continuous,0.95,zero,superiority_power,0.3,0.05,0.0,1.0,10000,10000,True,4999,100000,power,unadjusted,original_S_normal,8312,0.8312,0.0037457517269568197,0.8237315892396501,0.8384140502396139,nan,power under fixed alternative
17,1fa2e059fdc643e3b94c,pbc95,5,400,continuous,0.95,zero,superiority_power,0.3,0.05,0.0,1.0,10000,10000,True,4999,100000,power,unadjusted,refined_S_normal,8324,0.8324,0.003735106959646537,0.8249519766365095,0.8395927412466647,nan,power under fixed alternative
17,1fa2e059fdc643e3b94c,pbc95,5,400,continuous,0.95,zero,superiority_power,0.3,0.05,0.0,1.0,10000,10000,True,4999,100000,power,unadjusted,original_R_normal,8267,0.8267,0.003785064200248128,0.8191563218606365,0.8339927736039633,nan,power under fixed alternative
17,1fa2e059fdc643e3b94c,pbc95,5,400,continuous,0.95,zero,superiority_power,0.3,0.05,0.0,1.0,10000,10000,True,4999,100000,power,unadjusted,refined_R_normal,8286,0.8286,0.003768581165372453,0.8210878751473188,0.8358597611234725,nan,power under fixed alternative
17,1fa2e059fdc643e3b94c,pbc95,5,400,continuous,0.95,zero,superiority_power,0.3,0.05,0.0,1.0,10000,10000,True,4999,100000,power,unadjusted,original_CRT_data,8363,0.8363,0.0037000312160845343,0.8289191759732636,0.8434225467226194,nan,power under fixed alternative
17,1fa2e059fdc643e3b94c,pbc95,5,400,continuous,0.95,zero,superiority_power,0.3,0.05,0.0,1.0,10000,10000,True,4999,100000,power,unadjusted,refined_CRT_data,8363,0.8363,0.0037000312160845343,0.8289191759732636,0.8434225467226194,nan,power under fixed alternative
17,1fa2e059fdc643e3b94c,pbc95,5,400,continuous,0.95,zero,superiority_power,0.3,0.05,0.0,1.0,10000,10000,True,4999,100000,power,adjusted,RT,8321,0.8321,0.0037377746052965795,0.8246468671510541,0.8392980811311423,nan,power under fixed alternative
17,1fa2e059fdc643e3b94c,pbc95,5,400,continuous,0.95,zero,superiority_power,0.3,0.05,0.0,1.0,10000,10000,True,4999,100000,power,adjusted,original_S_normal,8340,0.834,0.0037208063642173053,0.8265793704525902,0.8411641186357978,nan,power under fixed alternative
17,1fa2e059fdc643e3b94c,pbc95,5,400,continuous,0.95,zero,superiority_power,0.3,0.05,0.0,1.0,10000,10000,True,4999,100000,power,adjusted,refined_S_normal,8336,0.8336,0.003724393104923271,0.8261724993025086,0.840771296984576,nan,power under fixed alternative
17,1fa2e059fdc643e3b94c,pbc95,5,400,continuous,0.95,zero,superiority_power,0.3,0.05,0.0,1.0,10000,10000,True,4999,100000,power,adjusted,original_R_normal,8300,0.83,0.00375632799419859,0.8225113359627291,0.8372352251126242,nan,power under fixed alternative
17,1fa2e059fdc643e3b94c,pbc95,5,400,continuous,0.95,zero,superiority_power,0.3,0.05,0.0,1.0,10000,10000,True,4999,100000,power,adjusted,refined_R_normal,8296,0.8296,0.003759838294395119,0.8221046144791518,0.8368422537948982,nan,power under fixed alternative
17,1fa2e059fdc643e3b94c,pbc95,5,400,continuous,0.95,zero,superiority_power,0.3,0.05,0.0,1.0,10000,10000,True,4999,100000,power,adjusted,original_CRT_data,8360,0.836,0.0037027557305336794,0.8286139551430091,0.8431279979518961,nan,power under fixed alternative
17,1fa2e059fdc643e3b94c,pbc95,5,400,continuous,0.95,zero,superiority_power,0.3,0.05,0.0,1.0,10000,10000,True,4999,100000,power,adjusted,refined_CRT_data,8360,0.836,0.0037027557305336794,0.8286139551430091,0.8431279979518961,nan,power under fixed alternative
19,1003f28ccd9d6ccfe91c,pbc95,5,400,continuous,0.95,first_factor,superiority_power,0.3,0.05,0.5,1.0,10000,10000,True,4999,100000,power,unadjusted,RT,8094,0.8094,0.0039277428632740205,0.8015835176190952,0.8169788641891301,nan,power under fixed alternative
19,1003f28ccd9d6ccfe91c,pbc95,5,400,continuous,0.95,first_factor,superiority_power,0.3,0.05,0.5,1.0,10000,10000,True,4999,100000,power,unadjusted,original_S_normal,8116,0.8116,0.003910312519479741,0.8038168118785356,0.8191438803368587,nan,power under fixed alternative
19,1003f28ccd9d6ccfe91c,pbc95,5,400,continuous,0.95,first_factor,superiority_power,0.3,0.05,0.5,1.0,10000,10000,True,4999,100000,power,unadjusted,refined_S_normal,8151,0.8151,0.0038821642160011723,0.807370598924163,0.8225874053026366,nan,power under fixed alternative
19,1003f28ccd9d6ccfe91c,pbc95,5,400,continuous,0.95,first_factor,superiority_power,0.3,0.05,0.5,1.0,10000,10000,True,4999,100000,power,unadjusted,original_R_normal,8052,0.8052,0.003960466639172712,0.797321037400274,0.8128445699942649,nan,power under fixed alternative
19,1003f28ccd9d6ccfe91c,pbc95,5,400,continuous,0.95,first_factor,superiority_power,0.3,0.05,0.5,1.0,10000,10000,True,4999,100000,power,unadjusted,refined_R_normal,8083,0.8083,0.003936382984416023,0.8004670174486987,0.8158962091559421,nan,power under fixed alternative
19,1003f28ccd9d6ccfe91c,pbc95,5,400,continuous,0.95,first_factor,superiority_power,0.3,0.05,0.5,1.0,10000,10000,True,4999,100000,power,unadjusted,original_CRT_data,8157,0.8157,0.0038772865511849906,0.807979921854344,0.8231776215744107,nan,power under fixed alternative
19,1003f28ccd9d6ccfe91c,pbc95,5,400,continuous,0.95,first_factor,superiority_power,0.3,0.05,0.5,1.0,10000,10000,True,4999,100000,power,unadjusted,refined_CRT_data,8158,0.8158,0.0038764721074709156,0.8080814786123477,0.823275988016733,nan,power under fixed alternative
19,1003f28ccd9d6ccfe91c,pbc95,5,400,continuous,0.95,first_factor,superiority_power,0.3,0.05,0.5,1.0,10000,10000,True,4999,100000,power,adjusted,RT,8128,0.8128,0.0039007199335507284,0.8050351390700937,0.8203246315492109,nan,power under fixed alternative
19,1003f28ccd9d6ccfe91c,pbc95,5,400,continuous,0.95,first_factor,superiority_power,0.3,0.05,0.5,1.0,10000,10000,True,4999,100000,power,adjusted,original_S_normal,8189,0.8189,0.003851010127226362,0.8112301575800622,0.8263249282591201,nan,power under fixed alternative
19,1003f28ccd9d6ccfe91c,pbc95,5,400,continuous,0.95,first_factor,superiority_power,0.3,0.05,0.5,1.0,10000,10000,True,4999,100000,power,adjusted,refined_S_normal,8188,0.8188,0.0038518380028241066,0.8111285745214286,0.8262265881174279,nan,power under fixed alternative
19,1003f28ccd9d6ccfe91c,pbc95,5,400,continuous,0.95,first_factor,superiority_power,0.3,0.05,0.5,1.0,10000,10000,True,4999,100000,power,adjusted,original_R_normal,8124,0.8124,0.003903924179591607,0.804629016852811,0.8199310609651902,nan,power under fixed alternative
19,1003f28ccd9d6ccfe91c,pbc95,5,400,continuous,0.95,first_factor,superiority_power,0.3,0.05,0.5,1.0,10000,10000,True,4999,100000,power,adjusted,refined_R_normal,8123,0.8123,0.0039047241900036934,0.8045274883566583,0.819832666261017,nan,power under fixed alternative
19,1003f28ccd9d6ccfe91c,pbc95,5,400,continuous,0.95,first_factor,superiority_power,0.3,0.05,0.5,1.0,10000,10000,True,4999,100000,power,adjusted,original_CRT_data,8185,0.8185,0.0038543190059983357,0.8108238304827391,0.8259315625551398,nan,power under fixed alternative
19,1003f28ccd9d6ccfe91c,pbc95,5,400,continuous,0.95,first_factor,superiority_power,0.3,0.05,0.5,1.0,10000,10000,True,4999,100000,power,adjusted,refined_CRT_data,8185,0.8185,0.0038543190059983357,0.8108238304827391,0.8259315625551398,nan,power under fixed alternative
