index,id,group,F,n,outcome,pbc,direction,role,delta,alpha,actual_amplitude,feasibility_scale,n_trials,expected_trials,complete,reference_draws,calibration_replicates,evaluation,boundary,score,construction,mean_reference_variance,mean_estimated_S,mean_estimated_R,R_bias_ratio_of_means,mean_reference_over_estimate,mcse_mean_ratio,empirical_sampling_variance,S_bias_ratio_of_means,S_variance_diagnostic_valid,mean_ref_between,mean_ref_within,mean_ref_twice_cross,mean_both_arms,mean_represented,mean_zero_filled_strata,mean_zero_filled_profile_mass,rank_fallback_count,zero_reference_variance_count,kappa_floor_count,R_floor_count
0,59f8251990b2676ad583,controls,2,200,continuous,0.8,zero,superiority_null,0.0,0.05,0.0,1.0,100000,100000,True,4999,100000,type1,0.0,unadjusted,original,50.572283920430706,50.57858341482278,50.69318012393376,0.0023905624609177334,0.9976161801847391,0.00015769956247906186,50.783211419286594,-0.004029441989682803,True,0.8467033661389258,49.72619208708086,-0.000611532789070306,4.0,4.0,0.0,0.0,0,0,0,0
0,59f8251990b2676ad583,controls,2,200,continuous,0.8,zero,superiority_null,0.0,0.05,0.0,1.0,100000,100000,True,4999,100000,type1,0.0,unadjusted,refined,50.572283920430706,50.55286941246484,50.66746612157581,0.0018821020876744754,0.9981200766943011,0.00015754475579612948,50.783211419286594,-0.004535790478470525,True,0.8467033661389258,49.72619208708086,-0.000611532789070306,4.0,4.0,0.0,0.0,0,0,0,0
0,59f8251990b2676ad583,controls,2,200,continuous,0.8,zero,superiority_null,0.0,0.05,0.0,1.0,100000,100000,True,4999,100000,type1,0.0,adjusted,original,50.17042504583135,50.14960772621908,50.26420443533007,0.0018692165636040592,0.9981308925765228,0.00015699594419411498,50.36772680623548,-0.00433053254230642,True,0.44373295089965165,49.72619208708086,0.0005000078508459819,4.0,4.0,0.0,0.0,0,0,0,0
0,59f8251990b2676ad583,controls,2,200,continuous,0.8,zero,superiority_null,0.0,0.05,0.0,1.0,100000,100000,True,4999,100000,type1,0.0,adjusted,refined,50.17042504583135,50.15161177171105,50.26620848082204,0.0019091613216988268,0.998091088451064,0.00015698972628146993,50.36772680623548,-0.004290744256849721,True,0.44373295089965165,49.72619208708086,0.0005000078508459819,4.0,4.0,0.0,0.0,0,0,0,0
1,0861480876ebbd1accb9,controls,2,200,binary,0.8,zero,superiority_null,0.0,0.05,0.0,1.0,100000,100000,True,4999,100000,type1,0.0,unadjusted,original,11.85638465444948,11.859259832639252,11.886468743521135,0.0025373745832686367,0.9974776784727929,0.0001578185773831237,11.791970614105251,0.005706359075684064,True,0.08159853791248763,11.774660616946877,0.00012549959011935787,4.0,4.0,0.0,0.0,0,0,0,0
1,0861480876ebbd1accb9,controls,2,200,binary,0.8,zero,superiority_null,0.0,0.05,0.0,1.0,100000,100000,True,4999,100000,type1,0.0,unadjusted,refined,11.85638465444948,11.858917834294616,11.886126745176501,0.0025085295048907774,0.9975067517330839,0.00015782266406764238,11.791970614105251,0.0056773564300851564,True,0.08159853791248763,11.774660616946877,0.00012549959011935787,4.0,4.0,0.0,0.0,0,0,0,0
1,0861480876ebbd1accb9,controls,2,200,binary,0.8,zero,superiority_null,0.0,0.05,0.0,1.0,100000,100000,True,4999,100000,type1,0.0,adjusted,original,11.843430083222612,11.84553964603857,11.872748556920453,0.0024755052794520616,0.9975398079174962,0.00015778747276473014,11.777839238117878,0.005748117846742895,True,0.06868809432481901,11.774660616946875,8.137195091832835e-05,4.0,4.0,0.0,0.0,0,0,0,0
1,0861480876ebbd1accb9,controls,2,200,binary,0.8,zero,superiority_null,0.0,0.05,0.0,1.0,100000,100000,True,4999,100000,type1,0.0,adjusted,refined,11.843430083222612,11.846015704396367,11.873224615278254,0.0025157012661263245,0.997499815558978,0.00015778115701747223,11.777839238117878,0.005788537685065487,True,0.06868809432481901,11.774660616946875,8.137195091832835e-05,4.0,4.0,0.0,0.0,0,0,0,0
2,cb400cec395cd0bf412e,controls,5,400,continuous,0.8,zero,superiority_null,0.0,0.05,0.0,1.0,100000,100000,True,4999,100000,type1,0.0,unadjusted,original,101.43268414357105,102.11488841580375,102.2844993260564,0.008397837340867964,0.9917344485149978,0.00011481025590724958,101.69154237114637,0.004163040846723254,True,7.266645484794166,94.16758517327033,-0.0015465144934622144,22.27824,28.31337,9.72176,0.040398976,0,0,0,0
2,cb400cec395cd0bf412e,controls,5,400,continuous,0.8,zero,superiority_null,0.0,0.05,0.0,1.0,100000,100000,True,4999,100000,type1,0.0,unadjusted,refined,101.43268414357105,101.4166229037633,101.58623381401597,0.0015138086085504376,0.9985538908237552,0.00011436944041141334,101.69154237114637,-0.002703464427549873,True,7.266645484794166,94.16758517327033,-0.0015465144934622144,22.27824,28.31337,9.72176,0.040398976,0,0,0,0
2,cb400cec395cd0bf412e,controls,5,400,continuous,0.8,zero,superiority_null,0.0,0.05,0.0,1.0,100000,100000,True,4999,100000,type1,0.0,adjusted,original,100.2617764473917,100.16918010372065,100.33879101397333,0.0007681348696435553,0.9992986427673183,0.00011398978154672547,100.50796971853526,-0.0033707736387807996,True,6.091735297205862,94.16758517327033,0.002455976915493345,22.27824,28.31337,9.72176,0.040398976,0,0,0,0
2,cb400cec395cd0bf412e,controls,5,400,continuous,0.8,zero,superiority_null,0.0,0.05,0.0,1.0,100000,100000,True,4999,100000,type1,0.0,adjusted,refined,100.2617764473917,100.24480891951978,100.41441982977247,0.0015224484124403137,0.9985457175068921,0.00011389156958210458,100.50796971853526,-0.002618307779496898,True,6.091735297205862,94.16758517327033,0.002455976915493345,22.27824,28.31337,9.72176,0.040398976,0,0,0,0
3,40a5f47d518dbe65f027,controls,5,400,binary,0.8,zero,superiority_null,0.0,0.05,0.0,1.0,100000,100000,True,4999,100000,type1,0.0,unadjusted,original,23.65423950651254,23.66642637320819,23.70996759358149,0.0023559449904786423,0.9976938769615841,0.00011304638044204012,23.805343351652365,-0.0058355376938737935,True,1.4025456062499446,22.25027322983111,0.0014206704314880792,22.26902,28.31985,9.73098,0.040495854000000005,0,0,0,0
3,40a5f47d518dbe65f027,controls,5,400,binary,0.8,zero,superiority_null,0.0,0.05,0.0,1.0,100000,100000,True,4999,100000,type1,0.0,unadjusted,refined,23.65423950651254,23.655549276818576,23.699090497191882,0.0018961079119450552,0.9981543078765819,0.00011288201319511414,23.805343351652365,-0.006292455967596533,True,1.4025456062499446,22.25027322983111,0.0014206704314880792,22.26902,28.31985,9.73098,0.040495854000000005,0,0,0,0
3,40a5f47d518dbe65f027,controls,5,400,binary,0.8,zero,superiority_null,0.0,0.05,0.0,1.0,100000,100000,True,4999,100000,type1,0.0,adjusted,original,23.608019795186358,23.591964768324765,23.63550598869807,0.001164273571022667,0.9988840998446488,0.00011290345607817757,23.768386363493757,-0.007422531444539304,True,1.356572211157458,22.2502732298311,0.001174354197791004,22.26902,28.31985,9.73098,0.040495854000000005,0,0,0,0
3,40a5f47d518dbe65f027,controls,5,400,binary,0.8,zero,superiority_null,0.0,0.05,0.0,1.0,100000,100000,True,4999,100000,type1,0.0,adjusted,refined,23.608019795186358,23.60982200079793,23.65336322117123,0.001920678920902752,0.9981297668759193,0.00011280902656274229,23.768386363493757,-0.006671229601828088,True,1.356572211157458,22.2502732298311,0.001174354197791004,22.26902,28.31985,9.73098,0.040495854000000005,0,0,0,0
4,785a742969e47aa00342,sample_size,2,1000,continuous,0.8,first_factor,superiority_null,0.0,0.05,0.5,1.0,100000,100000,True,4999,100000,type1,0.0,unadjusted,original,276.20935593695447,275.38831446107514,276.36343945675424,0.0005578504727947742,0.999443271726588,8.937373373482485e-05,272.55859996526607,0.010382040765434253,True,2.0872823491752106,274.1203886241509,0.0016849636284101117,4.0,4.0,0.0,0.0,0,0,0,0
4,785a742969e47aa00342,sample_size,2,1000,continuous,0.8,first_factor,superiority_null,0.0,0.05,0.5,1.0,100000,100000,True,4999,100000,type1,0.0,unadjusted,refined,276.20935593695447,275.3362707959704,276.31139579164955,0.0003694293929650261,0.9996302522352235,8.931142117724008e-05,272.55859996526607,0.010191095900324854,True,2.0872823491752106,274.1203886241509,0.0016849636284101117,4.0,4.0,0.0,0.0,0,0,0,0
4,785a742969e47aa00342,sample_size,2,1000,continuous,0.8,first_factor,superiority_null,0.0,0.05,0.5,1.0,100000,100000,True,4999,100000,type1,0.0,adjusted,original,275.3193664227665,274.4488766697652,275.4240016654443,0.00038005042666378053,0.9996197108888116,8.922150426441014e-05,271.66028074328875,0.010265011575658178,True,1.1986464034586812,274.1203886241509,0.00033139515692860613,4.0,4.0,0.0,0.0,0,0,0,0
4,785a742969e47aa00342,sample_size,2,1000,continuous,0.8,first_factor,superiority_null,0.0,0.05,0.5,1.0,100000,100000,True,4999,100000,type1,0.0,adjusted,refined,275.3193664227665,274.4493070967435,275.4244320924226,0.00038161380007961654,0.9996181487207525,8.922137325318076e-05,271.66028074328875,0.01026659600668789,True,1.1986464034586812,274.1203886241509,0.00033139515692860613,4.0,4.0,0.0,0.0,0,0,0,0
5,e4f6d83fe5899c2391a6,sample_size,2,1000,continuous,0.8,first_factor,superiority_power,0.19,0.05,0.5,1.0,10000,10000,True,4999,100000,power,0.0,unadjusted,original,278.9406874205835,277.4512082113444,278.92672982233034,-5.00378714279881e-05,1.000058087512848,0.0002818790185643359,284.6668937405365,nan,False,2.090515648942155,276.83533559471573,0.014836176925640297,4.0,4.0,0.0,0.0,0,0,0,0
5,e4f6d83fe5899c2391a6,sample_size,2,1000,continuous,0.8,first_factor,superiority_power,0.19,0.05,0.5,1.0,10000,10000,True,4999,100000,power,0.0,unadjusted,refined,278.9406874205835,277.4033187226322,278.87884033361814,-0.00022172128253239443,1.0002294895645496,0.0002817374828944726,284.6668937405365,nan,False,2.090515648942155,276.83533559471573,0.014836176925640297,4.0,4.0,0.0,0.0,0,0,0,0
5,e4f6d83fe5899c2391a6,sample_size,2,1000,continuous,0.8,first_factor,superiority_power,0.19,0.05,0.5,1.0,10000,10000,True,4999,100000,power,0.0,adjusted,original,278.04020058414426,276.5168283815667,277.99234999255265,-0.00017209954348718082,1.000179817698585,0.00028161878506732113,283.78606427921034,nan,False,1.202101732714619,276.83533559471573,0.0027632567139508667,4.0,4.0,0.0,0.0,0,0,0,0
5,e4f6d83fe5899c2391a6,sample_size,2,1000,continuous,0.8,first_factor,superiority_power,0.19,0.05,0.5,1.0,10000,10000,True,4999,100000,power,0.0,adjusted,refined,278.04020058414426,276.5172640287549,277.9927856397409,-0.0001705326938470364,1.0001782499432765,0.00028161837760668217,283.78606427921034,nan,False,1.202101732714619,276.83533559471573,0.0027632567139508667,4.0,4.0,0.0,0.0,0,0,0,0
6,31a65d543f5a39d6e2ef,sample_size,2,1000,binary,0.8,first_factor,superiority_null,0.0,0.05,0.12,1.0,100000,100000,True,4999,100000,type1,0.0,unadjusted,original,56.895402755108066,56.84855935784347,56.92000102154326,0.0004323418983616101,0.9995712027145242,8.984507079288656e-05,56.55687527001171,0.00515735861359401,True,0.12597681093345733,56.76923372391172,0.00019222026289237519,4.0,4.0,0.0,0.0,0,0,0,0
6,31a65d543f5a39d6e2ef,sample_size,2,1000,binary,0.8,first_factor,superiority_null,0.0,0.05,0.12,1.0,100000,100000,True,4999,100000,type1,0.0,unadjusted,refined,56.895402755108066,56.84681296386359,56.91825462756338,0.0004016470812884254,0.9996017512215819,8.983913411223772e-05,56.55687527001171,0.005126480069269634,True,0.12597681093345733,56.76923372391172,0.00019222026289237519,4.0,4.0,0.0,0.0,0,0,0,0
6,31a65d543f5a39d6e2ef,sample_size,2,1000,binary,0.8,first_factor,superiority_null,0.0,0.05,0.12,1.0,100000,100000,True,4999,100000,type1,0.0,adjusted,original,56.863607989845576,56.81531560691608,56.88675727061587,0.0004071018633644563,0.9995963836932432,8.98296797392129e-05,56.52579258970862,0.005121962982614914,True,0.09458845200094419,56.76923372391172,-0.00021418606708752648,4.0,4.0,0.0,0.0,0,0,0,0
6,31a65d543f5a39d6e2ef,sample_size,2,1000,binary,0.8,first_factor,superiority_null,0.0,0.05,0.12,1.0,100000,100000,True,4999,100000,type1,0.0,adjusted,refined,56.863607989845576,56.81540523976624,56.88684690346602,0.0004086781412919738,0.9995948085710116,8.982953161357483e-05,56.52579258970862,0.0051235486808609565,True,0.09458845200094419,56.76923372391172,-0.00021418606708752648,4.0,4.0,0.0,0.0,0,0,0,0
7,08d692b532ef77c4ddce,sample_size,2,1000,binary,0.8,first_factor,superiority_power,0.1,0.05,0.12,1.0,10000,10000,True,4999,100000,power,0.0,unadjusted,original,53.878024521847045,53.71711618549564,53.923872989811315,0.0008509678736583481,0.9991536263199885,0.00028397378378896415,52.49380473015261,nan,False,0.122121946416846,53.75667123139389,-0.0007686559636938419,4.0,4.0,0.0,0.0,0,0,0,0
7,08d692b532ef77c4ddce,sample_size,2,1000,binary,0.8,first_factor,superiority_power,0.1,0.05,0.12,1.0,10000,10000,True,4999,100000,power,0.0,unadjusted,refined,53.878024521847045,53.715672613133094,53.92242941744877,0.0008241745311896587,0.9991800325461431,0.00028394642977272997,52.49380473015261,nan,False,0.122121946416846,53.75667123139389,-0.0007686559636938419,4.0,4.0,0.0,0.0,0,0,0,0
7,08d692b532ef77c4ddce,sample_size,2,1000,binary,0.8,first_factor,superiority_power,0.1,0.05,0.12,1.0,10000,10000,True,4999,100000,power,0.0,adjusted,original,53.845830211303884,53.684070243175086,53.890827047490774,0.0008356605518071714,0.9991687462061202,0.0002838864114496537,52.44033733152519,nan,False,0.09061135365655046,53.75667123139389,-0.0014523737465575713,4.0,4.0,0.0,0.0,0,0,0,0
7,08d692b532ef77c4ddce,sample_size,2,1000,binary,0.8,first_factor,superiority_power,0.1,0.05,0.12,1.0,10000,10000,True,4999,100000,power,0.0,adjusted,refined,53.845830211303884,53.684154640121314,53.890911444436995,0.0008372279330859378,0.999167181715877,0.0002838859598667982,52.44033733152519,nan,False,0.09061135365655046,53.75667123139389,-0.0014523737465575713,4.0,4.0,0.0,0.0,0,0,0,0
8,f687cd66743b4adf626e,sample_size,5,2000,continuous,0.8,first_factor,superiority_null,0.0,0.05,0.5,1.0,100000,100000,True,4999,100000,type1,0.0,unadjusted,original,551.9172266686871,552.5486420013274,553.9410723226199,0.003666936917603447,0.9963533244131282,7.492456865888581e-05,550.6109415264141,0.0035191826547100735,True,11.14171276516204,540.7601872215014,0.01532668202380222,30.07809,31.75525,1.92191,0.003312858,0,0,0,0
8,f687cd66743b4adf626e,sample_size,5,2000,continuous,0.8,first_factor,superiority_null,0.0,0.05,0.5,1.0,100000,100000,True,4999,100000,type1,0.0,unadjusted,refined,551.9172266686871,550.977015884528,552.3694462058206,0.0008193611564963899,0.9991872844775123,7.490296706595116e-05,550.6109415264141,0.0006648512234410653,True,11.14171276516204,540.7601872215014,0.01532668202380222,30.07809,31.75525,1.92191,0.003312858,0,0,0,0
8,f687cd66743b4adf626e,sample_size,5,2000,continuous,0.8,first_factor,superiority_null,0.0,0.05,0.5,1.0,100000,100000,True,4999,100000,type1,0.0,adjusted,original,549.6763203127696,548.7136140968602,550.1060444181527,0.0007817766374556001,0.9992247805765824,7.483808879101895e-05,548.5841856602515,0.00023593176761549373,True,8.903126768891962,540.7601872215014,0.013006322376187814,30.07809,31.75525,1.92191,0.003312858,0,0,0,0
8,f687cd66743b4adf626e,sample_size,5,2000,continuous,0.8,first_factor,superiority_null,0.0,0.05,0.5,1.0,100000,100000,True,4999,100000,type1,0.0,adjusted,refined,549.6763203127696,548.7351160501283,550.127546371421,0.0008208941189147279,0.9991857259474223,7.483522707939377e-05,548.5841856602515,0.0002751271251015819,True,8.903126768891962,540.7601872215014,0.013006322376187814,30.07809,31.75525,1.92191,0.003312858,0,0,0,0
9,17431ebc449c2d76da55,sample_size,5,2000,continuous,0.8,first_factor,superiority_power,0.135,0.05,0.5,1.0,10000,10000,True,4999,100000,power,0.0,unadjusted,original,554.6519240785968,554.8146300747125,556.5657420011714,0.0034504846003264866,0.9965689364729944,0.00023859476833734209,545.060654536745,nan,False,11.174250271906722,543.4672118425274,0.010461964162728304,30.0809,31.7507,1.9191,0.0033083799999999997,0,0,0,0
9,17431ebc449c2d76da55,sample_size,5,2000,continuous,0.8,first_factor,superiority_power,0.135,0.05,0.5,1.0,10000,10000,True,4999,100000,power,0.0,unadjusted,refined,554.6519240785968,553.242106125807,554.993218052266,0.0006153300094218217,0.999393368287636,0.0002387119787675347,545.060654536745,nan,False,11.174250271906722,543.4672118425274,0.010461964162728304,30.0809,31.7507,1.9191,0.0033083799999999997,0,0,0,0
9,17431ebc449c2d76da55,sample_size,5,2000,continuous,0.8,first_factor,superiority_power,0.135,0.05,0.5,1.0,10000,10000,True,4999,100000,power,0.0,adjusted,original,552.4332580108728,550.9784653830822,552.729577309541,0.0005363893182954715,0.9994721940369579,0.00023826648786240537,541.7291885295448,nan,False,8.932781713594462,543.4672118425274,0.03326445475102011,30.0809,31.7507,1.9191,0.0033083799999999997,0,0,0,0
9,17431ebc449c2d76da55,sample_size,5,2000,continuous,0.8,first_factor,superiority_power,0.135,0.05,0.5,1.0,10000,10000,True,4999,100000,power,0.0,adjusted,refined,552.4332580108728,551.0000529477608,552.7511648742197,0.0005754665540804726,0.9994331568510015,0.00023825630027538412,541.7291885295448,nan,False,8.932781713594462,543.4672118425274,0.03326445475102011,30.0809,31.7507,1.9191,0.0033083799999999997,0,0,0,0
10,a41656bbbdd53ea655cf,sample_size,5,2000,binary,0.8,first_factor,superiority_null,0.0,0.05,0.12,1.0,100000,100000,True,4999,100000,type1,0.0,unadjusted,original,113.43599036348607,113.41363040292589,113.55602514146516,0.0010581719046525162,0.9989441309974119,7.506884428422449e-05,113.47458441093445,-0.0005371600021712997,True,1.6044669282354813,111.8299456562775,0.0015777789730804103,30.07453,31.75583,1.92547,0.0033187300000000006,0,0,0,0
10,a41656bbbdd53ea655cf,sample_size,5,2000,binary,0.8,first_factor,superiority_null,0.0,0.05,0.12,1.0,100000,100000,True,4999,100000,type1,0.0,unadjusted,refined,113.43599036348607,113.36673073554091,113.50912547408018,0.0006447258084472107,0.9993570314556334,7.506151537589664e-05,113.47458441093445,-0.0009504654804723955,True,1.6044669282354813,111.8299456562775,0.0015777789730804103,30.07453,31.75583,1.92547,0.0033187300000000006,0,0,0,0
10,a41656bbbdd53ea655cf,sample_size,5,2000,binary,0.8,first_factor,superiority_null,0.0,0.05,0.12,1.0,100000,100000,True,4999,100000,type1,0.0,adjusted,original,113.35692482843628,113.28355700360608,113.42595174214534,0.0006089342474095982,0.9993927320362245,7.504282537112567e-05,113.37461124581753,-0.0008031272717137217,True,1.5255630197916163,111.8299456562775,0.0014161523671535757,30.07453,31.75583,1.92547,0.0033187300000000006,0,0,0,0
10,a41656bbbdd53ea655cf,sample_size,5,2000,binary,0.8,first_factor,superiority_null,0.0,0.05,0.12,1.0,100000,100000,True,4999,100000,type1,0.0,adjusted,refined,113.35692482843628,113.28800146980623,113.43039620834551,0.0006481419641581887,0.9993535740032623,7.503994145071529e-05,113.37461124581753,-0.0007639256713614095,True,1.5255630197916163,111.8299456562775,0.0014161523671535757,30.07453,31.75583,1.92547,0.0033187300000000006,0,0,0,0
11,9ed27c582cb8e519fd6e,sample_size,5,2000,binary,0.8,first_factor,superiority_power,0.07,0.05,0.12,1.0,10000,10000,True,4999,100000,power,0.0,unadjusted,original,109.42350432475864,109.30112318979646,109.53495797171914,0.0010185530764004191,0.9989841537204658,0.00023763180837270948,109.33653727679818,nan,False,1.552277230064637,107.8625865140339,0.008640580660114302,30.0809,31.758,1.9191,0.00330332,0,0,0,0
11,9ed27c582cb8e519fd6e,sample_size,5,2000,binary,0.8,first_factor,superiority_power,0.07,0.05,0.12,1.0,10000,10000,True,4999,100000,power,0.0,unadjusted,refined,109.42350432475864,109.25464065264067,109.48847543456333,0.0005937582625015203,0.9994077743190137,0.00023743333216456918,109.33653727679818,nan,False,1.552277230064637,107.8625865140339,0.008640580660114302,30.0809,31.758,1.9191,0.00330332,0,0,0,0
11,9ed27c582cb8e519fd6e,sample_size,5,2000,binary,0.8,first_factor,superiority_power,0.07,0.05,0.12,1.0,10000,10000,True,4999,100000,power,0.0,adjusted,original,109.34432131136423,109.17203297259013,109.40586775451281,0.0005628682167528876,0.9994386300605107,0.00023772181908178526,109.21677356016583,nan,False,1.473752952903472,107.8625865140339,0.007981844426892459,30.0809,31.758,1.9191,0.00330332,0,0,0,0
11,9ed27c582cb8e519fd6e,sample_size,5,2000,binary,0.8,first_factor,superiority_power,0.07,0.05,0.12,1.0,10000,10000,True,4999,100000,power,0.0,adjusted,refined,109.34432131136423,109.17630636349405,109.41014114541672,0.0006019501814371608,0.9993995931320245,0.00023771272145452509,109.21677356016583,nan,False,1.473752952903472,107.8625865140339,0.007981844426892459,30.0809,31.758,1.9191,0.00330332,0,0,0,0
12,f39f01ae5cfde42c534f,pbc95,5,400,continuous,0.95,zero,superiority_null,0.0,0.05,0.0,1.0,100000,100000,True,4999,100000,type1,0.0,unadjusted,original,10.179162450101375,10.901986296751748,10.966603905087885,0.07735817743813178,0.9286231782058091,0.0002755342484366503,10.313797335448495,0.057029330921759325,True,1.3417462287534716,8.837018558132765,0.000397663215137054,22.28716,28.31411,9.71284,0.040311034,0,0,0,0
12,f39f01ae5cfde42c534f,pbc95,5,400,continuous,0.95,zero,superiority_null,0.0,0.05,0.0,1.0,100000,100000,True,4999,100000,type1,0.0,unadjusted,refined,10.179162450101375,10.169388167525884,10.23400577586202,0.0053878033708067985,0.994742047811747,0.0002836183221494624,10.313797335448495,-0.014001551826724024,True,1.3417462287534716,8.837018558132765,0.000397663215137054,22.28716,28.31411,9.71284,0.040311034,0,0,0,0
12,f39f01ae5cfde42c534f,pbc95,5,400,continuous,0.95,zero,superiority_null,0.0,0.05,0.0,1.0,100000,100000,True,4999,100000,type1,0.0,adjusted,original,9.747348063412213,9.729842913365438,9.794460521701573,0.0048333616469695695,0.9952944572398952,0.00028596532868115315,9.886860303804255,-0.01588142095811751,True,0.9103326531031952,8.837018558132765,-3.1478237469085e-06,22.28716,28.31411,9.71284,0.040311034,0,0,0,0
12,f39f01ae5cfde42c534f,pbc95,5,400,continuous,0.95,zero,superiority_null,0.0,0.05,0.0,1.0,100000,100000,True,4999,100000,type1,0.0,adjusted,refined,9.747348063412213,9.737724654107415,9.80234226244355,0.005641965247733971,0.9944938649749508,0.00028573089627980774,9.886860303804255,-0.015084227460911426,True,0.9103326531031952,8.837018558132765,-3.1478237469085e-06,22.28716,28.31411,9.71284,0.040311034,0,0,0,0
13,d8bb31d506f67c62d819,pbc95,5,400,continuous,0.95,zero,superiority_power,0.3,0.05,0.0,1.0,10000,10000,True,4999,100000,power,0.0,unadjusted,original,16.043660659343956,13.177959210766225,16.535782484998418,0.03067391140362008,0.9706751162568591,0.0011108260392913697,10.145060581339504,nan,False,1.4908624095057605,14.13265767622402,0.42014057361417817,22.2998,28.3131,9.7002,0.040151780000000005,0,0,0,0
13,d8bb31d506f67c62d819,pbc95,5,400,continuous,0.95,zero,superiority_power,0.3,0.05,0.0,1.0,10000,10000,True,4999,100000,power,0.0,unadjusted,refined,16.043660659343956,12.444665717145158,15.802488991377345,-0.01503220948681383,1.0157921882654792,0.0011488461451621202,10.145060581339504,nan,False,1.4908624095057605,14.13265767622402,0.42014057361417817,22.2998,28.3131,9.7002,0.040151780000000005,0,0,0,0
13,d8bb31d506f67c62d819,pbc95,5,400,continuous,0.95,zero,superiority_power,0.3,0.05,0.0,1.0,10000,10000,True,4999,100000,power,0.0,adjusted,original,15.608770781935192,12.003072300758278,15.360895574990467,-0.015880507850855485,1.0167137048083277,0.0011615580459930926,9.743019779163431,nan,False,1.060145121973137,14.13265767622402,0.41596798373803706,22.2998,28.3131,9.7002,0.040151780000000005,0,0,0,0
13,d8bb31d506f67c62d819,pbc95,5,400,continuous,0.95,zero,superiority_power,0.3,0.05,0.0,1.0,10000,10000,True,4999,100000,power,0.0,adjusted,refined,15.608770781935192,12.012857934889169,15.37068120912136,-0.015253576091295074,1.016063902760254,0.0011607771925745737,9.743019779163431,nan,False,1.060145121973137,14.13265767622402,0.41596798373803706,22.2998,28.3131,9.7002,0.040151780000000005,0,0,0,0
14,1522ed2ed621e75e8d2c,pbc95,5,400,continuous,0.95,first_factor,superiority_null,0.0,0.05,0.5,1.0,100000,100000,True,4999,100000,type1,0.0,unadjusted,original,17.451925153865474,18.317465877555602,18.832898373269174,0.07913013648799794,0.9270958151733213,0.0002741715361741109,16.95253030398216,0.08051515314223123,True,2.11090511829252,15.333800729390164,0.007219306182789833,22.29852,28.31669,9.70148,0.040227402,0,0,0,0
14,1522ed2ed621e75e8d2c,pbc95,5,400,continuous,0.95,first_factor,superiority_null,0.0,0.05,0.5,1.0,100000,100000,True,4999,100000,type1,0.0,unadjusted,refined,17.451925153865474,16.905505431693367,17.42093792740694,-0.00177557640118986,1.0019540939642402,0.00028760234457602806,16.95253030398216,-0.002773914657315135,True,2.11090511829252,15.333800729390164,0.007219306182789833,22.29852,28.31669,9.70148,0.040227402,0,0,0,0
14,1522ed2ed621e75e8d2c,pbc95,5,400,continuous,0.95,first_factor,superiority_null,0.0,0.05,0.5,1.0,100000,100000,True,4999,100000,type1,0.0,adjusted,original,16.55672390049126,15.999912751861672,16.515345247575244,-0.00249920534791237,1.0026981947460234,0.00029099384695975046,16.055779580609887,-0.0034795463196121146,True,1.215991372983502,15.333800729390164,0.0069317981175920475,22.29852,28.31669,9.70148,0.040227402,0,0,0,0
14,1522ed2ed621e75e8d2c,pbc95,5,400,continuous,0.95,first_factor,superiority_null,0.0,0.05,0.5,1.0,100000,100000,True,4999,100000,type1,0.0,adjusted,refined,16.55672390049126,16.013119208874688,16.52855170458826,-0.0017015561817856906,1.001895792353012,0.00029073717766405795,16.055779580609887,-0.002657010300933571,True,1.215991372983502,15.333800729390164,0.0069317981175920475,22.29852,28.31669,9.70148,0.040227402,0,0,0,0
15,440bf8b99f621712fda3,pbc95,5,400,continuous,0.95,first_factor,superiority_power,0.3,0.05,0.5,1.0,10000,10000,True,4999,100000,power,0.0,unadjusted,original,23.36320090999694,20.59053324758573,24.444331469585375,0.04627493312039399,0.9559267799243566,0.001099728323754254,16.788738356093713,nan,False,2.260496886043672,20.685291121607037,0.4174129023462326,22.3055,28.3254,9.6945,0.0401283,0,0,0,0
15,440bf8b99f621712fda3,pbc95,5,400,continuous,0.95,first_factor,superiority_power,0.3,0.05,0.5,1.0,10000,10000,True,4999,100000,power,0.0,unadjusted,refined,23.36320090999694,19.1880200356941,23.041818257693745,-0.013755934109425882,1.014140970344159,0.0011621750946419229,16.788738356093713,nan,False,2.260496886043672,20.685291121607037,0.4174129023462326,22.3055,28.3254,9.6945,0.0401283,0,0,0,0
15,440bf8b99f621712fda3,pbc95,5,400,continuous,0.95,first_factor,superiority_power,0.3,0.05,0.5,1.0,10000,10000,True,4999,100000,power,0.0,adjusted,original,22.465919535596242,18.28086340963008,22.134661631629722,-0.014744907433753451,1.0151916312805942,0.0011820994489257935,15.838791625799145,nan,False,1.3667517433996528,20.685291121607037,0.41387667058955474,22.3055,28.3254,9.6945,0.0401283,0,0,0,0
15,440bf8b99f621712fda3,pbc95,5,400,continuous,0.95,first_factor,superiority_power,0.3,0.05,0.5,1.0,10000,10000,True,4999,100000,power,0.0,adjusted,refined,22.465919535596242,18.295957729841398,22.14975595184104,-0.014073031075102715,1.014497038337637,0.001181158737925713,15.838791625799145,nan,False,1.3667517433996528,20.685291121607037,0.41387667058955474,22.3055,28.3254,9.6945,0.0401283,0,0,0,0
16,2e291590141bd519fa70,pbc95,5,400,continuous,0.95,zero,superiority_null,0.0,0.05,0.0,1.0,100000,100000,True,4999,100000,type1,0.0,unadjusted,original,103.90107387853088,104.61774100623498,105.31880963145053,0.013645053895950277,0.9866119138301824,0.00028625089913569254,103.53888022255809,0.010419861421698373,True,6.747142339216428,97.15683821498718,-0.0029066756727145287,22.28665,28.30747,9.71335,0.040295870000000004,0,0,0,0
16,2e291590141bd519fa70,pbc95,5,400,continuous,0.95,zero,superiority_null,0.0,0.05,0.0,1.0,100000,100000,True,4999,100000,type1,0.0,unadjusted,refined,103.90107387853088,103.89348706137677,104.59455568659232,0.006674443123390272,0.9934541086898852,0.00028774593015965606,103.53888022255809,0.0034248664661666872,True,6.747142339216428,97.15683821498718,-0.0029066756727145287,22.28665,28.30747,9.71335,0.040295870000000004,0,0,0,0
16,2e291590141bd519fa70,pbc95,5,400,continuous,0.95,zero,superiority_null,0.0,0.05,0.0,1.0,100000,100000,True,4999,100000,type1,0.0,adjusted,original,103.42697384777047,103.33501461557141,104.03608324078697,0.005889270181229644,0.9942288259672866,0.0002882757445097852,103.05949505985448,0.002673402926697044,True,6.2753443550378165,97.15683821498716,-0.00520872225451859,22.28665,28.30747,9.71335,0.040295870000000004,0,0,0,0
16,2e291590141bd519fa70,pbc95,5,400,continuous,0.95,zero,superiority_null,0.0,0.05,0.0,1.0,100000,100000,True,4999,100000,type1,0.0,adjusted,refined,103.42697384777047,103.42175894101277,104.12282756622832,0.006727971365400709,0.9934003861218682,0.00028803408481606465,103.05949505985448,0.0035150946639888048,True,6.2753443550378165,97.15683821498716,-0.00520872225451859,22.28665,28.30747,9.71335,0.040295870000000004,0,0,0,0
17,1fa2e059fdc643e3b94c,pbc95,5,400,continuous,0.95,zero,superiority_power,0.3,0.05,0.0,1.0,10000,10000,True,4999,100000,power,0.0,unadjusted,original,110.04944758211835,107.02360544024589,111.04407818444906,0.009038033576574955,0.9911171314803351,0.0009433349526944026,105.32239755015107,nan,False,6.895056657210496,102.72176986131018,0.43262106359767877,22.2701,28.3031,9.7299,0.04029198,0,0,0,0
17,1fa2e059fdc643e3b94c,pbc95,5,400,continuous,0.95,zero,superiority_power,0.3,0.05,0.0,1.0,10000,10000,True,4999,100000,power,0.0,unadjusted,refined,110.04944758211835,106.29713210242345,110.31760484662664,0.0024366979607797212,0.9976650825968172,0.0009495682444029729,105.32239755015107,nan,False,6.895056657210496,102.72176986131018,0.43262106359767877,22.2701,28.3031,9.7299,0.04029198,0,0,0,0
17,1fa2e059fdc643e3b94c,pbc95,5,400,continuous,0.95,zero,superiority_power,0.3,0.05,0.0,1.0,10000,10000,True,4999,100000,power,0.0,adjusted,original,109.5845766320352,105.73738299453042,109.75785573873361,0.0015812362653939704,0.9985140280626694,0.0009523652660001452,104.83167158699119,nan,False,6.426775780553356,102.72176986131018,0.43603099017165725,22.2701,28.3031,9.7299,0.04029198,0,0,0,0
17,1fa2e059fdc643e3b94c,pbc95,5,400,continuous,0.95,zero,superiority_power,0.3,0.05,0.0,1.0,10000,10000,True,4999,100000,power,0.0,adjusted,refined,109.5845766320352,105.82615153852177,109.84662428272497,0.0023912822291560776,0.9977060283847932,0.0009515741649145951,104.83167158699119,nan,False,6.426775780553356,102.72176986131018,0.43603099017165725,22.2701,28.3031,9.7299,0.04029198,0,0,0,0
18,57b5c95f239273496f29,pbc95,5,400,continuous,0.95,first_factor,superiority_null,0.0,0.05,0.5,1.0,100000,100000,True,4999,100000,type1,0.0,unadjusted,original,111.20704617514603,112.08057760698829,113.23467742340587,0.01823293863112241,0.9821920340773388,0.00028542872775901056,110.48611041055732,0.014431381379125918,True,7.515059479124808,103.6589299860197,0.033056710001521605,22.28801,28.30236,9.71199,0.040246992,0,0,0,0
18,57b5c95f239273496f29,pbc95,5,400,continuous,0.95,first_factor,superiority_null,0.0,0.05,0.5,1.0,100000,100000,True,4999,100000,type1,0.0,unadjusted,refined,111.20704617514603,110.67800913450895,111.83210895092651,0.005620711971757952,0.9945164236777715,0.00028806117326866227,110.48611041055732,0.0017368583547612282,True,7.515059479124808,103.6589299860197,0.033056710001521605,22.28801,28.30236,9.71199,0.040246992,0,0,0,0
18,57b5c95f239273496f29,pbc95,5,400,continuous,0.95,first_factor,superiority_null,0.0,0.05,0.5,1.0,100000,100000,True,4999,100000,type1,0.0,adjusted,original,110.26566243653527,109.6540263092142,110.80812612563176,0.004919606676364152,0.9952113281615212,0.00028868628613129815,109.43754680723005,0.001978109965910191,True,6.581906686476527,103.6589299860197,0.02482576403903427,22.28801,28.30236,9.71199,0.040246992,0,0,0,0
18,57b5c95f239273496f29,pbc95,5,400,continuous,0.95,first_factor,superiority_null,0.0,0.05,0.5,1.0,100000,100000,True,4999,100000,type1,0.0,adjusted,refined,110.26566243653527,109.74616764171797,110.90026745813554,0.005755237011934922,0.9943842174148118,0.0002884432801065049,109.43754680723005,0.002820063529307193,True,6.581906686476527,103.6589299860197,0.02482576403903427,22.28801,28.30236,9.71199,0.040246992,0,0,0,0
19,1003f28ccd9d6ccfe91c,pbc95,5,400,continuous,0.95,first_factor,superiority_power,0.3,0.05,0.5,1.0,10000,10000,True,4999,100000,power,0.0,unadjusted,original,117.20832610819488,114.39820659210491,118.89070456468838,0.014353745270114127,0.9859995442163916,0.0009423422050802649,110.72580600789075,nan,False,7.6708991795725,109.09116897242966,0.44625795619272246,22.3003,28.3023,9.6997,0.040128300000000006,0,0,0,0
19,1003f28ccd9d6ccfe91c,pbc95,5,400,continuous,0.95,first_factor,superiority_power,0.3,0.05,0.5,1.0,10000,10000,True,4999,100000,power,0.0,unadjusted,refined,117.20832610819488,112.98405345102469,117.47655142360819,0.002288449330516862,0.9978904934600782,0.0009516802325779756,110.72580600789075,nan,False,7.6708991795725,109.09116897242966,0.44625795619272246,22.3003,28.3023,9.6997,0.040128300000000006,0,0,0,0
19,1003f28ccd9d6ccfe91c,pbc95,5,400,continuous,0.95,first_factor,superiority_power,0.3,0.05,0.5,1.0,10000,10000,True,4999,100000,power,0.0,adjusted,original,116.27975594268013,111.95590924049112,116.44840721307462,0.001450392366471931,0.9987322157066024,0.0009553028317964876,109.70306145841863,nan,False,6.7328963749637785,109.09116897242966,0.4556905952866996,22.3003,28.3023,9.6997,0.040128300000000006,0,0,0,0
19,1003f28ccd9d6ccfe91c,pbc95,5,400,continuous,0.95,first_factor,superiority_power,0.3,0.05,0.5,1.0,10000,10000,True,4999,100000,power,0.0,adjusted,refined,116.27975594268013,112.05002688196264,116.54252485454613,0.002259799306729926,0.9979246018557114,0.0009544930979705714,109.70306145841863,nan,False,6.7328963749637785,109.09116897242966,0.4556905952866996,22.3003,28.3023,9.6997,0.040128300000000006,0,0,0,0
