calibration_key,F,n,pbc,replicate,triples,seconds
bf1f10e18d7c12360ec4,2,1000,0.8,1,100000,4.969959167006891
2e112232058b1ab4a0c0,5,2000,0.8,1,100000,12.383131582988426
d8ab6b0f248886cd76e9,5,400,0.95,1,100000,2.510226833022898
bf1f10e18d7c12360ec4,2,1000,0.8,2,100000,4.972082458989462
2e112232058b1ab4a0c0,5,2000,0.8,2,100000,12.370062083995435
d8ab6b0f248886cd76e9,5,400,0.95,2,100000,2.5100864590203855
bf1f10e18d7c12360ec4,2,1000,0.8,3,100000,4.969523583975388
2e112232058b1ab4a0c0,5,2000,0.8,3,100000,12.376985500013689
d8ab6b0f248886cd76e9,5,400,0.95,3,100000,2.513290417002281
