index,id,F,n,outcome,pbc,role,direction,score,method,reference_draws,repetitions,median_analysis_seconds,min_analysis_seconds,max_analysis_seconds,common_score_seconds,common_bundle_setup_seconds,target_trials,projected_100000_analysis_minutes,projected_100000_with_setup_minutes,projected_target_with_setup_minutes,projected_target_with_score_and_setup_minutes
4,785a742969e47aa00342,2,1000,continuous,0.8,superiority_null,first_factor,unadjusted,RT,4999,5,0.06011541459010914,0.06009233332995791,0.06016243374993792,4.2963177725161094e-05,0.0,100000,100.1923576501819,100.1923576501819,100.1923576501819,100.26396294639049
4,785a742969e47aa00342,2,1000,continuous,0.8,superiority_null,first_factor,unadjusted,original_S_normal,4999,5,1.7811582882364953e-05,1.7390455728774316e-05,1.7881446428613603e-05,4.2963177725161094e-05,4.969959167006891,100000,0.029685971470608256,0.11251862425405644,0.11251862425405644,0.18412392046265827
4,785a742969e47aa00342,2,1000,continuous,0.8,superiority_null,first_factor,unadjusted,refined_S_normal,4999,5,4.8252718364752725e-05,4.7534219999256947e-05,4.864691339887552e-05,4.2963177725161094e-05,4.969959167006891,100000,0.08042119727458788,0.16325385005803608,0.16325385005803608,0.2348591462666379
4,785a742969e47aa00342,2,1000,continuous,0.8,superiority_null,first_factor,unadjusted,original_R_normal,4999,5,8.065079637162854e-05,8.038732000160962e-05,8.099457322509073e-05,4.2963177725161094e-05,4.969959167006891,100000,0.13441799395271423,0.2172506467361624,0.2172506467361624,0.28885594294476424
4,785a742969e47aa00342,2,1000,continuous,0.8,superiority_null,first_factor,unadjusted,refined_R_normal,4999,5,0.00010806831537485523,0.00010789105290314183,0.00010829922042772054,4.2963177725161094e-05,4.969959167006891,100000,0.18011385895809207,0.26294651174154027,0.26294651174154027,0.33455180795014205
4,785a742969e47aa00342,2,1000,continuous,0.8,superiority_null,first_factor,unadjusted,original_CRT_data,4999,5,0.06023527792014647,0.06020148291019723,0.060284157910209614,4.2963177725161094e-05,4.969959167006891,100000,100.39212986691079,100.47496251969423,100.47496251969423,100.54656781590283
4,785a742969e47aa00342,2,1000,continuous,0.8,superiority_null,first_factor,unadjusted,refined_CRT_data,4999,5,0.06023849124991102,0.0601686816700385,0.060293122500006575,4.2963177725161094e-05,4.969959167006891,100000,100.39748541651836,100.48031806930182,100.48031806930182,100.55192336551042
4,785a742969e47aa00342,2,1000,continuous,0.8,superiority_null,first_factor,adjusted,RT,4999,5,0.06129369792004582,0.060136012499860954,0.06489500208001119,8.1459220813027e-05,0.0,100000,102.15616320007636,102.15616320007636,102.15616320007636,102.29192856809807
4,785a742969e47aa00342,2,1000,continuous,0.8,superiority_null,first_factor,adjusted,original_S_normal,4999,5,1.775645168439538e-05,1.7001743786450452e-05,1.783598707700414e-05,8.1459220813027e-05,4.969959167006891,100000,0.029594086140658962,0.11242673892410715,0.11242673892410715,0.2481921069458188
4,785a742969e47aa00342,2,1000,continuous,0.8,superiority_null,first_factor,adjusted,refined_S_normal,4999,5,4.8193513654181374e-05,4.806818779776292e-05,4.84632206282124e-05,8.1459220813027e-05,4.969959167006891,100000,0.08032252275696897,0.16315517554041714,0.16315517554041714,0.29892054356212877
4,785a742969e47aa00342,2,1000,continuous,0.8,superiority_null,first_factor,adjusted,original_R_normal,4999,5,8.120077959780071e-05,8.074817201685941e-05,8.305997933859529e-05,8.1459220813027e-05,4.969959167006891,100000,0.1353346326630012,0.21816728544644937,0.21816728544644937,0.353932653468161
4,785a742969e47aa00342,2,1000,continuous,0.8,superiority_null,first_factor,adjusted,refined_R_normal,4999,5,0.00010924217391457996,0.00010782117387079584,0.00011945503475934467,8.1459220813027e-05,4.969959167006891,100000,0.18207028985763327,0.26490294264108144,0.26490294264108144,0.40066831066279307
4,785a742969e47aa00342,2,1000,continuous,0.8,superiority_null,first_factor,adjusted,original_CRT_data,4999,5,0.06397666583012324,0.06009695457993075,0.06568643832986709,8.1459220813027e-05,4.969959167006891,100000,106.62777638353873,106.71060903632218,106.71060903632218,106.84637440434388
4,785a742969e47aa00342,2,1000,continuous,0.8,superiority_null,first_factor,adjusted,refined_CRT_data,4999,5,0.0622353483401821,0.06024669290985912,0.06363277583004674,8.1459220813027e-05,4.969959167006891,100000,103.72558056697017,103.80841321975362,103.80841321975362,103.94417858777533
5,e4f6d83fe5899c2391a6,2,1000,continuous,0.8,superiority_power,first_factor,unadjusted,RT,4999,5,0.0640212012498523,0.058958135420107284,0.06610080625017872,4.167598091711018e-05,0.0,10000,106.70200208308717,106.70200208308717,10.670200208308719,10.677146205128237
5,e4f6d83fe5899c2391a6,2,1000,continuous,0.8,superiority_power,first_factor,unadjusted,original_S_normal,4999,5,1.7354828855841933e-05,1.700890802734351e-05,1.7453374048669775e-05,4.167598091711018e-05,4.969959167006891,10000,0.028924714759736556,0.11175736754318474,0.08572512425942184,0.0926711210789402
5,e4f6d83fe5899c2391a6,2,1000,continuous,0.8,superiority_power,first_factor,unadjusted,refined_S_normal,4999,5,4.7592968009335044e-05,4.5839689863892485e-05,4.839973029025925e-05,4.167598091711018e-05,4.969959167006891,10000,0.07932161334889173,0.16215426613233994,0.09076481411833735,0.09771081093785572
5,e4f6d83fe5899c2391a6,2,1000,continuous,0.8,superiority_power,first_factor,unadjusted,original_R_normal,4999,5,8.092777887096388e-05,7.86959472657145e-05,8.518821330715397e-05,4.167598091711018e-05,4.969959167006891,10000,0.13487963145160645,0.21771228423505465,0.09632061592860883,0.10326661274812719
5,e4f6d83fe5899c2391a6,2,1000,continuous,0.8,superiority_power,first_factor,unadjusted,refined_R_normal,4999,5,0.0001080457526897531,0.00010558382894745783,0.00011472813443106134,4.167598091711018e-05,4.969959167006891,10000,0.18007625448292183,0.26290890726637,0.10084027823174037,0.10778627505125875
5,e4f6d83fe5899c2391a6,2,1000,continuous,0.8,superiority_power,first_factor,unadjusted,original_CRT_data,4999,5,0.05898745791986584,0.05898325791989919,0.06267562458990142,4.167598091711018e-05,4.969959167006891,10000,98.31242986644308,98.39526251922652,9.914075639427756,9.921021636247273
5,e4f6d83fe5899c2391a6,2,1000,continuous,0.8,superiority_power,first_factor,unadjusted,refined_CRT_data,4999,5,0.06340182374988217,0.062016148749971765,0.06569568833016091,4.167598091711018e-05,4.969959167006891,10000,105.66970624980361,105.75253890258706,10.64980327776381,10.656749274583328
5,e4f6d83fe5899c2391a6,2,1000,continuous,0.8,superiority_power,first_factor,adjusted,RT,4999,5,0.05910313750006026,0.05870985582994763,0.06249439165985678,7.944480817449013e-05,0.0,10000,98.5052291667671,98.5052291667671,9.85052291667671,9.863763718039126
5,e4f6d83fe5899c2391a6,2,1000,continuous,0.8,superiority_power,first_factor,adjusted,original_S_normal,4999,5,1.7560795315627108e-05,1.750791592623589e-05,1.7952199820967353e-05,7.944480817449013e-05,4.969959167006891,10000,0.02926799219271185,0.11210064497616004,0.08575945200271938,0.09900025336513439
5,e4f6d83fe5899c2391a6,2,1000,continuous,0.8,superiority_power,first_factor,adjusted,refined_S_normal,4999,5,4.796995617322285e-05,4.707432704121793e-05,4.882161380444858e-05,7.944480817449013e-05,4.969959167006891,10000,0.07994992695537141,0.1627825797388196,0.09082764547898534,0.10406844684140035
5,e4f6d83fe5899c2391a6,2,1000,continuous,0.8,superiority_power,first_factor,adjusted,original_R_normal,4999,5,8.097128693583316e-05,7.853591140474236e-05,8.794846851072324e-05,7.944480817449013e-05,4.969959167006891,10000,0.13495214489305526,0.21778479767650347,0.0963278672727537,0.10956866863516873
5,e4f6d83fe5899c2391a6,2,1000,continuous,0.8,superiority_power,first_factor,adjusted,refined_R_normal,4999,5,0.00010802056902946944,0.00010480542103929717,0.000118774838235421,7.944480817449013e-05,4.969959167006891,10000,0.1800342817157824,0.2628669344992306,0.10083608095502643,0.11407688231744144
5,e4f6d83fe5899c2391a6,2,1000,continuous,0.8,superiority_power,first_factor,adjusted,original_CRT_data,4999,5,0.059949841249908785,0.05824885374982841,0.06270699875021819,7.944480817449013e-05,4.969959167006891,10000,99.91640208318131,99.99923473596476,10.07447286110158,10.087713662463994
5,e4f6d83fe5899c2391a6,2,1000,continuous,0.8,superiority_power,first_factor,adjusted,refined_CRT_data,4999,5,0.06389162624982418,0.062288002500135914,0.06582007708988385,7.944480817449013e-05,4.969959167006891,10000,106.48604374970698,106.56887640249042,10.731437027754145,10.74467782911656
8,f687cd66743b4adf626e,5,2000,continuous,0.8,superiority_null,first_factor,unadjusted,RT,4999,5,0.1348759608398541,0.12334121166990371,0.14087669500004268,4.7262566838740756e-05,0.0,100000,224.79326806642348,224.79326806642348,224.79326806642348,224.87203901115473
8,f687cd66743b4adf626e,5,2000,continuous,0.8,superiority_null,first_factor,unadjusted,original_S_normal,4999,5,2.086493489575029e-05,2.022149327276933e-05,2.1113575063351118e-05,4.7262566838740756e-05,12.376985500013689,100000,0.034774891492917154,0.24105798315981197,0.24105798315981197,0.31982892789104655
8,f687cd66743b4adf626e,5,2000,continuous,0.8,superiority_null,first_factor,unadjusted,refined_S_normal,4999,5,6.306622899283871e-05,6.118481707256628e-05,6.382051751515858e-05,4.7262566838740756e-05,12.376985500013689,100000,0.10511038165473119,0.31139347332162604,0.31139347332162604,0.39016441805286056
8,f687cd66743b4adf626e,5,2000,continuous,0.8,superiority_null,first_factor,unadjusted,original_R_normal,4999,5,0.00012235886170656603,0.00011360145134725765,0.00013110229974180193,4.7262566838740756e-05,12.376985500013689,100000,0.20393143617761003,0.41021452784450485,0.41021452784450485,0.4889854725757395
8,f687cd66743b4adf626e,5,2000,continuous,0.8,superiority_null,first_factor,unadjusted,refined_R_normal,4999,5,0.00016147861564663358,0.00016007486777472503,0.00017051091101474397,4.7262566838740756e-05,12.376985500013689,100000,0.26913102607772266,0.47541411774461745,0.47541411774461745,0.554185062475852
8,f687cd66743b4adf626e,5,2000,continuous,0.8,superiority_null,first_factor,unadjusted,original_CRT_data,4999,5,0.1369796033302555,0.13285297666996485,0.14337027917004888,4.7262566838740756e-05,12.376985500013689,100000,228.29933888375913,228.50562197542604,228.50562197542604,228.58439292015728
8,f687cd66743b4adf626e,5,2000,continuous,0.8,superiority_null,first_factor,unadjusted,refined_CRT_data,4999,5,0.1352748033302487,0.1232935358400573,0.13755637333000778,4.7262566838740756e-05,12.376985500013689,100000,225.45800555041447,225.66428864208137,225.66428864208137,225.74305958681262
8,f687cd66743b4adf626e,5,2000,continuous,0.8,superiority_null,first_factor,adjusted,RT,4999,5,0.12354619542020373,0.121778422909847,0.12488182291010162,0.00016006026460441746,0.0,100000,205.91032570033954,205.91032570033954,205.91032570033954,206.17709280801358
8,f687cd66743b4adf626e,5,2000,continuous,0.8,superiority_null,first_factor,adjusted,original_S_normal,4999,5,2.107302631606887e-05,2.004133350715575e-05,2.1603692397269063e-05,0.00016006026460441746,12.376985500013689,100000,0.03512171052678145,0.24140480219367624,0.24140480219367624,0.5081719098677053
8,f687cd66743b4adf626e,5,2000,continuous,0.8,superiority_null,first_factor,adjusted,refined_S_normal,4999,5,6.35900289885688e-05,6.144319527583951e-05,6.394989388678994e-05,0.00016006026460441746,12.376985500013689,100000,0.10598338164761466,0.31226647331450946,0.31226647331450946,0.5790335809885385
8,f687cd66743b4adf626e,5,2000,continuous,0.8,superiority_null,first_factor,adjusted,original_R_normal,4999,5,0.00011431676613772818,0.00011415444602210879,0.00011531720792971038,0.00016006026460441746,12.376985500013689,100000,0.19052794356288028,0.39681103522977507,0.39681103522977507,0.6635781429038041
8,f687cd66743b4adf626e,5,2000,continuous,0.8,superiority_null,first_factor,adjusted,refined_R_normal,4999,5,0.0001630283266140689,0.0001491734620589448,0.0001635448185486659,0.00016006026460441746,12.376985500013689,100000,0.2717138776901148,0.47799696935700964,0.47799696935700964,0.7447640770310388
8,f687cd66743b4adf626e,5,2000,continuous,0.8,superiority_null,first_factor,adjusted,original_CRT_data,4999,5,0.12291864625003654,0.12133859624998877,0.12334054834005656,0.00016006026460441746,12.376985500013689,100000,204.86441041672757,205.07069350839447,205.07069350839447,205.33746061606846
8,f687cd66743b4adf626e,5,2000,continuous,0.8,superiority_null,first_factor,adjusted,refined_CRT_data,4999,5,0.12244891082984395,0.12164854041009676,0.12345123000006425,0.00016006026460441746,12.376985500013689,100000,204.0815180497399,204.28780114140682,204.28780114140682,204.55456824908086
9,17431ebc449c2d76da55,5,2000,continuous,0.8,superiority_power,first_factor,unadjusted,RT,4999,5,0.12236485000001267,0.12096747124975081,0.12266530458990019,4.6191689723830084e-05,0.0,10000,203.9414166666878,203.9414166666878,20.394141666668776,20.40184028162275
9,17431ebc449c2d76da55,5,2000,continuous,0.8,superiority_power,first_factor,unadjusted,original_S_normal,4999,5,2.1122611624646524e-05,2.0636997422678684e-05,2.1150484503306896e-05,4.6191689723830084e-05,12.376985500013689,10000,0.03520435270774421,0.241487444374639,0.2098035269376692,0.2175021418916409
9,17431ebc449c2d76da55,5,2000,continuous,0.8,superiority_power,first_factor,unadjusted,refined_S_normal,4999,5,6.332666405013916e-05,6.217537012337331e-05,6.396658707092736e-05,4.6191689723830084e-05,12.376985500013689,10000,0.10554444008356527,0.3118275317504601,0.21683753567525132,0.22453615062922302
9,17431ebc449c2d76da55,5,2000,continuous,0.8,superiority_power,first_factor,unadjusted,original_R_normal,4999,5,0.00011437767522941365,0.00011357431651846496,0.0001148564015900113,4.6191689723830084e-05,12.376985500013689,10000,0.1906294587156894,0.3969125503825842,0.22534603753846377,0.23304465249243542
9,17431ebc449c2d76da55,5,2000,continuous,0.8,superiority_power,first_factor,unadjusted,refined_R_normal,4999,5,0.0001621902151636013,0.00016128165333712888,0.00016322440193635563,4.6191689723830084e-05,12.376985500013689,10000,0.2703170252726688,0.4766001169395636,0.23331479419416168,0.24101340914813338
9,17431ebc449c2d76da55,5,2000,continuous,0.8,superiority_power,first_factor,unadjusted,original_CRT_data,4999,5,0.12228506332990946,0.12180647750006755,0.1231450137498905,4.6191689723830084e-05,12.376985500013689,10000,203.80843888318245,204.01472197484932,20.58712697998514,20.59482559493911
9,17431ebc449c2d76da55,5,2000,continuous,0.8,superiority_power,first_factor,unadjusted,refined_CRT_data,4999,5,0.12271810750011354,0.12188788042025407,0.12812927125021814,4.6191689723830084e-05,12.376985500013689,10000,204.5301791668559,204.7364622585228,20.659301008352486,20.66699962330646
9,17431ebc449c2d76da55,5,2000,continuous,0.8,superiority_power,first_factor,adjusted,RT,4999,5,0.12193818459025352,0.1213066129098297,0.12244046917010565,0.00016212875000013398,0.0,10000,203.23030765042253,203.23030765042253,20.32303076504225,20.350052223375606
9,17431ebc449c2d76da55,5,2000,continuous,0.8,superiority_power,first_factor,adjusted,original_S_normal,4999,5,2.0999397274787174e-05,2.080330646595881e-05,2.1202629766899546e-05,0.00016212875000013398,12.376985500013689,10000,0.03499899545797862,0.24128208712487342,0.20978299121269267,0.23680444954604832
9,17431ebc449c2d76da55,5,2000,continuous,0.8,superiority_power,first_factor,adjusted,refined_S_normal,4999,5,6.349916139409783e-05,6.339366031630861e-05,6.425717685861179e-05,0.00016212875000013398,12.376985500013689,10000,0.10583193565682972,0.3121150273237245,0.21686628523257775,0.24388774356593343
9,17431ebc449c2d76da55,5,2000,continuous,0.8,superiority_power,first_factor,adjusted,original_R_normal,4999,5,0.00011449267522535096,0.0001137833760235067,0.00011532804597873005,0.00016212875000013398,12.376985500013689,10000,0.19082112537558496,0.3971042170424797,0.2253652042044533,0.25238666253780895
9,17431ebc449c2d76da55,5,2000,continuous,0.8,superiority_power,first_factor,adjusted,refined_R_normal,4999,5,0.00016371602822947616,0.00016190104838554567,0.00016454991803420554,0.00016212875000013398,12.376985500013689,10000,0.2728600470491269,0.4791431387160217,0.2335690963718075,0.2605905547051632
9,17431ebc449c2d76da55,5,2000,continuous,0.8,superiority_power,first_factor,adjusted,original_CRT_data,4999,5,0.12192730999988272,0.12131984832987655,0.1222211254198919,0.00016212875000013398,12.376985500013689,10000,203.21218333313786,203.41846642480473,20.52750142498068,20.554522883314032
9,17431ebc449c2d76da55,5,2000,continuous,0.8,superiority_power,first_factor,adjusted,refined_CRT_data,4999,5,0.1224702462501591,0.12107730207993882,0.12349093875003746,0.00016212875000013398,12.376985500013689,10000,204.1170770835985,204.3233601752654,20.617990800026746,20.6450122583601
12,f39f01ae5cfde42c534f,5,400,continuous,0.95,superiority_null,zero,unadjusted,RT,4999,5,0.025674497919972054,0.02558987958007492,0.025748733750078828,2.728271798426742e-05,0.0,100000,42.79082986662009,42.79082986662009,42.79082986662009,42.836301063260535
12,f39f01ae5cfde42c534f,5,400,continuous,0.95,superiority_null,zero,unadjusted,original_S_normal,4999,5,1.595395068577498e-05,1.548459623823513e-05,1.6113713768163873e-05,2.728271798426742e-05,2.510226833022898,100000,0.026589917809624965,0.06842703169333994,0.06842703169333994,0.11389822833378564
12,f39f01ae5cfde42c534f,5,400,continuous,0.95,superiority_null,zero,unadjusted,refined_S_normal,4999,5,5.607208329566374e-05,5.570226388873481e-05,5.672005175035394e-05,2.728271798426742e-05,2.510226833022898,100000,0.09345347215943957,0.13529058604315453,0.13529058604315453,0.18076178268360024
12,f39f01ae5cfde42c534f,5,400,continuous,0.95,superiority_null,zero,unadjusted,original_R_normal,4999,5,6.270811200010939e-05,5.806316711100066e-05,6.322697855483846e-05,2.728271798426742e-05,2.510226833022898,100000,0.10451352000018233,0.1463506338838973,0.1463506338838973,0.19182183052434298
12,f39f01ae5cfde42c534f,5,400,continuous,0.95,superiority_null,zero,unadjusted,refined_R_normal,4999,5,9.540220628592319e-05,9.44356997178885e-05,9.572377771560458e-05,2.728271798426742e-05,2.510226833022898,100000,0.15900367714320532,0.2008407910269203,0.2008407910269203,0.246311987667366
12,f39f01ae5cfde42c534f,5,400,continuous,0.95,superiority_null,zero,unadjusted,original_CRT_data,4999,5,0.02568858499987982,0.0256574858300155,0.0258553904198925,2.728271798426742e-05,2.510226833022898,100000,42.814308333133035,42.85614544701675,42.85614544701675,42.9016166436572
12,f39f01ae5cfde42c534f,5,400,continuous,0.95,superiority_null,zero,unadjusted,refined_CRT_data,4999,5,0.02568717165995622,0.02561150083987741,0.025937389579776208,2.728271798426742e-05,2.510226833022898,100000,42.8119527665937,42.853789880477414,42.853789880477414,42.89926107711786
12,f39f01ae5cfde42c534f,5,400,continuous,0.95,superiority_null,zero,adjusted,RT,4999,5,0.025504722500045318,0.025318280830106232,0.025751284580037462,5.7921710000521466e-05,0.0,100000,42.507870833408866,42.507870833408866,42.507870833408866,42.60440701674307
12,f39f01ae5cfde42c534f,5,400,continuous,0.95,superiority_null,zero,adjusted,original_S_normal,4999,5,1.6410550557279227e-05,1.59830271563762e-05,1.6664307404304863e-05,5.7921710000521466e-05,2.510226833022898,100000,0.027350917595465377,0.06918803147918035,0.06918803147918035,0.1657242148133828
12,f39f01ae5cfde42c534f,5,400,continuous,0.95,superiority_null,zero,adjusted,refined_S_normal,4999,5,5.6633822937919576e-05,5.6109052569626225e-05,5.7380638115241057e-05,5.7921710000521466e-05,2.510226833022898,100000,0.09438970489653262,0.13622681878024762,0.13622681878024762,0.23276300211445003
12,f39f01ae5cfde42c534f,5,400,continuous,0.95,superiority_null,zero,adjusted,original_R_normal,4999,5,6.321549006304323e-05,6.262370312470012e-05,6.427132749918085e-05,5.7921710000521466e-05,2.510226833022898,100000,0.10535915010507206,0.14719626398878702,0.14719626398878702,0.24373244732298946
12,f39f01ae5cfde42c534f,5,400,continuous,0.95,superiority_null,zero,adjusted,refined_R_normal,4999,5,9.813086597954252e-05,9.51093357558283e-05,0.0001030626020403769,5.7921710000521466e-05,2.510226833022898,100000,0.16355144329923751,0.20538855718295249,0.20538855718295249,0.30192474051715495
12,f39f01ae5cfde42c534f,5,400,continuous,0.95,superiority_null,zero,adjusted,original_CRT_data,4999,5,0.025616810829960743,0.025448003750061617,0.02574426665989449,5.7921710000521466e-05,2.510226833022898,100000,42.69468471660124,42.73652183048495,42.73652183048495,42.833058013819155
12,f39f01ae5cfde42c534f,5,400,continuous,0.95,superiority_null,zero,adjusted,refined_CRT_data,4999,5,0.025564544160151855,0.025503567499981727,0.025843099170015194,5.7921710000521466e-05,2.510226833022898,100000,42.60757360025309,42.649410714136806,42.649410714136806,42.74594689747101
13,d8bb31d506f67c62d819,5,400,continuous,0.95,superiority_power,zero,unadjusted,RT,4999,5,0.025362992499722167,0.025264292079955338,0.025652900419954675,2.7877353760867812e-05,0.0,10000,42.27165416620361,42.27165416620361,4.227165416620362,4.231811642247172
13,d8bb31d506f67c62d819,5,400,continuous,0.95,superiority_power,zero,unadjusted,original_S_normal,4999,5,1.6072366901831834e-05,1.5995939153048713e-05,1.6401696032710893e-05,2.7877353760867812e-05,2.510226833022898,10000,0.026787278169719722,0.0686243920534347,0.04451584170068694,0.04916206732749825
13,d8bb31d506f67c62d819,5,400,continuous,0.95,superiority_power,zero,unadjusted,refined_S_normal,4999,5,5.6778646441239674e-05,5.6590334236711305e-05,5.8158478720944784e-05,2.7877353760867812e-05,2.510226833022898,10000,0.09463107740206612,0.1364681912857811,0.05130022162392158,0.05594644725073288
13,d8bb31d506f67c62d819,5,400,continuous,0.95,superiority_power,zero,unadjusted,original_R_normal,4999,5,6.354071734262382e-05,5.953674351206116e-05,6.369577490525901e-05,2.7877353760867812e-05,2.510226833022898,10000,0.1059011955710397,0.1477383094547547,0.052427233440818934,0.05707345906763024
13,d8bb31d506f67c62d819,5,400,continuous,0.95,superiority_power,zero,unadjusted,refined_R_normal,4999,5,9.814455068622278e-05,9.698286057615545e-05,0.0001019153704060091,2.7877353760867812e-05,2.510226833022898,10000,0.16357425114370464,0.2054113650274196,0.05819453899808543,0.06284076462489674
13,d8bb31d506f67c62d819,5,400,continuous,0.95,superiority_power,zero,unadjusted,original_CRT_data,4999,5,0.02542704291001428,0.025212972920271567,0.025571940829977394,2.7877353760867812e-05,2.510226833022898,10000,42.3784048500238,42.420241963907515,4.279677598886095,4.2843238245129065
13,d8bb31d506f67c62d819,5,400,continuous,0.95,superiority_power,zero,unadjusted,refined_CRT_data,4999,5,0.02549479000008432,0.02527553749998333,0.025655534170218743,2.7877353760867812e-05,2.510226833022898,10000,42.4913166668072,42.53315378069092,4.290968780564436,4.295615006191246
13,d8bb31d506f67c62d819,5,400,continuous,0.95,superiority_power,zero,adjusted,RT,4999,5,0.02556598666997161,0.02538755375018809,0.025737497080117463,5.765523471141598e-05,0.0,10000,42.60997778328601,42.60997778328601,4.260997778328601,4.270606984113837
13,d8bb31d506f67c62d819,5,400,continuous,0.95,superiority_power,zero,adjusted,original_S_normal,4999,5,1.624256696420882e-05,1.617869279484275e-05,1.682965616850151e-05,5.765523471141598e-05,2.510226833022898,10000,0.027070944940348028,0.06890805882406299,0.04454420837774977,0.05415341416298577
13,d8bb31d506f67c62d819,5,400,continuous,0.95,superiority_power,zero,adjusted,refined_S_normal,4999,5,5.665829564848557e-05,5.6509154858291254e-05,5.714730714348012e-05,5.765523471141598e-05,2.510226833022898,10000,0.09443049274747595,0.13626760663119092,0.05128016315846256,0.060889368943698556
13,d8bb31d506f67c62d819,5,400,continuous,0.95,superiority_power,zero,adjusted,original_R_normal,4999,5,6.30654874217474e-05,5.9890905296405044e-05,6.414149570516132e-05,5.765523471141598e-05,2.510226833022898,10000,0.10510914570291233,0.1469462595866273,0.0523480284540062,0.061957234239242195
13,d8bb31d506f67c62d819,5,400,continuous,0.95,superiority_power,zero,adjusted,refined_R_normal,4999,5,9.747905747397594e-05,9.614698409513082e-05,0.00010079056250106077,5.765523471141598e-05,2.510226833022898,10000,0.1624650957899599,0.20430220967367488,0.05808362346271096,0.06769282924794696
13,d8bb31d506f67c62d819,5,400,continuous,0.95,superiority_power,zero,adjusted,original_CRT_data,4999,5,0.02557959750003647,0.025496076249983162,0.025738729999866337,5.765523471141598e-05,2.510226833022898,10000,42.63266250006078,42.6744996139445,4.305103363889794,4.314712569675029
13,d8bb31d506f67c62d819,5,400,continuous,0.95,superiority_power,zero,adjusted,refined_CRT_data,4999,5,0.02577977291017305,0.025423342080030123,0.025873320839891675,5.765523471141598e-05,2.510226833022898,10000,42.96628818362175,43.008125297505465,4.3384659322458905,4.348075138031126
14,1522ed2ed621e75e8d2c,5,400,continuous,0.95,superiority_null,first_factor,unadjusted,RT,4999,5,0.02563399875012692,0.025572754160093608,0.026596612090070266,2.71500180483932e-05,0.0,100000,42.72333125021154,42.72333125021154,42.72333125021154,42.76858128029219
14,1522ed2ed621e75e8d2c,5,400,continuous,0.95,superiority_null,first_factor,unadjusted,original_S_normal,4999,5,1.6123374927625504e-05,1.588279101581845e-05,1.6341300392002202e-05,2.71500180483932e-05,2.510226833022898,100000,0.026872291546042506,0.06870940542975748,0.06870940542975748,0.1139594355104128
14,1522ed2ed621e75e8d2c,5,400,continuous,0.95,superiority_null,first_factor,unadjusted,refined_S_normal,4999,5,5.646765679761956e-05,5.5847266221664745e-05,5.668558378468431e-05,2.71500180483932e-05,2.510226833022898,100000,0.09411276132936594,0.13594987521308088,0.13594987521308088,0.18119990529373622
14,1522ed2ed621e75e8d2c,5,400,continuous,0.95,superiority_null,first_factor,unadjusted,original_R_normal,4999,5,6.322495547070537e-05,5.849555064311349e-05,6.34438791765413e-05,2.71500180483932e-05,2.510226833022898,100000,0.10537492578450894,0.1472120396682239,0.1472120396682239,0.19246206974887922
14,1522ed2ed621e75e8d2c,5,400,continuous,0.95,superiority_null,first_factor,unadjusted,refined_R_normal,4999,5,9.666093749938926e-05,9.547394047591036e-05,9.721171524255872e-05,2.71500180483932e-05,2.510226833022898,100000,0.1611015624989821,0.20293867638269708,0.20293867638269708,0.24818870646335242
14,1522ed2ed621e75e8d2c,5,400,continuous,0.95,superiority_null,first_factor,unadjusted,original_CRT_data,4999,5,0.025681003339996095,0.025410039580019656,0.025752218340057878,2.71500180483932e-05,2.510226833022898,100000,42.801672233326826,42.84350934721054,42.84350934721054,42.888759377291194
14,1522ed2ed621e75e8d2c,5,400,continuous,0.95,superiority_null,first_factor,unadjusted,refined_CRT_data,4999,5,0.025582709579903166,0.025439815419958905,0.02582601458998397,2.71500180483932e-05,2.510226833022898,100000,42.637849299838614,42.67968641372233,42.67968641372233,42.72493644380298
14,1522ed2ed621e75e8d2c,5,400,continuous,0.95,superiority_null,first_factor,adjusted,RT,4999,5,0.025678125000267754,0.025440389170253184,0.025749173750227783,5.6647062147073025e-05,0.0,100000,42.796875000446256,42.796875000446256,42.796875000446256,42.89128677069138
14,1522ed2ed621e75e8d2c,5,400,continuous,0.95,superiority_null,first_factor,adjusted,original_S_normal,4999,5,1.6187938252534764e-05,1.5606775865966366e-05,1.6452040147812928e-05,5.6647062147073025e-05,2.510226833022898,100000,0.02697989708755794,0.06881701097127291,0.06881701097127291,0.1632287812163946
14,1522ed2ed621e75e8d2c,5,400,continuous,0.95,superiority_null,first_factor,adjusted,refined_S_normal,4999,5,5.662133242891533e-05,5.617155960934008e-05,5.9815205833209413e-05,5.6647062147073025e-05,2.510226833022898,100000,0.09436888738152556,0.13620600126524052,0.13620600126524052,0.23061777151036225
14,1522ed2ed621e75e8d2c,5,400,continuous,0.95,superiority_null,first_factor,adjusted,original_R_normal,4999,5,6.318267295539743e-05,5.89295269404401e-05,6.375675159172826e-05,5.6647062147073025e-05,2.510226833022898,100000,0.10530445492566237,0.14714156880937734,0.14714156880937734,0.24155333905449908
14,1522ed2ed621e75e8d2c,5,400,continuous,0.95,superiority_null,first_factor,adjusted,refined_R_normal,4999,5,9.663482769190943e-05,9.560584523881387e-05,0.00010009844589803833,5.6647062147073025e-05,2.510226833022898,100000,0.1610580461531824,0.20289516003689737,0.20289516003689737,0.29730693028201904
14,1522ed2ed621e75e8d2c,5,400,continuous,0.95,superiority_null,first_factor,adjusted,original_CRT_data,4999,5,0.025497340830042958,0.025293662500043865,0.025706527080037633,5.6647062147073025e-05,2.510226833022898,100000,42.4955680500716,42.53740516395531,42.53740516395531,42.63181693420043
14,1522ed2ed621e75e8d2c,5,400,continuous,0.95,superiority_null,first_factor,adjusted,refined_CRT_data,4999,5,0.02560101749986643,0.025509168329881503,0.025692481659934856,5.6647062147073025e-05,2.510226833022898,100000,42.66836249977738,42.710199613661096,42.710199613661096,42.80461138390622
15,440bf8b99f621712fda3,5,400,continuous,0.95,superiority_power,first_factor,unadjusted,RT,4999,5,0.02563911625009496,0.025391387080017012,0.025688944580033422,2.701105795156793e-05,0.0,10000,42.73186041682493,42.73186041682493,4.273186041682493,4.277687884674421
15,440bf8b99f621712fda3,5,400,continuous,0.95,superiority_power,first_factor,unadjusted,original_S_normal,4999,5,1.607466359580919e-05,1.5823678132861297e-05,1.609082932477679e-05,2.701105795156793e-05,2.510226833022898,10000,0.02679110599301532,0.06862821987673029,0.0445162244830165,0.04901806747494449
15,440bf8b99f621712fda3,5,400,continuous,0.95,superiority_power,first_factor,unadjusted,refined_S_normal,4999,5,5.653741762751061e-05,5.639076073166098e-05,5.7262976228126455e-05,2.701105795156793e-05,2.510226833022898,10000,0.09422902937918434,0.13606614326289931,0.0512600168216334,0.055761859813561396
15,440bf8b99f621712fda3,5,400,continuous,0.95,superiority_power,first_factor,unadjusted,original_R_normal,4999,5,6.302810534717714e-05,5.9703291191822026e-05,6.310845654034612e-05,2.701105795156793e-05,2.510226833022898,10000,0.10504684224529524,0.1468839561290102,0.05234179810824449,0.05684364110017248
15,440bf8b99f621712fda3,5,400,continuous,0.95,superiority_power,first_factor,unadjusted,refined_R_normal,4999,5,9.585374999802471e-05,9.54737659055917e-05,9.628911057706529e-05,2.701105795156793e-05,2.510226833022898,10000,0.15975624999670787,0.20159336388042284,0.057812738883385756,0.06231458187531373
15,440bf8b99f621712fda3,5,400,continuous,0.95,superiority_power,first_factor,unadjusted,original_CRT_data,4999,5,0.025611369999824093,0.02535559333016863,0.025780437079956756,2.701105795156793e-05,2.510226833022898,10000,42.685616666373484,42.7274537802572,4.310398780521064,4.314900623512992
15,440bf8b99f621712fda3,5,400,continuous,0.95,superiority_power,first_factor,unadjusted,refined_CRT_data,4999,5,0.025592596249771303,0.025422407090081832,0.026430740829964633,2.701105795156793e-05,2.510226833022898,10000,42.65432708295217,42.69616419683589,4.307269822178933,4.311771665170861
15,440bf8b99f621712fda3,5,400,continuous,0.95,superiority_power,first_factor,adjusted,RT,4999,5,0.025654700419981965,0.025542273340106475,0.02570366624975577,5.743023571391989e-05,0.0,10000,42.757834033303276,42.757834033303276,4.275783403330327,4.285355109282648
15,440bf8b99f621712fda3,5,400,continuous,0.95,superiority_power,first_factor,adjusted,original_S_normal,4999,5,1.598550052681087e-05,1.5935280653080832e-05,1.6123458808051774e-05,5.743023571391989e-05,2.510226833022898,10000,0.026642500878018116,0.06847961476173309,0.044501363971516786,0.05407306992383676
15,440bf8b99f621712fda3,5,400,continuous,0.95,superiority_power,first_factor,adjusted,refined_S_normal,4999,5,5.686603693241275e-05,5.6326420900210466e-05,5.7493812240989365e-05,5.743023571391989e-05,2.510226833022898,10000,0.09477672822068792,0.13661384210440286,0.05131478670578375,0.060886492658103746
15,440bf8b99f621712fda3,5,400,continuous,0.95,superiority_power,first_factor,adjusted,original_R_normal,4999,5,6.3287038804521e-05,5.942289443678338e-05,6.37579352241217e-05,5.743023571391989e-05,2.510226833022898,10000,0.10547839800753502,0.14731551189124997,0.052384953684468466,0.06195665963678845
15,440bf8b99f621712fda3,5,400,continuous,0.95,superiority_power,first_factor,adjusted,refined_R_normal,4999,5,9.605119047531237e-05,9.552751190494746e-05,9.86924754911075e-05,5.743023571391989e-05,2.510226833022898,10000,0.16008531745885393,0.2019224313425689,0.05784564562960036,0.06741735158192035
15,440bf8b99f621712fda3,5,400,continuous,0.95,superiority_power,first_factor,adjusted,original_CRT_data,4999,5,0.025615342920063996,0.02519652249990031,0.025785976670158563,5.743023571391989e-05,2.510226833022898,10000,42.69223820010666,42.734075313990374,4.311060933894381,4.320632639846702
15,440bf8b99f621712fda3,5,400,continuous,0.95,superiority_power,first_factor,adjusted,refined_CRT_data,4999,5,0.025601383749744855,0.025253142500005196,0.025866454579809215,5.743023571391989e-05,2.510226833022898,10000,42.66897291624142,42.71081003012514,4.308734405507858,4.318306111460178
