index,id,F,n,outcome,pbc,role,direction,score,method,reference_draws,repetitions,median_analysis_seconds,min_analysis_seconds,max_analysis_seconds,common_score_seconds,common_bundle_setup_seconds,target_trials,projected_100000_analysis_minutes,projected_100000_with_setup_minutes,projected_target_with_setup_minutes,projected_target_with_score_and_setup_minutes,run,procedure,projected_100k_with_score_and_setup_minutes,case
0,11346d1fe5a61b9b84ea,2,200,continuous,0.8,superiority_null,first_factor,unadjusted,RT,4999,5,0.0122799808401032,0.0119116033401223,0.0122907654201844,2.848961173268353e-05,0.0,100000,20.46663473350539,20.46663473350539,20.46663473350539,20.514117419726528,primary,RT,20.51411741972647,"2 factors, 200"
0,11346d1fe5a61b9b84ea,2,200,continuous,0.8,superiority_null,first_factor,unadjusted,original_S_normal,4999,5,1.1218984495765413e-05,1.1182040961097675e-05,1.1264131948058724e-05,2.848961173268353e-05,1.018463749991497,100000,0.0186983074929423,0.0356727033261339,0.0356727033261339,0.0831553895472731,primary,SIGA-S,0.0831553895472732,"2 factors, 200"
0,11346d1fe5a61b9b84ea,2,200,continuous,0.8,superiority_null,first_factor,unadjusted,refined_S_normal,4999,5,3.730765643198957e-05,3.725170695134629e-05,3.736242693966192e-05,2.848961173268353e-05,1.018463749991497,100000,0.0621794273866492,0.0791538232198409,0.0791538232198409,0.1266365094409801,primary,SIGA-S,0.1266365094409801,"2 factors, 200"
0,11346d1fe5a61b9b84ea,2,200,continuous,0.8,superiority_null,first_factor,unadjusted,original_R_normal,4999,5,4.1660584397787904e-05,4.138853305696764e-05,4.185865585698072e-05,2.848961173268353e-05,1.018463749991497,100000,0.0694343073296465,0.0864087031628381,0.0864087031628381,0.1338913893839773,primary,SIGA-R,0.1338913893839773,"2 factors, 200"
0,11346d1fe5a61b9b84ea,2,200,continuous,0.8,superiority_null,first_factor,unadjusted,refined_R_normal,4999,5,6.858346746574246e-05,6.709399726629879e-05,6.866686643948077e-05,2.848961173268353e-05,1.018463749991497,100000,0.1143057791095707,0.1312801749427624,0.1312801749427624,0.1787628611639015,primary,SIGA-R,0.1787628611639015,"2 factors, 200"
0,11346d1fe5a61b9b84ea,2,200,continuous,0.8,superiority_null,first_factor,unadjusted,original_CRT_data,4999,5,0.0123290233401348,0.0119809162500314,0.012330668340146,2.848961173268353e-05,1.018463749991497,100000,20.548372233558137,20.56534662939133,20.56534662939133,20.61282931561247,primary,CRT,20.61282931561233,"2 factors, 200"
0,11346d1fe5a61b9b84ea,2,200,continuous,0.8,superiority_null,first_factor,unadjusted,refined_CRT_data,4999,5,0.0123555666700121,0.0122584416597965,0.0123659683301229,2.848961173268353e-05,1.018463749991497,100000,20.592611116686992,20.609585512520184,20.609585512520184,20.657068198741324,primary,CRT,20.657068198741165,"2 factors, 200"
0,11346d1fe5a61b9b84ea,2,200,continuous,0.8,superiority_null,first_factor,adjusted,RT,4999,5,0.0122752079201745,0.0119539137501851,0.0122908520899363,4.624430875590045e-05,0.0,100000,20.458679866957635,20.458679866957635,20.458679866957635,20.53575371488413,primary,RT,20.535753714884,"2 factors, 200"
0,11346d1fe5a61b9b84ea,2,200,continuous,0.8,superiority_null,first_factor,adjusted,original_S_normal,4999,5,1.119214625253292e-05,1.094071403281926e-05,1.1413031162910732e-05,4.624430875590045e-05,1.018463749991497,100000,0.0186535770875548,0.0356279729207464,0.0356279729207464,0.1127018208472472,primary,SIGA-S,0.1127018208472472,"2 factors, 200"
0,11346d1fe5a61b9b84ea,2,200,continuous,0.8,superiority_null,first_factor,adjusted,refined_S_normal,4999,5,3.685214003673857e-05,3.630181460154573e-05,3.716077470367222e-05,4.624430875590045e-05,1.018463749991497,100000,0.0614202333945642,0.0783946292277559,0.0783946292277559,0.1554684771542566,primary,SIGA-S,0.1554684771542566,"2 factors, 200"
0,11346d1fe5a61b9b84ea,2,200,continuous,0.8,superiority_null,first_factor,adjusted,original_R_normal,4999,5,4.1503074025364274e-05,4.042972782284074e-05,4.20031520084061e-05,4.624430875590045e-05,1.018463749991497,100000,0.0691717900422737,0.0861461858754654,0.0861461858754654,0.1632200338019661,primary,SIGA-R,0.1632200338019661,"2 factors, 200"
0,11346d1fe5a61b9b84ea,2,200,continuous,0.8,superiority_null,first_factor,adjusted,refined_R_normal,4999,5,6.847136340153144e-05,6.632802701888249e-05,6.92752873793983e-05,4.624430875590045e-05,1.018463749991497,100000,0.1141189390025524,0.131093334835744,0.131093334835744,0.2081671827622447,primary,SIGA-R,0.2081671827622447,"2 factors, 200"
0,11346d1fe5a61b9b84ea,2,200,continuous,0.8,superiority_null,first_factor,adjusted,original_CRT_data,4999,5,0.0123274366700206,0.0117290033298195,0.0123356187500758,4.624430875590045e-05,1.018463749991497,100000,20.545727783367813,20.562702179201004,20.562702179201004,20.639776027127507,primary,CRT,20.63977602712736,"2 factors, 200"
0,11346d1fe5a61b9b84ea,2,200,continuous,0.8,superiority_null,first_factor,adjusted,refined_CRT_data,4999,5,0.0123607008301769,0.0120670004098792,0.0123617933399509,4.624430875590045e-05,1.018463749991497,100000,20.6011680502949,20.61814244612809,20.61814244612809,20.69521629405459,primary,CRT,20.695216294054525,"2 factors, 200"
1,dda485d0da7818c42138,2,200,continuous,0.8,superiority_power,first_factor,unadjusted,RT,4999,5,0.0118272166699171,0.0115628291698521,0.0122325254199677,2.823813614094446e-05,0.0,10000,19.71202778319518,19.71202778319518,1.9712027783195176,1.9759091343430084,primary,RT,19.759091343430075,"2 factors, 200"
1,dda485d0da7818c42138,2,200,continuous,0.8,superiority_power,first_factor,unadjusted,original_S_normal,4999,5,1.125003749146404e-05,1.0927885283848706e-05,1.1463149095072548e-05,2.823813614094446e-05,1.018463749991497,10000,0.0187500624857734,0.035724458318965,0.0188494020817689,0.0235557581052597,primary,SIGA-S,0.0827880185538724,"2 factors, 200"
1,dda485d0da7818c42138,2,200,continuous,0.8,superiority_power,first_factor,unadjusted,refined_S_normal,4999,5,3.731177973934903e-05,3.651164233536684e-05,3.76085087968145e-05,2.823813614094446e-05,1.018463749991497,10000,0.0621862995655817,0.0791606953987733,0.0231930257897497,0.0278993818132405,primary,SIGA-S,0.1262242556336807,"2 factors, 200"
1,dda485d0da7818c42138,2,200,continuous,0.8,superiority_power,first_factor,unadjusted,original_R_normal,4999,5,4.178140104098323e-05,4.093466159098839e-05,4.209923319236822e-05,2.823813614094446e-05,1.018463749991497,10000,0.0696356684016387,0.0866100642348303,0.0239379626733554,0.0286443186968462,primary,SIGA-R,0.1336736244697377,"2 factors, 200"
1,dda485d0da7818c42138,2,200,continuous,0.8,superiority_power,first_factor,unadjusted,refined_R_normal,4999,5,6.866703767166792e-05,6.699921386704469e-05,6.915958620535595e-05,2.823813614094446e-05,1.018463749991497,10000,0.1144450627861132,0.1314194586193048,0.0284189021118029,0.0331252581352936,primary,SIGA-R,0.1784830188542122,"2 factors, 200"
1,dda485d0da7818c42138,2,200,continuous,0.8,superiority_power,first_factor,unadjusted,original_CRT_data,4999,5,0.0122756649999064,0.0119470187500701,0.0123298904200783,2.823813614094446e-05,1.018463749991497,10000,20.45944166651073,20.47641606234392,2.0629185624842648,2.0676249185077555,primary,CRT,20.52347962257876,"2 factors, 200"
1,dda485d0da7818c42138,2,200,continuous,0.8,superiority_power,first_factor,unadjusted,refined_CRT_data,4999,5,0.0120644879198516,0.0114993287497782,0.0123454033400048,2.823813614094446e-05,1.018463749991497,10000,20.107479866419453,20.124454262252645,2.027722382475137,2.032428738498628,primary,CRT,20.17151782248743,"2 factors, 200"
1,dda485d0da7818c42138,2,200,continuous,0.8,superiority_power,first_factor,adjusted,RT,4999,5,0.0122465266700601,0.0119467512500705,0.0122846195800229,4.6287050690933255e-05,0.0,10000,20.41087778343353,20.41087778343353,2.0410877783433534,2.0488022867918425,primary,RT,20.48802286791839,"2 factors, 200"
1,dda485d0da7818c42138,2,200,continuous,0.8,superiority_power,first_factor,adjusted,original_S_normal,4999,5,1.1237988303078004e-05,1.1194251029180796e-05,1.1268904369596082e-05,4.6287050690933255e-05,1.018463749991497,10000,0.01872998050513,0.0357043763383216,0.0188473938837046,0.0265619023321934,primary,SIGA-S,0.1128494608232103,"2 factors, 200"
1,dda485d0da7818c42138,2,200,continuous,0.8,superiority_power,first_factor,adjusted,refined_S_normal,4999,5,3.7292176245220114e-05,3.7160003110464594e-05,3.7647222744911925e-05,4.6287050690933255e-05,1.018463749991497,10000,0.0621536270753668,0.0791280229085584,0.0231897585407283,0.0309042669892171,primary,SIGA-S,0.1562731073934472,"2 factors, 200"
1,dda485d0da7818c42138,2,200,continuous,0.8,superiority_power,first_factor,adjusted,original_R_normal,4999,5,4.187046548144144e-05,4.145064049526426e-05,4.209069676497685e-05,4.6287050690933255e-05,1.018463749991497,10000,0.0697841091357357,0.0867585049689273,0.0239528067467651,0.031667315195254,primary,SIGA-R,0.1639035894538161,"2 factors, 200"
1,dda485d0da7818c42138,2,200,continuous,0.8,superiority_power,first_factor,adjusted,refined_R_normal,4999,5,6.882946061772575e-05,6.840453795980991e-05,6.897571551862397e-05,4.6287050690933255e-05,1.018463749991497,10000,0.1147157676962095,0.1316901635294012,0.0284459726028125,0.0361604810513014,primary,SIGA-R,0.2088352480142899,"2 factors, 200"
1,dda485d0da7818c42138,2,200,continuous,0.8,superiority_power,first_factor,adjusted,original_CRT_data,4999,5,0.0123291395799606,0.0120737925000139,0.0123604566600988,4.6287050690933255e-05,1.018463749991497,10000,20.54856596660101,20.56554036243421,2.0718309924932936,2.0795455009417823,primary,CRT,20.64268544691908,"2 factors, 200"
1,dda485d0da7818c42138,2,200,continuous,0.8,superiority_power,first_factor,adjusted,refined_CRT_data,4999,5,0.0123710116700385,0.0119341854201047,0.0124085695800022,4.6287050690933255e-05,1.018463749991497,10000,20.61835278339761,20.635327179230806,2.078809674172953,2.086524182621442,primary,CRT,20.712472263715583,"2 factors, 200"
8,91f3e97730882aa0b880,2,200,binary,0.8,superiority_null,first_factor,unadjusted,RT,4999,5,0.0122859633297775,0.0122544999999809,0.014600460830261,2.8429392755656e-05,0.0,100000,20.476605549629312,20.476605549629312,20.476605549629312,20.52398787088874,primary,RT,20.523987870888597,"2 factors, 200"
8,91f3e97730882aa0b880,2,200,binary,0.8,superiority_null,first_factor,unadjusted,original_S_normal,4999,5,1.1198027594959346e-05,1.1185609407764573e-05,1.3099045052570388e-05,2.8429392755656e-05,1.018463749991497,100000,0.0186633793249322,0.0356377751581238,0.0356377751581238,0.0830200964175505,primary,SIGA-S,0.0830200964175505,"2 factors, 200"
8,91f3e97730882aa0b880,2,200,binary,0.8,superiority_null,first_factor,unadjusted,refined_S_normal,4999,5,3.70467083325989e-05,3.700549815539992e-05,4.113157102542349e-05,2.8429392755656e-05,1.018463749991497,100000,0.0617445138876648,0.0787189097208564,0.0787189097208564,0.1261012309802831,primary,SIGA-S,0.1261012309802831,"2 factors, 200"
8,91f3e97730882aa0b880,2,200,binary,0.8,superiority_null,first_factor,unadjusted,original_R_normal,4999,5,4.164102697031016e-05,4.146441289325714e-05,4.171775349944559e-05,2.8429392755656e-05,1.018463749991497,100000,0.0694017116171836,0.0863761074503752,0.0863761074503752,0.1337584287098018,primary,SIGA-R,0.1337584287098018,"2 factors, 200"
8,91f3e97730882aa0b880,2,200,binary,0.8,superiority_null,first_factor,unadjusted,refined_R_normal,4999,5,6.856215753343772e-05,6.823784299313603e-05,6.87875541796978e-05,2.8429392755656e-05,1.018463749991497,100000,0.1142702625557295,0.1312446583889211,0.1312446583889211,0.1786269796483478,primary,SIGA-R,0.1786269796483478,"2 factors, 200"
8,91f3e97730882aa0b880,2,200,binary,0.8,superiority_null,first_factor,unadjusted,original_CRT_data,4999,5,0.0123292183299781,0.012323926250101,0.0123472020801273,2.8429392755656e-05,1.018463749991497,100000,20.54869721663029,20.565671612463483,20.565671612463483,20.61305393372292,primary,CRT,20.613053933722785,"2 factors, 200"
8,91f3e97730882aa0b880,2,200,binary,0.8,superiority_null,first_factor,unadjusted,refined_CRT_data,4999,5,0.0123516687500523,0.0123366462497506,0.0123579599999357,2.8429392755656e-05,1.018463749991497,100000,20.586114583420567,20.60308897925376,20.60308897925376,20.650471300513185,primary,CRT,20.65047130051312,"2 factors, 200"
8,91f3e97730882aa0b880,2,200,binary,0.8,superiority_null,first_factor,adjusted,RT,4999,5,0.0122707120800623,0.0122622558299917,0.0122851108299801,4.641456212993944e-05,0.0,100000,20.451186800103944,20.451186800103944,20.451186800103944,20.528544403653843,primary,RT,20.528544403653733,"2 factors, 200"
8,91f3e97730882aa0b880,2,200,binary,0.8,superiority_null,first_factor,adjusted,original_S_normal,4999,5,1.1234032457922276e-05,1.1226903288465778e-05,1.1262069718475948e-05,4.641456212993944e-05,1.018463749991497,100000,0.0187233874298704,0.035697783263062,0.035697783263062,0.1130553868129611,primary,SIGA-S,0.1130553868129611,"2 factors, 200"
8,91f3e97730882aa0b880,2,200,binary,0.8,superiority_null,first_factor,adjusted,refined_S_normal,4999,5,3.724425806721056e-05,3.7082836443679065e-05,4.1390397727358624e-05,4.641456212993944e-05,1.018463749991497,100000,0.0620737634453509,0.0790481592785425,0.0790481592785425,0.1564057628284416,primary,SIGA-S,0.1564057628284416,"2 factors, 200"
8,91f3e97730882aa0b880,2,200,binary,0.8,superiority_null,first_factor,adjusted,original_R_normal,4999,5,4.169913541651719e-05,4.12889832099938e-05,5.099708756294839e-05,4.641456212993944e-05,1.018463749991497,100000,0.0694985590275286,0.0864729548607202,0.0864729548607202,0.1638305584106193,primary,SIGA-R,0.1638305584106193,"2 factors, 200"
8,91f3e97730882aa0b880,2,200,binary,0.8,superiority_null,first_factor,adjusted,refined_R_normal,4999,5,6.878697205524675e-05,6.847376986462179e-05,8.484805084693925e-05,4.641456212993944e-05,1.018463749991497,100000,0.1146449534254112,0.1316193492586028,0.1316193492586028,0.2089769528085019,primary,SIGA-R,0.2089769528085019,"2 factors, 200"
8,91f3e97730882aa0b880,2,200,binary,0.8,superiority_null,first_factor,adjusted,original_CRT_data,4999,5,0.0123367987500387,0.0122951649999595,0.014419143749983,4.641456212993944e-05,1.018463749991497,100000,20.56133125006454,20.57830564589773,20.57830564589773,20.65566324944763,primary,CRT,20.655663249447592,"2 factors, 200"
8,91f3e97730882aa0b880,2,200,binary,0.8,superiority_null,first_factor,adjusted,refined_CRT_data,4999,5,0.0123731404199497,0.0123449083301238,0.0134912845899816,4.641456212993944e-05,1.018463749991497,100000,20.621900699916296,20.638875095749487,20.638875095749487,20.716232699299383,primary,CRT,20.71623269929926,"2 factors, 200"
9,1cb5bf2dd71d58078d29,2,200,binary,0.8,superiority_power,first_factor,unadjusted,RT,4999,5,0.0122838616601075,0.0122613641599309,0.0126640549997682,2.859558094226356e-05,0.0,10000,20.47310276684584,20.47310276684584,2.047310276684584,2.0520762068416283,primary,RT,20.520762068416275,"2 factors, 200"
9,1cb5bf2dd71d58078d29,2,200,binary,0.8,superiority_power,first_factor,unadjusted,original_S_normal,4999,5,1.129999576770053e-05,1.1200633639556304e-05,1.1493016165214988e-05,2.859558094226356e-05,1.018463749991497,10000,0.0188333262795008,0.0358077221126924,0.0188577284611417,0.0236236586181856,primary,SIGA-S,0.0834670236831317,"2 factors, 200"
9,1cb5bf2dd71d58078d29,2,200,binary,0.8,superiority_power,first_factor,unadjusted,refined_S_normal,4999,5,3.72473668031391e-05,3.714962807350309e-05,3.747818352020614e-05,2.859558094226356e-05,1.018463749991497,10000,0.0620789446718985,0.0790533405050901,0.0231822903003814,0.0279482204574253,primary,SIGA-S,0.1267126420755294,"2 factors, 200"
9,1cb5bf2dd71d58078d29,2,200,binary,0.8,superiority_power,first_factor,unadjusted,original_R_normal,4999,5,4.166289244747539e-05,4.134009297468607e-05,4.204620798328743e-05,2.859558094226356e-05,1.018463749991497,10000,0.0694381540791256,0.0864125499123172,0.0239182112411041,0.0286841413981481,primary,SIGA-R,0.1340718514827565,"2 factors, 200"
9,1cb5bf2dd71d58078d29,2,200,binary,0.8,superiority_power,first_factor,unadjusted,refined_R_normal,4999,5,6.885916952080451e-05,6.80652465992037e-05,7.249321345291805e-05,2.859558094226356e-05,1.018463749991497,10000,0.1147652825346741,0.1317396783678658,0.028450924086659,0.0332168542437029,primary,SIGA-R,0.179398979938305,"2 factors, 200"
9,1cb5bf2dd71d58078d29,2,200,binary,0.8,superiority_power,first_factor,unadjusted,original_CRT_data,4999,5,0.0127759749998222,0.0123333970899693,0.0144033558299997,2.859558094226356e-05,1.018463749991497,10000,21.29329166637035,21.310266062203542,2.146303562470227,2.1510694926272707,primary,CRT,21.357925363773965,"2 factors, 200"
9,1cb5bf2dd71d58078d29,2,200,binary,0.8,superiority_power,first_factor,unadjusted,refined_CRT_data,4999,5,0.0134023645802517,0.0123446133299148,0.0140390899998601,2.859558094226356e-05,1.018463749991497,10000,22.33727430041957,22.35424869625276,2.250701825875149,2.2554677560321923,primary,CRT,22.40190799782313,"2 factors, 200"
9,1cb5bf2dd71d58078d29,2,200,binary,0.8,superiority_power,first_factor,adjusted,RT,4999,5,0.0122794770798645,0.0122668754201731,0.0135413483300362,4.635728203639802e-05,0.0,10000,20.46579513310765,20.46579513310765,2.0465795133107654,2.054305726983498,primary,RT,20.54305726983483,"2 factors, 200"
9,1cb5bf2dd71d58078d29,2,200,binary,0.8,superiority_power,first_factor,adjusted,original_S_normal,4999,5,1.1278594509496856e-05,1.1250776152901195e-05,1.1316603981682764e-05,4.635728203639802e-05,1.018463749991497,10000,0.018797657515828,0.0357720533490197,0.0188541615847744,0.0265803752575074,primary,SIGA-S,0.1130341900763497,"2 factors, 200"
9,1cb5bf2dd71d58078d29,2,200,binary,0.8,superiority_power,first_factor,adjusted,refined_S_normal,4999,5,3.731837533627213e-05,3.719410163585831e-05,3.9237395450518486e-05,4.635728203639802e-05,1.018463749991497,10000,0.0621972922271202,0.0791716880603118,0.0231941250559036,0.0309203387286366,primary,SIGA-S,0.1564338247876418,"2 factors, 200"
9,1cb5bf2dd71d58078d29,2,200,binary,0.8,superiority_power,first_factor,adjusted,original_R_normal,4999,5,4.173754858372073e-05,4.1306406008501234e-05,4.183247395849321e-05,4.635728203639802e-05,1.018463749991497,10000,0.0695625809728678,0.0865369768060595,0.0239306539304784,0.0316568676032114,primary,SIGA-R,0.1637991135333895,"2 factors, 200"
9,1cb5bf2dd71d58078d29,2,200,binary,0.8,superiority_power,first_factor,adjusted,refined_R_normal,4999,5,6.869737157551891e-05,6.815410714293989e-05,6.888427513680256e-05,4.635728203639802e-05,1.018463749991497,10000,0.1144956192925315,0.1314700151257231,0.0284239577624447,0.0361501714351777,primary,SIGA-R,0.2087321518530532,"2 factors, 200"
9,1cb5bf2dd71d58078d29,2,200,binary,0.8,superiority_power,first_factor,adjusted,original_CRT_data,4999,5,0.0123387237498536,0.0122877908300142,0.01428302040993,4.635728203639802e-05,1.018463749991497,10000,20.56453958308945,20.581513978922644,2.0734283541421363,2.081154567814869,primary,CRT,20.658776115649857,"2 factors, 200"
9,1cb5bf2dd71d58078d29,2,200,binary,0.8,superiority_power,first_factor,adjusted,refined_CRT_data,4999,5,0.0142199412497575,0.0123462124998332,0.0145490704098483,4.635728203639802e-05,1.018463749991497,10000,23.69990208292923,23.716876478762423,2.3869646041261148,2.3946908177988475,primary,CRT,23.79413861548969,"2 factors, 200"
16,41e8421f977f76d12275,5,400,continuous,0.8,superiority_null,first_factor,unadjusted,RT,4999,5,0.0267919137500575,0.0266710812499513,0.0311610537499655,3.052880207311629e-05,0.0,100000,44.65318958342929,44.65318958342929,44.65318958342929,44.70407092021782,primary,RT,44.70407092021769,"5 factors, 400 p=.80"
16,41e8421f977f76d12275,5,400,continuous,0.8,superiority_null,first_factor,unadjusted,original_S_normal,4999,5,1.5999146022301273e-05,1.585422212373474e-05,1.617284127601734e-05,3.052880207311629e-05,2.508876833016984,100000,0.0266652433705021,0.0684798572541185,0.0684798572541185,0.1193611940426456,primary,SIGA-S,0.1193611940426456,"5 factors, 400 p=.80"
16,41e8421f977f76d12275,5,400,continuous,0.8,superiority_null,first_factor,unadjusted,refined_S_normal,4999,5,5.624991809076818e-05,5.606445296070481e-05,5.9206215444313e-05,3.052880207311629e-05,2.508876833016984,100000,0.0937498634846136,0.13556447736823,0.13556447736823,0.1864458141567571,primary,SIGA-S,0.1864458141567571,"5 factors, 400 p=.80"
16,41e8421f977f76d12275,5,400,continuous,0.8,superiority_null,first_factor,unadjusted,original_R_normal,4999,5,6.057597138548652e-05,6.0201245028955e-05,6.164500251465242e-05,3.052880207311629e-05,2.508876833016984,100000,0.1009599523091441,0.1427745661927605,0.1427745661927605,0.1936559029812877,primary,SIGA-R,0.1936559029812877,"5 factors, 400 p=.80"
16,41e8421f977f76d12275,5,400,continuous,0.8,superiority_null,first_factor,unadjusted,refined_R_normal,4999,5,0.000103949944122,0.000103131890001,0.0001099825961544,3.052880207311629e-05,2.508876833016984,100000,0.1732499068700932,0.2150645207537096,0.2150645207537096,0.2659458575422367,primary,SIGA-R,0.2659458575421435,"5 factors, 400 p=.80"
16,41e8421f977f76d12275,5,400,continuous,0.8,superiority_null,first_factor,unadjusted,original_CRT_data,4999,5,0.0268621816698578,0.0267247954200138,0.0297906154202064,3.052880207311629e-05,2.508876833016984,100000,44.77030278309636,44.81211739697998,44.81211739697998,44.8629987337685,primary,CRT,44.86299873376847,"5 factors, 400 p=.80"
16,41e8421f977f76d12275,5,400,continuous,0.8,superiority_null,first_factor,unadjusted,refined_CRT_data,4999,5,0.0269945095901493,0.0268925491700065,0.0275733570801094,3.052880207311629e-05,2.508876833016984,100000,44.99084931691565,45.03266393079927,45.03266393079927,45.08354526758779,primary,CRT,45.08354526758764,"5 factors, 400 p=.80"
16,41e8421f977f76d12275,5,400,continuous,0.8,superiority_null,first_factor,adjusted,RT,4999,5,0.0267794395799865,0.0267577679199166,0.0277847116699558,6.341773734053691e-05,0.0,100000,44.6323992999775,44.6323992999775,44.6323992999775,44.7380955288784,primary,RT,44.73809552887839,"5 factors, 400 p=.80"
16,41e8421f977f76d12275,5,400,continuous,0.8,superiority_null,first_factor,adjusted,original_S_normal,4999,5,1.5921304976387727e-05,1.5703528916906985e-05,1.605945894052536e-05,6.341773734053691e-05,2.508876833016984,100000,0.0265355082939795,0.0683501221775959,0.0683501221775959,0.1740463510784908,primary,SIGA-S,0.1740463510784908,"5 factors, 400 p=.80"
16,41e8421f977f76d12275,5,400,continuous,0.8,superiority_null,first_factor,adjusted,refined_S_normal,4999,5,5.6368059438151e-05,5.577776622117704e-05,5.690606534203239e-05,6.341773734053691e-05,2.508876833016984,100000,0.0939467657302516,0.135761379613868,0.135761379613868,0.2414576085147629,primary,SIGA-S,0.2414576085147629,"5 factors, 400 p=.80"
16,41e8421f977f76d12275,5,400,continuous,0.8,superiority_null,first_factor,adjusted,original_R_normal,4999,5,6.01941616777024e-05,5.953127726180745e-05,6.110038872021705e-05,6.341773734053691e-05,2.508876833016984,100000,0.1003236027961706,0.142138216679787,0.142138216679787,0.2478344455806819,primary,SIGA-R,0.2478344455806819,"5 factors, 400 p=.80"
16,41e8421f977f76d12275,5,400,continuous,0.8,superiority_null,first_factor,adjusted,refined_R_normal,4999,5,0.0001040022121652,0.0001030067050008,0.0001068003944671,6.341773734053691e-05,2.508876833016984,100000,0.1733370202753926,0.215151634159009,0.215151634159009,0.3208478630599038,primary,SIGA-R,0.3208478630598446,"5 factors, 400 p=.80"
16,41e8421f977f76d12275,5,400,continuous,0.8,superiority_null,first_factor,adjusted,original_CRT_data,4999,5,0.0275359170901356,0.0268569737498182,0.0303620274999411,6.341773734053691e-05,2.508876833016984,100000,45.89319515022604,45.93500976410966,45.93500976410966,46.04070599301056,primary,CRT,46.04070599301051,"5 factors, 400 p=.80"
16,41e8421f977f76d12275,5,400,continuous,0.8,superiority_null,first_factor,adjusted,refined_CRT_data,4999,5,0.0270477633399423,0.0268725583300692,0.0309194525002385,6.341773734053691e-05,2.508876833016984,100000,45.079605566570535,45.12142018045415,45.12142018045415,45.22711640935504,primary,CRT,45.22711640935501,"5 factors, 400 p=.80"
17,d672af341ef2a71c6cca,5,400,continuous,0.8,superiority_power,first_factor,unadjusted,RT,4999,5,0.026228190420079,0.0262071112499688,0.0267903462500544,2.962591964544828e-05,0.0,10000,43.713650700131744,43.713650700131744,4.371365070013174,4.376302723287416,primary,RT,43.76302723287408,"5 factors, 400 p=.80"
17,d672af341ef2a71c6cca,5,400,continuous,0.8,superiority_power,first_factor,unadjusted,original_S_normal,4999,5,1.593016122627609e-05,1.5525464464859793e-05,1.6222223128166468e-05,2.962591964544828e-05,2.508876833016984,10000,0.0265502687104601,0.0683648825940765,0.0444696407546624,0.0494072940289037,primary,SIGA-S,0.1177414153364903,"5 factors, 400 p=.80"
17,d672af341ef2a71c6cca,5,400,continuous,0.8,superiority_power,first_factor,unadjusted,refined_S_normal,4999,5,5.732167142809235e-05,5.427649545930074e-05,5.86657748541969e-05,2.962591964544828e-05,2.508876833016984,10000,0.0955361190468205,0.1373507329304369,0.0513682257882984,0.0563058790625398,primary,SIGA-S,0.1867272656728507,"5 factors, 400 p=.80"
17,d672af341ef2a71c6cca,5,400,continuous,0.8,superiority_power,first_factor,unadjusted,original_R_normal,4999,5,6.118957573163221e-05,6.0627631333332056e-05,6.360636601302643e-05,2.962591964544828e-05,2.508876833016984,10000,0.101982626219387,0.1437972401030034,0.0520128765055551,0.0569505297797964,primary,SIGA-R,0.1931737728454172,"5 factors, 400 p=.80"
17,d672af341ef2a71c6cca,5,400,continuous,0.8,superiority_power,first_factor,unadjusted,refined_R_normal,4999,5,0.0001011531228273,9.735135116571452e-05,0.0001033435652594,2.962591964544828e-05,2.508876833016984,10000,0.1685885380456139,0.2104031519292303,0.0586734676881778,0.0636111209624191,primary,SIGA-R,0.2597796846715302,"5 factors, 400 p=.80"
17,d672af341ef2a71c6cca,5,400,continuous,0.8,superiority_power,first_factor,unadjusted,original_CRT_data,4999,5,0.0274122516700299,0.0263090204200125,0.028094687499979,2.962591964544828e-05,2.508876833016984,10000,45.68708611671658,45.7289007306002,4.610523225555274,4.615460878829516,primary,CRT,45.77827726334253,"5 factors, 400 p=.80"
17,d672af341ef2a71c6cca,5,400,continuous,0.8,superiority_power,first_factor,unadjusted,refined_CRT_data,4999,5,0.0263672045798739,0.0262924841698259,0.027139769999776,2.962591964544828e-05,2.508876833016984,10000,43.94534096645657,43.987155580340186,4.436348710529273,4.441286363803515,primary,CRT,44.03653211308254,"5 factors, 400 p=.80"
17,d672af341ef2a71c6cca,5,400,continuous,0.8,superiority_power,first_factor,adjusted,RT,4999,5,0.0261862625001231,0.0260410008399048,0.0280362716701347,6.145882410957176e-05,0.0,10000,43.64377083353853,43.64377083353853,4.364377083353854,4.37462022070545,primary,RT,43.74620220705446,"5 factors, 400 p=.80"
17,d672af341ef2a71c6cca,5,400,continuous,0.8,superiority_power,first_factor,adjusted,original_S_normal,4999,5,1.603530716378233e-05,1.5400764107919084e-05,1.6291706693599134e-05,6.145882410957176e-05,2.508876833016984,10000,0.0267255119396372,0.0685401258232536,0.0444871650775801,0.0547303024291754,primary,SIGA-S,0.1709714993392065,"5 factors, 400 p=.80"
17,d672af341ef2a71c6cca,5,400,continuous,0.8,superiority_power,first_factor,adjusted,refined_S_normal,4999,5,5.78276613862469e-05,5.713917613485881e-05,5.963647815362839e-05,6.145882410957176e-05,2.508876833016984,10000,0.0963794356437448,0.1381940495273612,0.0514525574479908,0.0616956947995861,primary,SIGA-S,0.2406254230433141,"5 factors, 400 p=.80"
17,d672af341ef2a71c6cca,5,400,continuous,0.8,superiority_power,first_factor,adjusted,original_R_normal,4999,5,6.313648842730553e-05,6.177955500014058e-05,6.604830045896386e-05,6.145882410957176e-05,2.508876833016984,10000,0.1052274807121758,0.1470420945957923,0.0523373619548339,0.0625804993064292,primary,SIGA-R,0.2494734681117452,"5 factors, 400 p=.80"
17,d672af341ef2a71c6cca,5,400,continuous,0.8,superiority_power,first_factor,adjusted,refined_R_normal,4999,5,0.0001017654209099,9.724836164997276e-05,0.0001056882675773,6.145882410957176e-05,2.508876833016984,10000,0.1696090348498419,0.2114236487334583,0.0587755173686005,0.0690186547201958,primary,SIGA-R,0.3138550222494026,"5 factors, 400 p=.80"
17,d672af341ef2a71c6cca,5,400,continuous,0.8,superiority_power,first_factor,adjusted,original_CRT_data,4999,5,0.027892605420202,0.0262828687499859,0.0293941866597742,6.145882410957176e-05,2.508876833016984,10000,46.487675700336695,46.52949031422031,4.690582183917286,4.700825321268881,primary,CRT,46.63192168773624,"5 factors, 400 p=.80"
17,d672af341ef2a71c6cca,5,400,continuous,0.8,superiority_power,first_factor,adjusted,refined_CRT_data,4999,5,0.0263848333401256,0.0258353341600741,0.0302357750001829,6.145882410957176e-05,2.508876833016984,10000,43.97472223354271,44.01653684742632,4.439286837237887,4.449529974589483,primary,CRT,44.11896822094224,"5 factors, 400 p=.80"
24,61b43ba3388513f5fd5e,5,400,binary,0.8,superiority_null,first_factor,unadjusted,RT,4999,5,0.0262985150000895,0.0261708245897898,0.031558828340203,2.956877336277596e-05,0.0,100000,43.83085833348256,43.83085833348256,43.83085833348256,43.88013962242052,primary,RT,43.88013962242046,"5 factors, 400 p=.80"
24,61b43ba3388513f5fd5e,5,400,binary,0.8,superiority_null,first_factor,unadjusted,original_S_normal,4999,5,1.6115822608754393e-05,1.5961493891285083e-05,1.6280993902525765e-05,2.956877336277596e-05,2.508876833016984,100000,0.0268597043479239,0.0686743182315403,0.0686743182315403,0.1179556071695003,primary,SIGA-S,0.1179556071695003,"5 factors, 400 p=.80"
24,61b43ba3388513f5fd5e,5,400,binary,0.8,superiority_null,first_factor,unadjusted,refined_S_normal,4999,5,5.716710954272587e-05,5.623099483089166e-05,5.790012525905979e-05,2.956877336277596e-05,2.508876833016984,100000,0.0952785159045431,0.1370931297881595,0.1370931297881595,0.1863744187261194,primary,SIGA-S,0.1863744187261194,"5 factors, 400 p=.80"
24,61b43ba3388513f5fd5e,5,400,binary,0.8,superiority_null,first_factor,unadjusted,original_R_normal,4999,5,6.226076863262144e-05,6.112028457431645e-05,6.333355481118919e-05,2.956877336277596e-05,2.508876833016984,100000,0.1037679477210357,0.1455825616046521,0.1455825616046521,0.194863850542612,primary,SIGA-R,0.194863850542612,"5 factors, 400 p=.80"
24,61b43ba3388513f5fd5e,5,400,binary,0.8,superiority_null,first_factor,unadjusted,refined_R_normal,4999,5,0.0001009551499999,9.805510617797172e-05,0.0001040680069097,2.956877336277596e-05,2.508876833016984,100000,0.1682585833332268,0.2100731972168432,0.2100731972168432,0.2593544861548031,primary,SIGA-R,0.259354486154743,"5 factors, 400 p=.80"
24,61b43ba3388513f5fd5e,5,400,binary,0.8,superiority_null,first_factor,unadjusted,original_CRT_data,4999,5,0.0270588216601754,0.0261683870799606,0.0271652183300466,2.956877336277596e-05,2.508876833016984,100000,45.098036100292425,45.13985071417604,45.13985071417604,45.189132003114,primary,CRT,45.18913200311392,"5 factors, 400 p=.80"
24,61b43ba3388513f5fd5e,5,400,binary,0.8,superiority_null,first_factor,unadjusted,refined_CRT_data,4999,5,0.0262834370898781,0.026063106660149,0.0263796445800107,2.956877336277596e-05,2.508876833016984,100000,43.805728483130224,43.84754309701384,43.84754309701384,43.89682438595181,primary,CRT,43.89682438595175,"5 factors, 400 p=.80"
24,61b43ba3388513f5fd5e,5,400,binary,0.8,superiority_null,first_factor,adjusted,RT,4999,5,0.0262570941698504,0.0262101820798125,0.0302308883401565,6.130036073112178e-05,0.0,100000,43.76182361641744,43.76182361641744,43.76182361641744,43.863990884302645,primary,RT,43.86399088430254,"5 factors, 400 p=.80"
24,61b43ba3388513f5fd5e,5,400,binary,0.8,superiority_null,first_factor,adjusted,original_S_normal,4999,5,1.5694219576611643e-05,1.545057291631015e-05,1.607379950214862e-05,6.130036073112178e-05,2.508876833016984,100000,0.026157032627686,0.0679716465113024,0.0679716465113024,0.1701389143965054,primary,SIGA-S,0.1701389143965054,"5 factors, 400 p=.80"
24,61b43ba3388513f5fd5e,5,400,binary,0.8,superiority_null,first_factor,adjusted,refined_S_normal,4999,5,5.747779212616405e-05,5.674471514198224e-05,5.759591000032847e-05,6.130036073112178e-05,2.508876833016984,100000,0.0957963202102734,0.1376109340938898,0.1376109340938898,0.2397782019790928,primary,SIGA-S,0.2397782019790928,"5 factors, 400 p=.80"
24,61b43ba3388513f5fd5e,5,400,binary,0.8,superiority_null,first_factor,adjusted,original_R_normal,4999,5,6.0800398969811135e-05,6.038780120609564e-05,6.322487685558497e-05,6.130036073112178e-05,2.508876833016984,100000,0.1013339982830185,0.1431486121666349,0.1431486121666349,0.2453158800518379,primary,SIGA-R,0.2453158800518379,"5 factors, 400 p=.80"
24,61b43ba3388513f5fd5e,5,400,binary,0.8,superiority_null,first_factor,adjusted,refined_R_normal,4999,5,0.0001008332249999,9.718806631196272e-05,0.0001017902020219,6.130036073112178e-05,2.508876833016984,100000,0.1680553749999186,0.209869988883535,0.209869988883535,0.312037256768738,primary,SIGA-R,0.3120372567686527,"5 factors, 400 p=.80"
24,61b43ba3388513f5fd5e,5,400,binary,0.8,superiority_null,first_factor,adjusted,original_CRT_data,4999,5,0.026303445000085,0.026290366660105,0.0268056258399155,6.130036073112178e-05,2.508876833016984,100000,43.83907500014175,43.88088961402536,43.88088961402536,43.98305688191056,primary,CRT,43.983056881910485,"5 factors, 400 p=.80"
24,61b43ba3388513f5fd5e,5,400,binary,0.8,superiority_null,first_factor,adjusted,refined_CRT_data,4999,5,0.0264063591597368,0.0263571841697557,0.0300286591699114,6.130036073112178e-05,2.508876833016984,100000,44.01059859956149,44.05241321344511,44.05241321344511,44.15458048133031,primary,CRT,44.15458048133016,"5 factors, 400 p=.80"
25,5cf7a7df24bc86685476,5,400,binary,0.8,superiority_power,first_factor,unadjusted,RT,4999,5,0.0261834154199459,0.0261279749998357,0.0262615837500197,2.955554572248606e-05,0.0,10000,43.63902569990993,43.63902569990993,4.3639025699909935,4.368828494278074,primary,RT,43.68828494278064,"5 factors, 400 p=.80"
25,5cf7a7df24bc86685476,5,400,binary,0.8,superiority_power,first_factor,unadjusted,original_S_normal,4999,5,1.5790821513974868e-05,1.569048327612428e-05,1.6360528316950652e-05,2.955554572248606e-05,2.508876833016984,10000,0.0263180358566247,0.0681326497402411,0.0444464174692788,0.0493723417563598,primary,SIGA-S,0.1173918926110512,"5 factors, 400 p=.80"
25,5cf7a7df24bc86685476,5,400,binary,0.8,superiority_power,first_factor,unadjusted,refined_S_normal,4999,5,5.769333816213726e-05,5.641990404522434e-05,5.912047794075025e-05,2.955554572248606e-05,2.508876833016984,10000,0.0961555636035621,0.1379701774871785,0.0514301702439726,0.0563560945310536,primary,SIGA-S,0.1872294203579886,"5 factors, 400 p=.80"
25,5cf7a7df24bc86685476,5,400,binary,0.8,superiority_power,first_factor,unadjusted,original_R_normal,4999,5,6.122824695123155e-05,6.001317610791299e-05,6.352702531664444e-05,2.955554572248606e-05,2.508876833016984,10000,0.1020470782520525,0.143861692135669,0.0520193217088216,0.0569452459959026,primary,SIGA-R,0.1931209350064791,"5 factors, 400 p=.80"
25,5cf7a7df24bc86685476,5,400,binary,0.8,superiority_power,first_factor,unadjusted,refined_R_normal,4999,5,0.0001011876177778,9.814542490251673e-05,0.0001023987967346,2.955554572248606e-05,2.508876833016984,10000,0.1686460296298073,0.2104606435134237,0.0586792168465971,0.0636051411336781,primary,SIGA-R,0.2597198863840931,"5 factors, 400 p=.80"
25,5cf7a7df24bc86685476,5,400,binary,0.8,superiority_power,first_factor,unadjusted,original_CRT_data,4999,5,0.0263264916700427,0.026277925419854,0.0270231433300068,2.955554572248606e-05,2.508876833016984,10000,43.87748611673791,43.91930073062152,4.4295632255574064,4.434489149844487,primary,CRT,43.968559973492255,"5 factors, 400 p=.80"
25,5cf7a7df24bc86685476,5,400,binary,0.8,superiority_power,first_factor,unadjusted,refined_CRT_data,4999,5,0.0263408883300144,0.0263191291701514,0.02801641500002,2.955554572248606e-05,2.508876833016984,10000,43.90148055002404,43.943295163907656,4.43196266888602,4.436888593173101,primary,CRT,43.99255440677843,"5 factors, 400 p=.80"
25,5cf7a7df24bc86685476,5,400,binary,0.8,superiority_power,first_factor,adjusted,RT,4999,5,0.0262550187500892,0.026209015409986,0.0278654891598853,6.14175025750083e-05,0.0,10000,43.75836458348204,43.75836458348204,4.375836458348204,4.386072708777371,primary,RT,43.86072708777368,"5 factors, 400 p=.80"
25,5cf7a7df24bc86685476,5,400,binary,0.8,superiority_power,first_factor,adjusted,original_S_normal,4999,5,1.6121231207429863e-05,1.5651090892253325e-05,1.633276169628534e-05,6.14175025750083e-05,2.508876833016984,10000,0.0268687186790497,0.0686833325626661,0.0445014857515213,0.0547377361806894,primary,SIGA-S,0.1710458368543466,"5 factors, 400 p=.80"
25,5cf7a7df24bc86685476,5,400,binary,0.8,superiority_power,first_factor,adjusted,refined_S_normal,4999,5,5.736961668590084e-05,5.6551789095701577e-05,5.855567251401545e-05,6.14175025750083e-05,2.508876833016984,10000,0.0956160278098347,0.1374306416934511,0.0513762166645998,0.0616124670937679,primary,SIGA-S,0.2397931459851316,"5 factors, 400 p=.80"
25,5cf7a7df24bc86685476,5,400,binary,0.8,superiority_power,first_factor,adjusted,original_R_normal,4999,5,6.315648848990436e-05,6.08377575761441e-05,6.381412687938316e-05,6.14175025750083e-05,2.508876833016984,10000,0.1052608141498405,0.147075428033457,0.0523406952986004,0.0625769457277685,primary,SIGA-R,0.2494379323251374,"5 factors, 400 p=.80"
25,5cf7a7df24bc86685476,5,400,binary,0.8,superiority_power,first_factor,adjusted,refined_R_normal,4999,5,0.0001032883161858,0.0001012524537391,0.0001047895963529,6.14175025750083e-05,2.508876833016984,10000,0.1721471936431556,0.213961807526772,0.0590293332479319,0.0692655836771,primary,SIGA-R,0.3163243118182969,"5 factors, 400 p=.80"
25,5cf7a7df24bc86685476,5,400,binary,0.8,superiority_power,first_factor,adjusted,original_CRT_data,4999,5,0.0263089312499505,0.0262650429201312,0.0276942770800087,6.14175025750083e-05,2.508876833016984,10000,43.84821874991758,43.8900333638012,4.426636488875374,4.436872739304542,primary,CRT,43.99239586809279,"5 factors, 400 p=.80"
25,5cf7a7df24bc86685476,5,400,binary,0.8,superiority_power,first_factor,adjusted,refined_CRT_data,4999,5,0.0263387008299469,0.0262821370901656,0.0263801762502407,6.14175025750083e-05,2.508876833016984,10000,43.89783471657817,43.93964933046178,4.431598085541434,4.441834335970601,primary,CRT,44.04201183475346,"5 factors, 400 p=.80"
4,785a742969e47aa00342,2,1000,continuous,0.8,superiority_null,first_factor,unadjusted,RT,4999,5,0.0601154145901091,0.0600923333299579,0.0601624337499379,4.296317772516109e-05,0.0,100000,100.1923576501819,100.1923576501819,100.1923576501819,100.26396294639048,additional,RT,100.26396294639044,"2 factors, 1000"
4,785a742969e47aa00342,2,1000,continuous,0.8,superiority_null,first_factor,unadjusted,original_S_normal,4999,5,1.7811582882364953e-05,1.7390455728774316e-05,1.7881446428613603e-05,4.296317772516109e-05,4.969959167006891,100000,0.0296859714706082,0.1125186242540564,0.1125186242540564,0.1841239204626582,additional,SIGA-S,0.1841239204626582,"2 factors, 1000"
4,785a742969e47aa00342,2,1000,continuous,0.8,superiority_null,first_factor,unadjusted,refined_S_normal,4999,5,4.8252718364752725e-05,4.753421999925695e-05,4.864691339887552e-05,4.296317772516109e-05,4.969959167006891,100000,0.0804211972745878,0.163253850058036,0.163253850058036,0.2348591462666379,additional,SIGA-S,0.2348591462666379,"2 factors, 1000"
4,785a742969e47aa00342,2,1000,continuous,0.8,superiority_null,first_factor,unadjusted,original_R_normal,4999,5,8.065079637162854e-05,8.038732000160962e-05,8.099457322509073e-05,4.296317772516109e-05,4.969959167006891,100000,0.1344179939527142,0.2172506467361624,0.2172506467361624,0.2888559429447642,additional,SIGA-R,0.2888559429447642,"2 factors, 1000"
4,785a742969e47aa00342,2,1000,continuous,0.8,superiority_null,first_factor,unadjusted,refined_R_normal,4999,5,0.0001080683153748,0.0001078910529031,0.0001082992204277,4.296317772516109e-05,4.969959167006891,100000,0.180113858958092,0.2629465117415402,0.2629465117415402,0.334551807950142,additional,SIGA-R,0.3345518079500499,"2 factors, 1000"
4,785a742969e47aa00342,2,1000,continuous,0.8,superiority_null,first_factor,unadjusted,original_CRT_data,4999,5,0.0602352779201464,0.0602014829101972,0.0602841579102096,4.296317772516109e-05,4.969959167006891,100000,100.3921298669108,100.47496251969424,100.47496251969424,100.54656781590285,additional,CRT,100.54656781590272,"2 factors, 1000"
4,785a742969e47aa00342,2,1000,continuous,0.8,superiority_null,first_factor,unadjusted,refined_CRT_data,4999,5,0.060238491249911,0.0601686816700385,0.0602931225000065,4.296317772516109e-05,4.969959167006891,100000,100.39748541651836,100.48031806930182,100.48031806930182,100.55192336551042,additional,CRT,100.5519233655104,"2 factors, 1000"
4,785a742969e47aa00342,2,1000,continuous,0.8,superiority_null,first_factor,adjusted,RT,4999,5,0.0612936979200458,0.0601360124998609,0.0648950020800111,8.1459220813027e-05,0.0,100000,102.15616320007636,102.15616320007636,102.15616320007636,102.29192856809809,additional,RT,102.29192856809804,"2 factors, 1000"
4,785a742969e47aa00342,2,1000,continuous,0.8,superiority_null,first_factor,adjusted,original_S_normal,4999,5,1.775645168439538e-05,1.7001743786450452e-05,1.783598707700414e-05,8.1459220813027e-05,4.969959167006891,100000,0.0295940861406589,0.1124267389241071,0.1124267389241071,0.2481921069458188,additional,SIGA-S,0.2481921069458188,"2 factors, 1000"
4,785a742969e47aa00342,2,1000,continuous,0.8,superiority_null,first_factor,adjusted,refined_S_normal,4999,5,4.8193513654181374e-05,4.806818779776292e-05,4.84632206282124e-05,8.1459220813027e-05,4.969959167006891,100000,0.0803225227569689,0.1631551755404171,0.1631551755404171,0.2989205435621287,additional,SIGA-S,0.2989205435621287,"2 factors, 1000"
4,785a742969e47aa00342,2,1000,continuous,0.8,superiority_null,first_factor,adjusted,original_R_normal,4999,5,8.120077959780071e-05,8.074817201685941e-05,8.305997933859529e-05,8.1459220813027e-05,4.969959167006891,100000,0.1353346326630012,0.2181672854464493,0.2181672854464493,0.353932653468161,additional,SIGA-R,0.353932653468161,"2 factors, 1000"
4,785a742969e47aa00342,2,1000,continuous,0.8,superiority_null,first_factor,adjusted,refined_R_normal,4999,5,0.0001092421739145,0.0001078211738707,0.0001194550347593,8.1459220813027e-05,4.969959167006891,100000,0.1820702898576332,0.2649029426410814,0.2649029426410814,0.400668310662793,additional,SIGA-R,0.4006683106626598,"2 factors, 1000"
4,785a742969e47aa00342,2,1000,continuous,0.8,superiority_null,first_factor,adjusted,original_CRT_data,4999,5,0.0639766658301232,0.0600969545799307,0.065686438329867,8.1459220813027e-05,4.969959167006891,100000,106.62777638353872,106.71060903632218,106.71060903632218,106.84637440434388,additional,CRT,106.84637440434382,"2 factors, 1000"
4,785a742969e47aa00342,2,1000,continuous,0.8,superiority_null,first_factor,adjusted,refined_CRT_data,4999,5,0.0622353483401821,0.0602466929098591,0.0636327758300467,8.1459220813027e-05,4.969959167006891,100000,103.72558056697017,103.80841321975362,103.80841321975362,103.94417858777533,additional,CRT,103.94417858777533,"2 factors, 1000"
5,e4f6d83fe5899c2391a6,2,1000,continuous,0.8,superiority_power,first_factor,unadjusted,RT,4999,5,0.0640212012498523,0.0589581354201072,0.0661008062501787,4.167598091711018e-05,0.0,10000,106.70200208308717,106.70200208308717,10.67020020830872,10.677146205128237,additional,RT,106.77146205128236,"2 factors, 1000"
5,e4f6d83fe5899c2391a6,2,1000,continuous,0.8,superiority_power,first_factor,unadjusted,original_S_normal,4999,5,1.7354828855841933e-05,1.700890802734351e-05,1.7453374048669775e-05,4.167598091711018e-05,4.969959167006891,10000,0.0289247147597365,0.1117573675431847,0.0857251242594218,0.0926711210789402,additional,SIGA-S,0.1812173357383683,"2 factors, 1000"
5,e4f6d83fe5899c2391a6,2,1000,continuous,0.8,superiority_power,first_factor,unadjusted,refined_S_normal,4999,5,4.759296800933504e-05,4.5839689863892485e-05,4.839973029025925e-05,4.167598091711018e-05,4.969959167006891,10000,0.0793216133488917,0.1621542661323399,0.0907648141183373,0.0977108109378557,additional,SIGA-S,0.2316142343275235,"2 factors, 1000"
5,e4f6d83fe5899c2391a6,2,1000,continuous,0.8,superiority_power,first_factor,unadjusted,original_R_normal,4999,5,8.092777887096388e-05,7.86959472657145e-05,8.518821330715397e-05,4.167598091711018e-05,4.969959167006891,10000,0.1348796314516064,0.2177122842350546,0.0963206159286088,0.1032666127481271,additional,SIGA-R,0.2871722524302382,"2 factors, 1000"
5,e4f6d83fe5899c2391a6,2,1000,continuous,0.8,superiority_power,first_factor,unadjusted,refined_R_normal,4999,5,0.0001080457526897,0.0001055838289474,0.000114728134431,4.167598091711018e-05,4.969959167006891,10000,0.1800762544829218,0.26290890726637,0.1008402782317403,0.1077862750512587,additional,SIGA-R,0.3323688754614651,"2 factors, 1000"
5,e4f6d83fe5899c2391a6,2,1000,continuous,0.8,superiority_power,first_factor,unadjusted,original_CRT_data,4999,5,0.0589874579198658,0.0589832579198991,0.0626756245899014,4.167598091711018e-05,4.969959167006891,10000,98.31242986644308,98.39526251922652,9.914075639427756,9.921021636247271,additional,CRT,98.46472248742162,"2 factors, 1000"
5,e4f6d83fe5899c2391a6,2,1000,continuous,0.8,superiority_power,first_factor,unadjusted,refined_CRT_data,4999,5,0.0634018237498821,0.0620161487499717,0.0656956883301609,4.167598091711018e-05,4.969959167006891,10000,105.6697062498036,105.75253890258706,10.64980327776381,10.656749274583328,additional,CRT,105.82199887078214,"2 factors, 1000"
5,e4f6d83fe5899c2391a6,2,1000,continuous,0.8,superiority_power,first_factor,adjusted,RT,4999,5,0.0591031375000602,0.0587098558299476,0.0624943916598567,7.944480817449013e-05,0.0,10000,98.5052291667671,98.5052291667671,9.85052291667671,9.863763718039126,additional,RT,98.63763718039117,"2 factors, 1000"
5,e4f6d83fe5899c2391a6,2,1000,continuous,0.8,superiority_power,first_factor,adjusted,original_S_normal,4999,5,1.7560795315627108e-05,1.750791592623589e-05,1.7952199820967353e-05,7.944480817449013e-05,4.969959167006891,10000,0.0292679921927118,0.11210064497616,0.0857594520027193,0.0990002533651343,additional,SIGA-S,0.2445086586003102,"2 factors, 1000"
5,e4f6d83fe5899c2391a6,2,1000,continuous,0.8,superiority_power,first_factor,adjusted,refined_S_normal,4999,5,4.796995617322285e-05,4.707432704121793e-05,4.882161380444858e-05,7.944480817449013e-05,4.969959167006891,10000,0.0799499269553714,0.1627825797388196,0.0908276454789853,0.1040684468414003,additional,SIGA-S,0.2951905933629699,"2 factors, 1000"
5,e4f6d83fe5899c2391a6,2,1000,continuous,0.8,superiority_power,first_factor,adjusted,original_R_normal,4999,5,8.097128693583316e-05,7.853591140474236e-05,8.794846851072324e-05,7.944480817449013e-05,4.969959167006891,10000,0.1349521448930552,0.2177847976765034,0.0963278672727537,0.1095686686351687,additional,SIGA-R,0.3501928113006537,"2 factors, 1000"
5,e4f6d83fe5899c2391a6,2,1000,continuous,0.8,superiority_power,first_factor,adjusted,refined_R_normal,4999,5,0.0001080205690294,0.0001048054210392,0.0001187748382354,7.944480817449013e-05,4.969959167006891,10000,0.1800342817157824,0.2628669344992306,0.1008360809550264,0.1140768823174414,additional,SIGA-R,0.3952749481232651,"2 factors, 1000"
5,e4f6d83fe5899c2391a6,2,1000,continuous,0.8,superiority_power,first_factor,adjusted,original_CRT_data,4999,5,0.0599498412499087,0.0582488537498284,0.0627069987502181,7.944480817449013e-05,4.969959167006891,10000,99.91640208318132,99.99923473596476,10.07447286110158,10.087713662463994,additional,CRT,100.13164274958876,"2 factors, 1000"
5,e4f6d83fe5899c2391a6,2,1000,continuous,0.8,superiority_power,first_factor,adjusted,refined_CRT_data,4999,5,0.0638916262498241,0.0622880025001359,0.0658200770898838,7.944480817449013e-05,4.969959167006891,10000,106.48604374970698,106.56887640249042,10.731437027754144,10.74467782911656,additional,CRT,106.70128441611442,"2 factors, 1000"
8,f687cd66743b4adf626e,5,2000,continuous,0.8,superiority_null,first_factor,unadjusted,RT,4999,5,0.1348759608398541,0.1233412116699037,0.1408766950000426,4.726256683874076e-05,0.0,100000,224.79326806642348,224.79326806642348,224.79326806642348,224.87203901115475,additional,RT,224.87203901115475,"5 factors, 2000"
8,f687cd66743b4adf626e,5,2000,continuous,0.8,superiority_null,first_factor,unadjusted,original_S_normal,4999,5,2.086493489575029e-05,2.022149327276933e-05,2.111357506335112e-05,4.726256683874076e-05,12.376985500013689,100000,0.0347748914929171,0.2410579831598119,0.2410579831598119,0.3198289278910465,additional,SIGA-S,0.3198289278910465,"5 factors, 2000"
8,f687cd66743b4adf626e,5,2000,continuous,0.8,superiority_null,first_factor,unadjusted,refined_S_normal,4999,5,6.306622899283871e-05,6.118481707256628e-05,6.382051751515858e-05,4.726256683874076e-05,12.376985500013689,100000,0.1051103816547311,0.311393473321626,0.311393473321626,0.3901644180528605,additional,SIGA-S,0.3901644180528606,"5 factors, 2000"
8,f687cd66743b4adf626e,5,2000,continuous,0.8,superiority_null,first_factor,unadjusted,original_R_normal,4999,5,0.0001223588617065,0.0001136014513472,0.0001311022997418,4.726256683874076e-05,12.376985500013689,100000,0.20393143617761,0.4102145278445048,0.4102145278445048,0.4889854725757395,additional,SIGA-R,0.4889854725756294,"5 factors, 2000"
8,f687cd66743b4adf626e,5,2000,continuous,0.8,superiority_null,first_factor,unadjusted,refined_R_normal,4999,5,0.0001614786156466,0.0001600748677747,0.0001705109110147,4.726256683874076e-05,12.376985500013689,100000,0.2691310260777226,0.4754141177446174,0.4754141177446174,0.554185062475852,additional,SIGA-R,0.554185062475796,"5 factors, 2000"
8,f687cd66743b4adf626e,5,2000,continuous,0.8,superiority_null,first_factor,unadjusted,original_CRT_data,4999,5,0.1369796033302555,0.1328529766699648,0.1433702791700488,4.726256683874076e-05,12.376985500013689,100000,228.2993388837592,228.50562197542604,228.50562197542604,228.58439292015728,additional,CRT,228.58439292015728,"5 factors, 2000"
8,f687cd66743b4adf626e,5,2000,continuous,0.8,superiority_null,first_factor,unadjusted,refined_CRT_data,4999,5,0.1352748033302487,0.1232935358400573,0.1375563733300077,4.726256683874076e-05,12.376985500013689,100000,225.45800555041447,225.66428864208137,225.66428864208137,225.74305958681265,additional,CRT,225.74305958681265,"5 factors, 2000"
8,f687cd66743b4adf626e,5,2000,continuous,0.8,superiority_null,first_factor,adjusted,RT,4999,5,0.1235461954202037,0.121778422909847,0.1248818229101016,0.0001600602646044,0.0,100000,205.9103257003396,205.9103257003396,205.9103257003396,206.1770928080136,additional,RT,206.1770928080135,"5 factors, 2000"
8,f687cd66743b4adf626e,5,2000,continuous,0.8,superiority_null,first_factor,adjusted,original_S_normal,4999,5,2.107302631606887e-05,2.004133350715575e-05,2.1603692397269063e-05,0.0001600602646044,12.376985500013689,100000,0.0351217105267814,0.2414048021936762,0.2414048021936762,0.5081719098677053,additional,SIGA-S,0.5081719098676764,"5 factors, 2000"
8,f687cd66743b4adf626e,5,2000,continuous,0.8,superiority_null,first_factor,adjusted,refined_S_normal,4999,5,6.35900289885688e-05,6.144319527583951e-05,6.394989388678994e-05,0.0001600602646044,12.376985500013689,100000,0.1059833816476146,0.3122664733145094,0.3122664733145094,0.5790335809885385,additional,SIGA-S,0.5790335809885095,"5 factors, 2000"
8,f687cd66743b4adf626e,5,2000,continuous,0.8,superiority_null,first_factor,adjusted,original_R_normal,4999,5,0.0001143167661377,0.0001141544460221,0.0001153172079297,0.0001600602646044,12.376985500013689,100000,0.1905279435628802,0.396811035229775,0.396811035229775,0.6635781429038041,additional,SIGA-R,0.6635781429037283,"5 factors, 2000"
8,f687cd66743b4adf626e,5,2000,continuous,0.8,superiority_null,first_factor,adjusted,refined_R_normal,4999,5,0.000163028326614,0.0001491734620589,0.0001635448185486,0.0001600602646044,12.376985500013689,100000,0.2717138776901148,0.4779969693570096,0.4779969693570096,0.7447640770310388,additional,SIGA-R,0.7447640770308949,"5 factors, 2000"
8,f687cd66743b4adf626e,5,2000,continuous,0.8,superiority_null,first_factor,adjusted,original_CRT_data,4999,5,0.1229186462500365,0.1213385962499887,0.1233405483400565,0.0001600602646044,12.376985500013689,100000,204.8644104167276,205.07069350839447,205.07069350839447,205.33746061606848,additional,CRT,205.3374606160684,"5 factors, 2000"
8,f687cd66743b4adf626e,5,2000,continuous,0.8,superiority_null,first_factor,adjusted,refined_CRT_data,4999,5,0.1224489108298439,0.1216485404100967,0.1234512300000642,0.0001600602646044,12.376985500013689,100000,204.0815180497399,204.2878011414068,204.2878011414068,204.5545682490809,additional,CRT,204.55456824908072,"5 factors, 2000"
9,17431ebc449c2d76da55,5,2000,continuous,0.8,superiority_power,first_factor,unadjusted,RT,4999,5,0.1223648500000126,0.1209674712497508,0.1226653045899001,4.619168972383008e-05,0.0,10000,203.9414166666878,203.9414166666878,20.394141666668776,20.40184028162275,additional,RT,204.0184028162274,"5 factors, 2000"
9,17431ebc449c2d76da55,5,2000,continuous,0.8,superiority_power,first_factor,unadjusted,original_S_normal,4999,5,2.1122611624646524e-05,2.0636997422678684e-05,2.1150484503306896e-05,4.619168972383008e-05,12.376985500013689,10000,0.0352043527077442,0.241487444374639,0.2098035269376692,0.2175021418916409,additional,SIGA-S,0.3184735939143558,"5 factors, 2000"
9,17431ebc449c2d76da55,5,2000,continuous,0.8,superiority_power,first_factor,unadjusted,refined_S_normal,4999,5,6.332666405013916e-05,6.217537012337331e-05,6.396658707092736e-05,4.619168972383008e-05,12.376985500013689,10000,0.1055444400835652,0.3118275317504601,0.2168375356752513,0.224536150629223,additional,SIGA-S,0.3888136812901769,"5 factors, 2000"
9,17431ebc449c2d76da55,5,2000,continuous,0.8,superiority_power,first_factor,unadjusted,original_R_normal,4999,5,0.0001143776752294,0.0001135743165184,0.00011485640159,4.619168972383008e-05,12.376985500013689,10000,0.1906294587156894,0.3969125503825842,0.2253460375384637,0.2330446524924354,additional,SIGA-R,0.4738986999222783,"5 factors, 2000"
9,17431ebc449c2d76da55,5,2000,continuous,0.8,superiority_power,first_factor,unadjusted,refined_R_normal,4999,5,0.0001621902151636,0.0001612816533371,0.0001632244019363,4.619168972383008e-05,12.376985500013689,10000,0.2703170252726688,0.4766001169395636,0.2333147941941616,0.2410134091481333,additional,SIGA-R,0.5535862664792783,"5 factors, 2000"
9,17431ebc449c2d76da55,5,2000,continuous,0.8,superiority_power,first_factor,unadjusted,original_CRT_data,4999,5,0.1222850633299094,0.1218064775000675,0.1231450137498905,4.619168972383008e-05,12.376985500013689,10000,203.80843888318245,204.01472197484927,20.58712697998514,20.59482559493911,additional,CRT,204.09170812438896,"5 factors, 2000"
9,17431ebc449c2d76da55,5,2000,continuous,0.8,superiority_power,first_factor,unadjusted,refined_CRT_data,4999,5,0.1227181075001135,0.121887880420254,0.1281292712502181,4.619168972383008e-05,12.376985500013689,10000,204.5301791668559,204.7364622585228,20.65930100835249,20.66699962330646,additional,CRT,204.81344840806244,"5 factors, 2000"
9,17431ebc449c2d76da55,5,2000,continuous,0.8,superiority_power,first_factor,adjusted,RT,4999,5,0.1219381845902535,0.1213066129098297,0.1224404691701056,0.0001621287500001,0.0,10000,203.23030765042253,203.23030765042253,20.32303076504225,20.35005222337561,additional,RT,203.500522233756,"5 factors, 2000"
9,17431ebc449c2d76da55,5,2000,continuous,0.8,superiority_power,first_factor,adjusted,original_S_normal,4999,5,2.099939727478717e-05,2.080330646595881e-05,2.1202629766899543e-05,0.0001621287500001,12.376985500013689,10000,0.0349989954579786,0.2412820871248734,0.2097829912126926,0.2368044495460483,additional,SIGA-S,0.5114966704583734,"5 factors, 2000"
9,17431ebc449c2d76da55,5,2000,continuous,0.8,superiority_power,first_factor,adjusted,refined_S_normal,4999,5,6.349916139409783e-05,6.339366031630861e-05,6.425717685861179e-05,0.0001621287500001,12.376985500013689,10000,0.1058319356568297,0.3121150273237245,0.2168662852325777,0.2438877435659334,additional,SIGA-S,0.5823296106572246,"5 factors, 2000"
9,17431ebc449c2d76da55,5,2000,continuous,0.8,superiority_power,first_factor,adjusted,original_R_normal,4999,5,0.0001144926752253,0.0001137833760235,0.0001153280459787,0.0001621287500001,12.376985500013689,10000,0.1908211253755849,0.3971042170424797,0.2253652042044533,0.2523866625378089,additional,SIGA-R,0.6673188003758947,"5 factors, 2000"
9,17431ebc449c2d76da55,5,2000,continuous,0.8,superiority_power,first_factor,adjusted,refined_R_normal,4999,5,0.0001637160282294,0.0001619010483855,0.0001645499180342,0.0001621287500001,12.376985500013689,10000,0.2728600470491269,0.4791431387160217,0.2335690963718075,0.2605905547051632,additional,SIGA-R,0.7493577220493948,"5 factors, 2000"
9,17431ebc449c2d76da55,5,2000,continuous,0.8,superiority_power,first_factor,adjusted,original_CRT_data,4999,5,0.1219273099998827,0.1213198483298765,0.1222211254198919,0.0001621287500001,12.376985500013689,10000,203.21218333313783,203.4184664248048,20.52750142498068,20.554522883314032,additional,CRT,203.68868100813825,"5 factors, 2000"
9,17431ebc449c2d76da55,5,2000,continuous,0.8,superiority_power,first_factor,adjusted,refined_CRT_data,4999,5,0.1224702462501591,0.1210773020799388,0.1234909387500374,0.0001621287500001,12.376985500013689,10000,204.1170770835985,204.3233601752654,20.617990800026742,20.6450122583601,additional,CRT,204.5935747585989,"5 factors, 2000"
12,f39f01ae5cfde42c534f,5,400,continuous,0.95,superiority_null,zero,unadjusted,RT,4999,5,0.025674497919972,0.0255898795800749,0.0257487337500788,2.728271798426742e-05,0.0,100000,42.79082986662009,42.79082986662009,42.79082986662009,42.836301063260535,additional,RT,42.83630106326044,"5 factors, 400 p=.95"
12,f39f01ae5cfde42c534f,5,400,continuous,0.95,superiority_null,zero,unadjusted,original_S_normal,4999,5,1.595395068577498e-05,1.548459623823513e-05,1.6113713768163873e-05,2.728271798426742e-05,2.510226833022898,100000,0.0265899178096249,0.0684270316933399,0.0684270316933399,0.1138982283337856,additional,SIGA-S,0.1138982283337856,"5 factors, 400 p=.95"
12,f39f01ae5cfde42c534f,5,400,continuous,0.95,superiority_null,zero,unadjusted,refined_S_normal,4999,5,5.607208329566374e-05,5.570226388873481e-05,5.672005175035394e-05,2.728271798426742e-05,2.510226833022898,100000,0.0934534721594395,0.1352905860431545,0.1352905860431545,0.1807617826836002,additional,SIGA-S,0.1807617826836002,"5 factors, 400 p=.95"
12,f39f01ae5cfde42c534f,5,400,continuous,0.95,superiority_null,zero,unadjusted,original_R_normal,4999,5,6.270811200010939e-05,5.806316711100066e-05,6.322697855483846e-05,2.728271798426742e-05,2.510226833022898,100000,0.1045135200001823,0.1463506338838973,0.1463506338838973,0.1918218305243429,additional,SIGA-R,0.1918218305243429,"5 factors, 400 p=.95"
12,f39f01ae5cfde42c534f,5,400,continuous,0.95,superiority_null,zero,unadjusted,refined_R_normal,4999,5,9.54022062859232e-05,9.44356997178885e-05,9.572377771560458e-05,2.728271798426742e-05,2.510226833022898,100000,0.1590036771432053,0.2008407910269203,0.2008407910269203,0.246311987667366,additional,SIGA-R,0.246311987667366,"5 factors, 400 p=.95"
12,f39f01ae5cfde42c534f,5,400,continuous,0.95,superiority_null,zero,unadjusted,original_CRT_data,4999,5,0.0256885849998798,0.0256574858300155,0.0258553904198925,2.728271798426742e-05,2.510226833022898,100000,42.81430833313304,42.85614544701675,42.85614544701675,42.9016166436572,additional,CRT,42.90161664365716,"5 factors, 400 p=.95"
12,f39f01ae5cfde42c534f,5,400,continuous,0.95,superiority_null,zero,unadjusted,refined_CRT_data,4999,5,0.0256871716599562,0.0256115008398774,0.0259373895797762,2.728271798426742e-05,2.510226833022898,100000,42.8119527665937,42.85378988047741,42.85378988047741,42.89926107711786,additional,CRT,42.89926107711782,"5 factors, 400 p=.95"
12,f39f01ae5cfde42c534f,5,400,continuous,0.95,superiority_null,zero,adjusted,RT,4999,5,0.0255047225000453,0.0253182808301062,0.0257512845800374,5.7921710000521466e-05,0.0,100000,42.50787083340887,42.50787083340887,42.50787083340887,42.60440701674307,additional,RT,42.60440701674304,"5 factors, 400 p=.95"
12,f39f01ae5cfde42c534f,5,400,continuous,0.95,superiority_null,zero,adjusted,original_S_normal,4999,5,1.6410550557279227e-05,1.59830271563762e-05,1.6664307404304863e-05,5.7921710000521466e-05,2.510226833022898,100000,0.0273509175954653,0.0691880314791803,0.0691880314791803,0.1657242148133828,additional,SIGA-S,0.1657242148133828,"5 factors, 400 p=.95"
12,f39f01ae5cfde42c534f,5,400,continuous,0.95,superiority_null,zero,adjusted,refined_S_normal,4999,5,5.6633822937919576e-05,5.610905256962623e-05,5.7380638115241057e-05,5.7921710000521466e-05,2.510226833022898,100000,0.0943897048965326,0.1362268187802476,0.1362268187802476,0.23276300211445,additional,SIGA-S,0.23276300211445,"5 factors, 400 p=.95"
12,f39f01ae5cfde42c534f,5,400,continuous,0.95,superiority_null,zero,adjusted,original_R_normal,4999,5,6.321549006304323e-05,6.262370312470012e-05,6.427132749918085e-05,5.7921710000521466e-05,2.510226833022898,100000,0.105359150105072,0.147196263988787,0.147196263988787,0.2437324473229894,additional,SIGA-R,0.2437324473229894,"5 factors, 400 p=.95"
12,f39f01ae5cfde42c534f,5,400,continuous,0.95,superiority_null,zero,adjusted,refined_R_normal,4999,5,9.813086597954252e-05,9.51093357558283e-05,0.0001030626020403,5.7921710000521466e-05,2.510226833022898,100000,0.1635514432992375,0.2053885571829524,0.2053885571829524,0.3019247405171549,additional,SIGA-R,0.3019247405171549,"5 factors, 400 p=.95"
12,f39f01ae5cfde42c534f,5,400,continuous,0.95,superiority_null,zero,adjusted,original_CRT_data,4999,5,0.0256168108299607,0.0254480037500616,0.0257442666598944,5.7921710000521466e-05,2.510226833022898,100000,42.69468471660124,42.73652183048495,42.73652183048495,42.83305801381916,additional,CRT,42.83305801381909,"5 factors, 400 p=.95"
12,f39f01ae5cfde42c534f,5,400,continuous,0.95,superiority_null,zero,adjusted,refined_CRT_data,4999,5,0.0255645441601518,0.0255035674999817,0.0258430991700151,5.7921710000521466e-05,2.510226833022898,100000,42.60757360025309,42.649410714136806,42.649410714136806,42.74594689747101,additional,CRT,42.74594689747092,"5 factors, 400 p=.95"
13,d8bb31d506f67c62d819,5,400,continuous,0.95,superiority_power,zero,unadjusted,RT,4999,5,0.0253629924997221,0.0252642920799553,0.0256529004199546,2.787735376086781e-05,0.0,10000,42.27165416620361,42.27165416620361,4.227165416620362,4.231811642247172,additional,RT,42.31811642247161,"5 factors, 400 p=.95"
13,d8bb31d506f67c62d819,5,400,continuous,0.95,superiority_power,zero,unadjusted,original_S_normal,4999,5,1.6072366901831834e-05,1.5995939153048713e-05,1.6401696032710893e-05,2.787735376086781e-05,2.510226833022898,10000,0.0267872781697197,0.0686243920534347,0.0445158417006869,0.0491620673274982,additional,SIGA-S,0.1150866483215477,"5 factors, 400 p=.95"
13,d8bb31d506f67c62d819,5,400,continuous,0.95,superiority_power,zero,unadjusted,refined_S_normal,4999,5,5.677864644123968e-05,5.6590334236711305e-05,5.8158478720944784e-05,2.787735376086781e-05,2.510226833022898,10000,0.0946310774020661,0.1364681912857811,0.0513002216239215,0.0559464472507328,additional,SIGA-S,0.1829304475538941,"5 factors, 400 p=.95"
13,d8bb31d506f67c62d819,5,400,continuous,0.95,superiority_power,zero,unadjusted,original_R_normal,4999,5,6.354071734262382e-05,5.953674351206116e-05,6.369577490525901e-05,2.787735376086781e-05,2.510226833022898,10000,0.1059011955710397,0.1477383094547547,0.0524272334408189,0.0570734590676302,additional,SIGA-R,0.1942005657228677,"5 factors, 400 p=.95"
13,d8bb31d506f67c62d819,5,400,continuous,0.95,superiority_power,zero,unadjusted,refined_R_normal,4999,5,9.814455068622278e-05,9.698286057615544e-05,0.000101915370406,2.787735376086781e-05,2.510226833022898,10000,0.1635742511437046,0.2054113650274196,0.0581945389980854,0.0628407646248967,additional,SIGA-R,0.2518736212955326,"5 factors, 400 p=.95"
13,d8bb31d506f67c62d819,5,400,continuous,0.95,superiority_power,zero,unadjusted,original_CRT_data,4999,5,0.0254270429100142,0.0252129729202715,0.0255719408299773,2.787735376086781e-05,2.510226833022898,10000,42.3784048500238,42.42024196390752,4.279677598886095,4.2843238245129065,additional,CRT,42.46670422017549,"5 factors, 400 p=.95"
13,d8bb31d506f67c62d819,5,400,continuous,0.95,superiority_power,zero,unadjusted,refined_CRT_data,4999,5,0.0254947900000843,0.0252755374999833,0.0256555341702187,2.787735376086781e-05,2.510226833022898,10000,42.4913166668072,42.53315378069092,4.290968780564436,4.295615006191246,additional,CRT,42.579616036959,"5 factors, 400 p=.95"
13,d8bb31d506f67c62d819,5,400,continuous,0.95,superiority_power,zero,adjusted,RT,4999,5,0.0255659866699716,0.025387553750188,0.0257374970801174,5.765523471141598e-05,0.0,10000,42.60997778328601,42.60997778328601,4.260997778328601,4.270606984113837,additional,RT,42.706069841138365,"5 factors, 400 p=.95"
13,d8bb31d506f67c62d819,5,400,continuous,0.95,superiority_power,zero,adjusted,original_S_normal,4999,5,1.624256696420882e-05,1.617869279484275e-05,1.682965616850151e-05,5.765523471141598e-05,2.510226833022898,10000,0.027070944940348,0.0689080588240629,0.0445442083777497,0.0541534141629857,additional,SIGA-S,0.1650001166764229,"5 factors, 400 p=.95"
13,d8bb31d506f67c62d819,5,400,continuous,0.95,superiority_power,zero,adjusted,refined_S_normal,4999,5,5.665829564848557e-05,5.650915485829125e-05,5.714730714348012e-05,5.765523471141598e-05,2.510226833022898,10000,0.0944304927474759,0.1362676066311909,0.0512801631584625,0.0608893689436985,additional,SIGA-S,0.2323596644835509,"5 factors, 400 p=.95"
13,d8bb31d506f67c62d819,5,400,continuous,0.95,superiority_power,zero,adjusted,original_R_normal,4999,5,6.30654874217474e-05,5.989090529640504e-05,6.414149570516132e-05,5.765523471141598e-05,2.510226833022898,10000,0.1051091457029123,0.1469462595866273,0.0523480284540062,0.0619572342392421,additional,SIGA-R,0.2430383174389872,"5 factors, 400 p=.95"
13,d8bb31d506f67c62d819,5,400,continuous,0.95,superiority_power,zero,adjusted,refined_R_normal,4999,5,9.747905747397594e-05,9.614698409513082e-05,0.000100790562501,5.765523471141598e-05,2.510226833022898,10000,0.1624650957899599,0.2043022096736748,0.0580836234627109,0.0676928292479469,additional,SIGA-R,0.3003942675260349,"5 factors, 400 p=.95"
13,d8bb31d506f67c62d819,5,400,continuous,0.95,superiority_power,zero,adjusted,original_CRT_data,4999,5,0.0255795975000364,0.0254960762499831,0.0257387299998663,5.765523471141598e-05,2.510226833022898,10000,42.63266250006078,42.6744996139445,4.305103363889794,4.314712569675029,additional,CRT,42.77059167179674,"5 factors, 400 p=.95"
13,d8bb31d506f67c62d819,5,400,continuous,0.95,superiority_power,zero,adjusted,refined_CRT_data,4999,5,0.025779772910173,0.0254233420800301,0.0258733208398916,5.765523471141598e-05,2.510226833022898,10000,42.96628818362175,43.008125297505465,4.3384659322458905,4.348075138031126,additional,CRT,43.10421735535774,"5 factors, 400 p=.95"
14,1522ed2ed621e75e8d2c,5,400,continuous,0.95,superiority_null,first_factor,unadjusted,RT,4999,5,0.0256339987501269,0.0255727541600936,0.0265966120900702,2.71500180483932e-05,0.0,100000,42.72333125021154,42.72333125021154,42.72333125021154,42.76858128029219,additional,RT,42.76858128029216,"5 factors, 400 p=.95"
14,1522ed2ed621e75e8d2c,5,400,continuous,0.95,superiority_null,first_factor,unadjusted,original_S_normal,4999,5,1.6123374927625504e-05,1.588279101581845e-05,1.6341300392002202e-05,2.71500180483932e-05,2.510226833022898,100000,0.0268722915460425,0.0687094054297574,0.0687094054297574,0.1139594355104128,additional,SIGA-S,0.1139594355104128,"5 factors, 400 p=.95"
14,1522ed2ed621e75e8d2c,5,400,continuous,0.95,superiority_null,first_factor,unadjusted,refined_S_normal,4999,5,5.646765679761956e-05,5.5847266221664745e-05,5.668558378468431e-05,2.71500180483932e-05,2.510226833022898,100000,0.0941127613293659,0.1359498752130808,0.1359498752130808,0.1811999052937362,additional,SIGA-S,0.1811999052937362,"5 factors, 400 p=.95"
14,1522ed2ed621e75e8d2c,5,400,continuous,0.95,superiority_null,first_factor,unadjusted,original_R_normal,4999,5,6.322495547070537e-05,5.849555064311349e-05,6.34438791765413e-05,2.71500180483932e-05,2.510226833022898,100000,0.1053749257845089,0.1472120396682239,0.1472120396682239,0.1924620697488792,additional,SIGA-R,0.1924620697488792,"5 factors, 400 p=.95"
14,1522ed2ed621e75e8d2c,5,400,continuous,0.95,superiority_null,first_factor,unadjusted,refined_R_normal,4999,5,9.666093749938926e-05,9.547394047591036e-05,9.721171524255872e-05,2.71500180483932e-05,2.510226833022898,100000,0.1611015624989821,0.202938676382697,0.202938676382697,0.2481887064633524,additional,SIGA-R,0.2481887064633524,"5 factors, 400 p=.95"
14,1522ed2ed621e75e8d2c,5,400,continuous,0.95,superiority_null,first_factor,unadjusted,original_CRT_data,4999,5,0.025681003339996,0.0254100395800196,0.0257522183400578,2.71500180483932e-05,2.510226833022898,100000,42.801672233326826,42.84350934721054,42.84350934721054,42.8887593772912,additional,CRT,42.88875937729104,"5 factors, 400 p=.95"
14,1522ed2ed621e75e8d2c,5,400,continuous,0.95,superiority_null,first_factor,unadjusted,refined_CRT_data,4999,5,0.0255827095799031,0.0254398154199589,0.0258260145899839,2.71500180483932e-05,2.510226833022898,100000,42.63784929983861,42.67968641372233,42.67968641372233,42.72493644380298,additional,CRT,42.72493644380288,"5 factors, 400 p=.95"
14,1522ed2ed621e75e8d2c,5,400,continuous,0.95,superiority_null,first_factor,adjusted,RT,4999,5,0.0256781250002677,0.0254403891702531,0.0257491737502277,5.664706214707303e-05,0.0,100000,42.796875000446256,42.796875000446256,42.796875000446256,42.89128677069138,additional,RT,42.89128677069129,"5 factors, 400 p=.95"
14,1522ed2ed621e75e8d2c,5,400,continuous,0.95,superiority_null,first_factor,adjusted,original_S_normal,4999,5,1.6187938252534764e-05,1.5606775865966366e-05,1.6452040147812928e-05,5.664706214707303e-05,2.510226833022898,100000,0.0269798970875579,0.0688170109712729,0.0688170109712729,0.1632287812163946,additional,SIGA-S,0.1632287812163946,"5 factors, 400 p=.95"
14,1522ed2ed621e75e8d2c,5,400,continuous,0.95,superiority_null,first_factor,adjusted,refined_S_normal,4999,5,5.662133242891533e-05,5.617155960934008e-05,5.981520583320941e-05,5.664706214707303e-05,2.510226833022898,100000,0.0943688873815255,0.1362060012652405,0.1362060012652405,0.2306177715103622,additional,SIGA-S,0.2306177715103622,"5 factors, 400 p=.95"
14,1522ed2ed621e75e8d2c,5,400,continuous,0.95,superiority_null,first_factor,adjusted,original_R_normal,4999,5,6.318267295539743e-05,5.89295269404401e-05,6.375675159172826e-05,5.664706214707303e-05,2.510226833022898,100000,0.1053044549256623,0.1471415688093773,0.1471415688093773,0.241553339054499,additional,SIGA-R,0.241553339054499,"5 factors, 400 p=.95"
14,1522ed2ed621e75e8d2c,5,400,continuous,0.95,superiority_null,first_factor,adjusted,refined_R_normal,4999,5,9.663482769190945e-05,9.560584523881388e-05,0.000100098445898,5.664706214707303e-05,2.510226833022898,100000,0.1610580461531824,0.2028951600368973,0.2028951600368973,0.297306930282019,additional,SIGA-R,0.2973069302820191,"5 factors, 400 p=.95"
14,1522ed2ed621e75e8d2c,5,400,continuous,0.95,superiority_null,first_factor,adjusted,original_CRT_data,4999,5,0.0254973408300429,0.0252936625000438,0.0257065270800376,5.664706214707303e-05,2.510226833022898,100000,42.4955680500716,42.53740516395531,42.53740516395531,42.63181693420043,additional,CRT,42.63181693420033,"5 factors, 400 p=.95"
14,1522ed2ed621e75e8d2c,5,400,continuous,0.95,superiority_null,first_factor,adjusted,refined_CRT_data,4999,5,0.0256010174998664,0.0255091683298815,0.0256924816599348,5.664706214707303e-05,2.510226833022898,100000,42.66836249977738,42.710199613661096,42.710199613661096,42.80461138390622,additional,CRT,42.80461138390616,"5 factors, 400 p=.95"
15,440bf8b99f621712fda3,5,400,continuous,0.95,superiority_power,first_factor,unadjusted,RT,4999,5,0.0256391162500949,0.025391387080017,0.0256889445800334,2.701105795156793e-05,0.0,10000,42.73186041682493,42.73186041682493,4.273186041682493,4.277687884674421,additional,RT,42.77687884674411,"5 factors, 400 p=.95"
15,440bf8b99f621712fda3,5,400,continuous,0.95,superiority_power,first_factor,unadjusted,original_S_normal,4999,5,1.607466359580919e-05,1.5823678132861297e-05,1.609082932477679e-05,2.701105795156793e-05,2.510226833022898,10000,0.0267911059930153,0.0686282198767302,0.0445162244830165,0.0490180674749444,additional,SIGA-S,0.1136466497960101,"5 factors, 400 p=.95"
15,440bf8b99f621712fda3,5,400,continuous,0.95,superiority_power,first_factor,unadjusted,refined_S_normal,4999,5,5.653741762751061e-05,5.639076073166098e-05,5.7262976228126455e-05,2.701105795156793e-05,2.510226833022898,10000,0.0942290293791843,0.1360661432628993,0.0512600168216334,0.0557618598135613,additional,SIGA-S,0.1810845731821792,"5 factors, 400 p=.95"
15,440bf8b99f621712fda3,5,400,continuous,0.95,superiority_power,first_factor,unadjusted,original_R_normal,4999,5,6.302810534717714e-05,5.9703291191822026e-05,6.310845654034612e-05,2.701105795156793e-05,2.510226833022898,10000,0.1050468422452952,0.1468839561290102,0.0523417981082444,0.0568436411001724,additional,SIGA-R,0.19190238604829,"5 factors, 400 p=.95"
15,440bf8b99f621712fda3,5,400,continuous,0.95,superiority_power,first_factor,unadjusted,refined_R_normal,4999,5,9.585374999802472e-05,9.54737659055917e-05,9.628911057706529e-05,2.701105795156793e-05,2.510226833022898,10000,0.1597562499967078,0.2015933638804228,0.0578127388833857,0.0623145818753137,additional,SIGA-R,0.2466117937997027,"5 factors, 400 p=.95"
15,440bf8b99f621712fda3,5,400,continuous,0.95,superiority_power,first_factor,unadjusted,original_CRT_data,4999,5,0.025611369999824,0.0253555933301686,0.0257804370799567,2.701105795156793e-05,2.510226833022898,10000,42.68561666637349,42.7274537802572,4.310398780521064,4.314900623512992,additional,CRT,42.77247221017633,"5 factors, 400 p=.95"
15,440bf8b99f621712fda3,5,400,continuous,0.95,superiority_power,first_factor,unadjusted,refined_CRT_data,4999,5,0.0255925962497713,0.0254224070900818,0.0264307408299646,2.701105795156793e-05,2.510226833022898,10000,42.65432708295217,42.69616419683589,4.307269822178933,4.311771665170861,additional,CRT,42.74118262675516,"5 factors, 400 p=.95"
15,440bf8b99f621712fda3,5,400,continuous,0.95,superiority_power,first_factor,adjusted,RT,4999,5,0.0256547004199819,0.0255422733401064,0.0257036662497557,5.743023571391989e-05,0.0,10000,42.75783403330328,42.75783403330328,4.275783403330327,4.285355109282648,additional,RT,42.853551092826365,"5 factors, 400 p=.95"
15,440bf8b99f621712fda3,5,400,continuous,0.95,superiority_power,first_factor,adjusted,original_S_normal,4999,5,1.598550052681087e-05,1.5935280653080832e-05,1.6123458808051774e-05,5.743023571391989e-05,2.510226833022898,10000,0.0266425008780181,0.068479614761733,0.0445013639715167,0.0540730699238367,additional,SIGA-S,0.1641966742849329,"5 factors, 400 p=.95"
15,440bf8b99f621712fda3,5,400,continuous,0.95,superiority_power,first_factor,adjusted,refined_S_normal,4999,5,5.686603693241275e-05,5.632642090021047e-05,5.7493812240989365e-05,5.743023571391989e-05,2.510226833022898,10000,0.0947767282206879,0.1366138421044028,0.0513147867057837,0.0608864926581037,additional,SIGA-S,0.2323309016276027,"5 factors, 400 p=.95"
15,440bf8b99f621712fda3,5,400,continuous,0.95,superiority_power,first_factor,adjusted,original_R_normal,4999,5,6.3287038804521e-05,5.942289443678338e-05,6.37579352241217e-05,5.743023571391989e-05,2.510226833022898,10000,0.105478398007535,0.1473155118912499,0.0523849536844684,0.0619566596367884,additional,SIGA-R,0.2430325714144497,"5 factors, 400 p=.95"
15,440bf8b99f621712fda3,5,400,continuous,0.95,superiority_power,first_factor,adjusted,refined_R_normal,4999,5,9.605119047531235e-05,9.552751190494746e-05,9.86924754911075e-05,5.743023571391989e-05,2.510226833022898,10000,0.1600853174588539,0.2019224313425689,0.0578456456296003,0.0674173515819203,additional,SIGA-R,0.2976394908657687,"5 factors, 400 p=.95"
15,440bf8b99f621712fda3,5,400,continuous,0.95,superiority_power,first_factor,adjusted,original_CRT_data,4999,5,0.0256153429200639,0.0251965224999003,0.0257859766701585,5.743023571391989e-05,2.510226833022898,10000,42.69223820010666,42.73407531399037,4.311060933894381,4.320632639846702,additional,CRT,42.82979237351342,"5 factors, 400 p=.95"
15,440bf8b99f621712fda3,5,400,continuous,0.95,superiority_power,first_factor,adjusted,refined_CRT_data,4999,5,0.0256013837497448,0.0252531425000051,0.0258664545798092,5.743023571391989e-05,2.510226833022898,10000,42.66897291624142,42.71081003012514,4.308734405507858,4.318306111460178,additional,CRT,42.80652708964825,"5 factors, 400 p=.95"
