run,scenario_index,group,F,sample_size,outcome,p_bc,direction,role,trials_recorded,trials_expected,complete,num_checkpoint_files,construction_seconds_sum,reference_seconds_sum,tail_seconds_sum,construction_milliseconds_per_trial,reference_milliseconds_per_trial,tail_milliseconds_per_trial,measured_seconds_sum,measured_milliseconds_per_trial,reference_fraction_of_measured
main_d012_20261009,0,main,2,200,continuous,0.8,first_factor,superiority_null,100000,100000,True,1000,27.750343,1611.020106,26.952082,0.277503,16.110201,0.269521,1665.722531,16.657225,0.9671599419983345
main_d012_20261009,1,main,2,200,continuous,0.8,first_factor,superiority_power,10000,10000,True,100,2.772489,161.122569,2.697973,0.277249,16.112257,0.269797,166.593031,16.659303,0.967162718674551
main_d012_20261009,2,main,2,200,continuous,0.8,first_factor,noninferiority_null,100000,100000,True,1000,27.780958,1611.373431,24.46781,0.27781,16.113734,0.244678,1663.622198,16.636222,0.9685933697473399
main_d012_20261009,3,main,2,200,continuous,0.8,first_factor,noninferiority_power,10000,10000,True,100,2.774864,161.12256,2.451169,0.277486,16.112256,0.245117,166.348593,16.634859,0.9685838494145768
main_d012_20261009,4,main,2,200,continuous,0.8,interaction,superiority_null,100000,100000,True,1000,27.833646,1611.139152,26.994733,0.278336,16.111392,0.269947,1665.96753,16.659675,0.9670891675082391
main_d012_20261009,5,main,2,200,continuous,0.8,interaction,superiority_power,10000,10000,True,100,2.78294,161.102733,2.706765,0.278294,16.110273,0.270676,166.592438,16.659244,0.967047096033958
main_d012_20261009,6,main,2,200,continuous,0.8,interaction,noninferiority_null,100000,100000,True,1000,27.846076,1611.24503,24.500089,0.278461,16.11245,0.245001,1663.591195,16.635912,0.9685342375286523
main_d012_20261009,7,main,2,200,continuous,0.8,interaction,noninferiority_power,10000,10000,True,100,2.839855,163.623591,2.541848,0.283985,16.362359,0.254185,169.005294,16.900529,0.9681566021367192
main_d012_20261009,8,main,2,200,binary,0.8,first_factor,superiority_null,100000,100000,True,1000,28.024413,1620.546876,81.25915,0.280244,16.205469,0.812592,1729.83044,17.298304,0.9368241180514597
main_d012_20261009,9,main,2,200,binary,0.8,first_factor,superiority_power,10000,10000,True,100,2.847599,162.5688,7.846885,0.28476,16.25688,0.784688,173.263284,17.326328,0.9382761115862812
main_d012_20261009,10,main,2,200,binary,0.8,first_factor,noninferiority_null,100000,100000,True,1000,28.134444,1616.507803,24.684438,0.281344,16.165078,0.246844,1669.326686,16.693267,0.9683591695920197
main_d012_20261009,11,main,2,200,binary,0.8,first_factor,noninferiority_power,10000,10000,True,100,2.785348,161.452702,2.449582,0.278535,16.14527,0.244958,166.687632,16.668763,0.968594369773883
main_d012_20261009,12,main,2,200,binary,0.8,interaction,superiority_null,100000,100000,True,1000,27.878476,1613.893475,80.662098,0.278785,16.138935,0.806621,1722.434049,17.22434,0.9369841912485849
main_d012_20261009,13,main,2,200,binary,0.8,interaction,superiority_power,10000,10000,True,100,2.806218,161.904883,7.804773,0.280622,16.190488,0.780477,172.515873,17.251587,0.9384926708383787
main_d012_20261009,14,main,2,200,binary,0.8,interaction,noninferiority_null,100000,100000,True,1000,27.956711,1613.928873,24.555412,0.279567,16.139289,0.245554,1666.440996,16.66441,0.9684884596577268
main_d012_20261009,15,main,2,200,binary,0.8,interaction,noninferiority_power,10000,10000,True,100,2.801537,161.908724,2.465049,0.280154,16.190872,0.246505,167.17531,16.717531,0.968496629074629
main_d012_20261009,16,main,5,400,continuous,0.8,first_factor,superiority_null,100000,100000,True,1000,37.341082,3588.63333,27.39392,0.373411,35.886333,0.273939,3653.368332,36.533683,0.9822807350437179
main_d012_20261009,17,main,5,400,continuous,0.8,first_factor,superiority_power,10000,10000,True,100,3.723462,358.500664,2.740749,0.372346,35.850066,0.274075,364.964875,36.496488,0.9822881277908174
main_d012_20261009,18,main,5,400,continuous,0.8,first_factor,noninferiority_null,100000,100000,True,1000,37.395053,3587.032248,24.937916,0.373951,35.870322,0.249379,3649.365217,36.493652,0.9829195037121811
main_d012_20261009,19,main,5,400,continuous,0.8,first_factor,noninferiority_power,10000,10000,True,100,3.741686,358.956561,2.49351,0.374169,35.895656,0.249351,365.191757,36.519176,0.9829262407807924
main_d012_20261009,20,main,5,400,continuous,0.8,interaction,superiority_null,100000,100000,True,1000,37.373348,3588.210256,27.420885,0.373733,35.882103,0.274209,3653.004489,36.530045,0.9822627557790063
main_d012_20261009,21,main,5,400,continuous,0.8,interaction,superiority_power,10000,10000,True,100,3.741201,358.788418,2.746696,0.37412,35.878842,0.27467,365.276314,36.527631,0.9822383859164205
main_d012_20261009,22,main,5,400,continuous,0.8,interaction,noninferiority_null,100000,100000,True,1000,37.573581,3592.204104,24.988875,0.375736,35.922041,0.249889,3654.76656,36.547666,0.9828819556863966
main_d012_20261009,23,main,5,400,continuous,0.8,interaction,noninferiority_power,10000,10000,True,100,3.745283,358.847734,2.499263,0.374528,35.884773,0.249926,365.092279,36.509228,0.9828959801121825
main_d012_20261009,24,main,5,400,binary,0.8,first_factor,superiority_null,100000,100000,True,1000,37.485708,3591.338671,93.536532,0.374857,35.913387,0.935365,3722.360911,37.223609,0.9648013068694975
main_d012_20261009,25,main,5,400,binary,0.8,first_factor,superiority_power,10000,10000,True,100,3.743498,358.675766,8.953584,0.37435,35.867577,0.895358,371.372849,37.137285,0.965810417445787
main_d012_20261009,26,main,5,400,binary,0.8,first_factor,noninferiority_null,100000,100000,True,1000,37.591488,3590.351438,24.957883,0.375915,35.903514,0.249579,3652.900808,36.529008,0.9828767947605602
main_d012_20261009,27,main,5,400,binary,0.8,first_factor,noninferiority_power,10000,10000,True,100,3.759545,360.194131,2.502586,0.375955,36.019413,0.250259,366.456262,36.645626,0.9829116540157902
main_d012_20261009,28,main,5,400,binary,0.8,interaction,superiority_null,100000,100000,True,1000,37.189755,3585.746128,93.142426,0.371898,35.857461,0.931424,3716.078309,37.160783,0.9649274934319566
main_d012_20261009,29,main,5,400,binary,0.8,interaction,superiority_power,10000,10000,True,100,3.696865,358.674188,8.855962,0.369687,35.867419,0.885596,371.227015,37.122702,0.9661855759299931
main_d012_20261009,30,main,5,400,binary,0.8,interaction,noninferiority_null,100000,100000,True,1000,37.165836,3584.84617,24.686296,0.371658,35.848462,0.246863,3646.698302,36.466983,0.9830388678361185
main_d012_20261009,31,main,5,400,binary,0.8,interaction,noninferiority_power,10000,10000,True,100,3.630006,353.816143,2.428819,0.363001,35.381614,0.242882,359.874969,35.987497,0.9831640812099728
additional_d012_20261009,0,controls,2,200,continuous,0.8,zero,superiority_null,100000,100000,True,1000,22.799635,1352.517035,22.53703,0.227996,13.52517,0.22537,1397.8537,13.978537,0.9675669456276709
additional_d012_20261009,1,controls,2,200,binary,0.8,zero,superiority_null,100000,100000,True,1000,22.1093,1381.678211,67.158775,0.221093,13.816782,0.671588,1470.946287,14.709463,0.9393124846017036
additional_d012_20261009,2,controls,5,400,continuous,0.8,zero,superiority_null,100000,100000,True,1000,30.197761,2985.357294,22.595956,0.301978,29.853573,0.22596,3038.15101,30.38151,0.9826230768992588
additional_d012_20261009,3,controls,5,400,binary,0.8,zero,superiority_null,100000,100000,True,1000,30.146364,3029.636065,78.549696,0.301464,30.296361,0.785497,3138.332125,31.383321,0.9653650232078904
additional_d012_20261009,4,sample_size,2,1000,continuous,0.8,first_factor,superiority_null,100000,100000,True,1000,32.397683,6810.501532,23.059955,0.323977,68.105015,0.2306,6865.95917,68.659592,0.9919228127573118
additional_d012_20261009,5,sample_size,2,1000,continuous,0.8,first_factor,superiority_power,10000,10000,True,100,3.158899,687.692556,2.268226,0.31589,68.769256,0.226823,693.119682,69.311968,0.9921700026278893
additional_d012_20261009,6,sample_size,2,1000,binary,0.8,first_factor,superiority_null,100000,100000,True,1000,31.544205,6978.986162,115.465782,0.315442,69.789862,1.154658,7125.996149,71.259961,0.9793699036746246
additional_d012_20261009,7,sample_size,2,1000,binary,0.8,first_factor,superiority_power,10000,10000,True,100,3.153757,701.37306,10.911967,0.315376,70.137306,1.091197,715.438784,71.543878,0.9803397240957586
additional_d012_20261009,8,sample_size,5,2000,continuous,0.8,first_factor,superiority_null,100000,100000,True,1000,49.111817,15097.448497,23.953322,0.491118,150.974485,0.239533,15170.513635,151.705136,0.9951837399659476
additional_d012_20261009,9,sample_size,5,2000,continuous,0.8,first_factor,superiority_power,10000,10000,True,100,4.927338,1507.750985,2.405574,0.492734,150.775098,0.240557,1515.083897,151.50839,0.9951600623289183
additional_d012_20261009,10,sample_size,5,2000,binary,0.8,first_factor,superiority_null,100000,100000,True,1000,49.531492,15212.392454,158.349167,0.495315,152.123925,1.583492,15420.273113,154.202731,0.9865190027861038
additional_d012_20261009,11,sample_size,5,2000,binary,0.8,first_factor,superiority_power,10000,10000,True,100,4.929617,1520.698167,14.975148,0.492962,152.069817,1.497515,1540.602932,154.060293,0.9870798859977031
additional_d012_20261009,12,pbc95,5,400,continuous,0.95,zero,superiority_null,100000,100000,True,1000,28.473439,3088.885284,21.968908,0.284734,30.888853,0.219689,3139.327631,31.393276,0.983932117673959
additional_d012_20261009,13,pbc95,5,400,continuous,0.95,zero,superiority_power,10000,10000,True,100,2.837219,310.252931,2.193865,0.283722,31.025293,0.219387,315.284015,31.528401,0.9840426917844917
additional_d012_20261009,14,pbc95,5,400,continuous,0.95,first_factor,superiority_null,100000,100000,True,1000,28.434722,3096.381261,21.944631,0.284347,30.963813,0.219446,3146.760613,31.467606,0.9839900905782137
additional_d012_20261009,15,pbc95,5,400,continuous,0.95,first_factor,superiority_power,10000,10000,True,100,2.839047,309.834514,2.191022,0.283905,30.983451,0.219102,314.864584,31.486458,0.9840246577022154
additional_d012_20261009,16,pbc95,5,400,continuous,0.95,zero,superiority_null,100000,100000,True,1000,28.425893,3087.186075,21.935149,0.284259,30.871861,0.219351,3137.547116,31.375471,0.983948912919426
additional_d012_20261009,17,pbc95,5,400,continuous,0.95,zero,superiority_power,10000,10000,True,100,2.835265,308.085559,2.190243,0.283526,30.808556,0.219024,313.111066,31.311107,0.9839497614592851
additional_d012_20261009,18,pbc95,5,400,continuous,0.95,first_factor,superiority_null,100000,100000,True,1000,28.422307,3092.454358,21.937832,0.284223,30.924544,0.219378,3142.814497,31.428145,0.9839761019720051
additional_d012_20261009,19,pbc95,5,400,continuous,0.95,first_factor,superiority_power,10000,10000,True,100,2.845826,309.52277,2.200604,0.284583,30.952277,0.22006,314.5692,31.45692,0.9839576464121864
