"scenario_id","scenario_label","set","design_label","factor_count","total_n","pbc","outcome_type","objective","role","variant","model_type","direction","true_effect","alpha","is_null","max_abs_d0","pair_ratio_model","analysis","n_outer","rt","rt_se","crt_model","crt_model_se","crt_data","crt_data_se","crt_data_db","crt_data_db_se","siga_s","siga_s_se","siga_r","siga_r_se","diff_crt_model_minus_rt","diff_crt_model_minus_rt_se","diff_crt_data_minus_rt","diff_crt_data_minus_rt_se","diff_crt_data_db_minus_rt","diff_crt_data_db_minus_rt_se","diff_siga_s_minus_rt","diff_siga_s_minus_rt_se","diff_siga_r_minus_rt","diff_siga_r_minus_rt_se","diff_siga_s_minus_crt_data","diff_siga_s_minus_crt_data_se","rt_minus_nominal","crt_model_minus_nominal","crt_data_minus_nominal","crt_data_db_minus_nominal","siga_s_minus_nominal","siga_r_minus_nominal","diagnostic_boundary","mean_lambda_model","mean_lambda_data","mean_lambda_data_db","mean_ratio_vr_model_over_vs","mean_ratio_vrt_empirical_over_vs","mean_ratio_vrt_empirical_over_vr_model","mean_dhat_max_abs_error","mean_dhat_rms_error","floor_rate","mean_strata_both_arms","siga_minutes","rt_minutes"
2,"K2_n200_cont_superiority_type1_hetero_first_factor","null","K2_n200",2,200,0.8,"continuous","superiority","type1","hetero_first_factor","continuous_hetero","first_factor",0,0.05,TRUE,0.5,1.05925432356324,"adjusted",100000,0.05083,0.000694595645681716,0.05121,0.000697047601674376,0.05158,0.000699424789380531,0.05136,0.00069801253856933,0.0508,0.000694401612901353,0.05047,0.00069226280486532,0.00038,6.16327346946675e-05,0.00075,8.77180251973166e-05,0.00053,7.93552390994255e-05,-3e-05,0.000217486698454542,-0.00036,0.000215868408970912,-0.00078,0.000219987272231839,0.000829999999999997,0.00121,0.00158,0.00136,0.000799999999999995,0.000469999999999998,"zero",1.00170279214082,1.00274957803942,1.00166536009594,1.00340851374271,1.00286956965591,0.999463062177001,0.437059373071373,0.273310433363352,0,4,12.7941999999999,166.782349999964
2,"K2_n200_cont_superiority_type1_hetero_first_factor","null","K2_n200",2,200,0.8,"continuous","superiority","type1","hetero_first_factor","continuous_hetero","first_factor",0,0.05,TRUE,0.5,1.05925432356324,"unadjusted",100000,0.05084,0.000694660308352219,0.05126,0.000697369431506716,0.05163,0.000699745261505928,0.05139,0.0006982053272498,0.05077,0.00069420751292391,0.05036,0.000691548048945263,0.00042,6.4794119970746e-05,0.00079,9.10705327666528e-05,0.00055,8.06042180682073e-05,-7e-05,0.000221586195428488,-0.00048,0.000220449953463121,-0.00086,0.000223143680016038,0.00084,0.00126,0.00163,0.00139,0.00077,0.000359999999999999,"zero",1.00167296944939,1.00270248556893,1.00163673915615,1.00334876575688,1.00189072437372,0.998546958639081,0.437059373071373,0.273310433363352,0,4,12.7941999999999,166.782349999964
8,"K2_n200_cont_noninferiority_type1_hetero_first_factor","null","K2_n200",2,200,0.8,"continuous","noninferiority","type1","hetero_first_factor","continuous_hetero","first_factor",-0.2,0.025,TRUE,0.5,1.05925432356324,"adjusted",100000,0.02398,0.000483786725737695,0.02414,0.000485358222347165,0.02438,0.000487704988697061,0.02423,0.000486239725855467,0.02356,0.000479634510851753,0.02332,0.000477243937625194,0.00016,3.99969998575172e-05,4e-04,6.92708306899347e-05,0.00025,6.85523303339748e-05,-0.00042,0.000173777265444531,-0.00066,0.000177189045822539,-0.00082,0.00017376299357407,-0.00102,-0.00086,-0.000620000000000002,-0.00077,-0.00144,-0.00168,"lower",1.00170368376425,1.0027381825507,1.00165481738995,1.00341029981961,1.00277418481449,0.99936624699745,0.43588701266951,0.272434516621461,0,4,13.0605999999999,173.468099999948
8,"K2_n200_cont_noninferiority_type1_hetero_first_factor","null","K2_n200",2,200,0.8,"continuous","noninferiority","type1","hetero_first_factor","continuous_hetero","first_factor",-0.2,0.025,TRUE,0.5,1.05925432356324,"unadjusted",100000,0.02433,0.00048721710868975,0.02454,0.000489262592070966,0.02476,0.00049139538459371,0.02465,0.000490330271347793,0.02405,0.000484474947752719,0.02391,0.000483097421851949,0.00021,4.58211740988592e-05,0.00043,6.70685916205411e-05,0.00032,6.16361419148425e-05,-0.00028,0.000166130948335791,-0.00042,0.000167327570905499,-0.00071,0.000167018675459925,-0.00067,-0.000460000000000002,-0.000240000000000001,-0.000350000000000003,-0.000950000000000003,-0.00109,"lower",1.00167379759679,1.00269129548746,1.00162642054532,1.00335042462186,1.00180108304566,0.998455999379966,0.43588701266951,0.272434516621461,0,4,13.0605999999999,173.468099999948
14,"K2_n200_cont_equivalence_type1_lower_hetero_first_factor","null","K2_n200",2,200,0.8,"continuous","equivalence","type1_lower","hetero_first_factor","continuous_hetero","first_factor",-0.45,0.05,TRUE,0.5,1.05925432356324,"adjusted",100000,0.04998,0.000689071836603412,0.05017,0.000690311314553079,0.05044,0.000692067961980614,0.05027,0.000690962568450708,0.05032,0.00069128791107613,0.05001,0.000689267726649087,0.00019,4.3585066210588e-05,0.00046,7.20967126807571e-05,0.00029,6.40249950566898e-05,0.00034,0.000189734561933385,3e-05,0.000187883857751154,-0.00012,0.00019339139071382,-2.00000000000061e-05,0.000169999999999997,0.000439999999999996,0.000269999999999999,0.000319999999999994,9.99999999999612e-06,"lower",1.0017037376452,1.00275462268785,1.00167222696385,1.00341040797967,1.00301369576209,0.999604754487862,0.436442644792746,0.272947650328596,0,4,14.2744000000007,209.852133333305
14,"K2_n200_cont_equivalence_type1_lower_hetero_first_factor","null","K2_n200",2,200,0.8,"continuous","equivalence","type1_lower","hetero_first_factor","continuous_hetero","first_factor",-0.45,0.05,TRUE,0.5,1.05925432356324,"unadjusted",100000,0.05019,0.000690441626062624,0.05045,0.000692132917148144,0.05068,0.000693624809244883,0.05054,0.000692717174610245,0.05022,0.000690637036365702,0.04999,0.000689137140923343,0.00026,5.0983820899327e-05,0.00049,7.13978289340988e-05,0.00035,6.55653718678948e-05,3e-05,0.000193650112325494,-2e-04,0.00019493583559659,-0.00046,0.000191828704793034,0.000189999999999996,0.000449999999999999,0.00068,0.000539999999999999,0.000219999999999998,-1.00000000000031e-05,"lower",1.00167387480802,1.00270752038815,1.00164358279578,1.0033505795066,1.00209755166511,0.998751245574951,0.436442644792746,0.272947650328596,0,4,14.2744000000007,209.852133333305
17,"K2_n200_cont_equivalence_type1_upper_hetero_first_factor","null","K2_n200",2,200,0.8,"continuous","equivalence","type1_upper","hetero_first_factor","continuous_hetero","first_factor",0.45,0.05,TRUE,0.5,1.05925432356324,"adjusted",100000,0.05084,0.000694660308352219,0.05109,0.000696274456662026,0.05131,0.000697691077053448,0.0512,0.000696983213571174,0.05096,0.000695435679268759,0.05062,0.000693236003104282,0.00025,4.99939995799386e-05,0.00047,6.99845695735335e-05,0.00036,6.7814083990661e-05,0.00012,0.000194936492228304,-0.00022,0.000195447941915615,-0.00035,0.000199246510613855,0.00084,0.00109,0.00131,0.0012,0.000959999999999996,0.000619999999999996,"upper",1.00170219933232,1.00274527620537,1.00166223195307,1.00340732582801,1.0029107407926,0.99950536150175,0.436566311144227,0.27291344201767,0,4,11.9320333333441,115.815516666682
17,"K2_n200_cont_equivalence_type1_upper_hetero_first_factor","null","K2_n200",2,200,0.8,"continuous","equivalence","type1_upper","hetero_first_factor","continuous_hetero","first_factor",0.45,0.05,TRUE,0.5,1.05925432356324,"unadjusted",100000,0.05036,0.000691548048945263,0.05067,0.000693560026962339,0.05095,0.0006953711059571,0.05082,0.000694530975551127,0.05084,0.000694660308352219,0.05054,0.000692717174610245,0.00031,5.56692912717311e-05,0.00059,8.06013893543358e-05,0.00046,7.48193823779237e-05,0.00048,0.000202973170594386,0.00018,0.000200997711431902,-0.00011,0.000203224732753728,0.000359999999999999,0.000669999999999997,0.00095,0.000819999999999994,0.00084,0.000539999999999999,"upper",1.00167233351559,1.0026981999851,1.00163361908992,1.00334749147018,1.0019538533224,0.998611237738409,0.436566311144227,0.27291344201767,0,4,11.9320333333441,115.815516666682
23,"K2_n200_bina_superiority_type1_hetero_first_factor","null","K2_n200",2,200,0.8,"binary","superiority","type1","hetero_first_factor","binary_direct_hetero","first_factor",0,0.05,TRUE,0.15,1.05925432356324,"adjusted",100000,0.04875,0.000680980451261268,0.04893,0.000682171936537996,0.04941,0.000685336792387509,0.04911,0.000683360870258168,0.05015,0.000690180972644132,0.04998,0.000689071836603412,0.00018,4.24228004371969e-05,0.00066,8.3640384726184e-05,0.00036,7.07018669310067e-05,0.0014,0.000233197220844294,0.00123,0.000232562705208873,0.00074,0.000233227502560631,-0.00125,-0.00107,-0.00059,-0.000890000000000002,0.000149999999999997,-2.00000000000061e-05,"zero",1.00074706113642,1.00185594637244,1.00073378374814,1.00149468171146,1.00132228091885,0.999827874850251,0.2008191854278,0.125497554752668,0,4,6.48705000000243,14.504533333343
23,"K2_n200_bina_superiority_type1_hetero_first_factor","null","K2_n200",2,200,0.8,"binary","superiority","type1","hetero_first_factor","binary_direct_hetero","first_factor",0,0.05,TRUE,0.15,1.05925432356324,"unadjusted",100000,0.04257,0.000638418319755942,0.04257,0.000638418319755942,0.04257,0.000638418319755942,0.04257,0.000638418319755942,0.04916,0.000683690678596688,0.04903,0.00068283276942455,0,0,0,0,0,0,0.00659,0.000282960279306314,0.00646,0.00028103998618503,0.00659,0.000282960279306314,-0.00743000000000001,-0.00743000000000001,-0.00743000000000001,-0.00743000000000001,-0.00084,-0.000970000000000006,"zero",1.00074380290761,1.00184798934502,1.00073058636421,1.0014881602933,1.0010620334868,0.999574528656417,0.2008191854278,0.125497554752668,0,4,6.48705000000243,14.504533333343
29,"K2_n200_bina_noninferiority_type1_hetero_first_factor","null","K2_n200",2,200,0.8,"binary","noninferiority","type1","hetero_first_factor","binary_direct_hetero","first_factor",-0.1,0.025,TRUE,0.15,1.05925432356324,"adjusted",100000,0.0236,0.000480031665622175,0.02364,0.000480428458774041,0.02379,0.000481913227666558,0.02369,0.00048092394305129,0.02383,0.0004823083152922,0.02378,0.000481814399950852,4e-05,1.99996999947655e-05,0.00019,4.79547911748511e-05,9e-05,4.12302801271269e-05,0.00023,0.000170586523493531,0.00018,0.000170879981272636,4e-05,0.000170880882496346,-0.0014,-0.00136,-0.00121,-0.00131,-0.00117,-0.00122,"lower",1.00073018704432,1.00184043204602,1.00071815109871,1.00146090836632,1.00115823298876,0.999697775921191,0.202450642390405,0.126705957547687,0,4,6.45756666666924,14.4525833333491
29,"K2_n200_bina_noninferiority_type1_hetero_first_factor","null","K2_n200",2,200,0.8,"binary","noninferiority","type1","hetero_first_factor","binary_direct_hetero","first_factor",-0.1,0.025,TRUE,0.15,1.05925432356324,"unadjusted",100000,0.02327,0.000476744240657399,0.02328,0.000476844226136796,0.02348,0.000478839112855247,0.0234,0.000478042257546339,0.02386,0.000482604396996132,0.02384,0.000482407031457876,1e-05,1.00000000000003e-05,0.00021,4.79539570402591e-05,0.00013,4.12292129257585e-05,0.00059,0.000174633398776575,0.00057,0.000174634063030307,0.00038,0.000172623445651298,-0.00173,-0.00172,-0.00152,-0.0016,-0.00114,-0.00116,"lower",1.00072706904373,1.00183267003254,1.00071506298596,1.00145466772118,1.00092403802327,0.999470152240354,0.202450642390405,0.126705957547687,0,4,6.45756666666924,14.4525833333491
35,"K2_n200_bina_equivalence_type1_lower_hetero_first_factor","null","K2_n200",2,200,0.8,"binary","equivalence","type1_lower","hetero_first_factor","binary_direct_hetero","first_factor",-0.21,0.05,TRUE,0.15,1.05925432356324,"adjusted",100000,0.04765,0.000673642913567715,0.04776,0.000674381067349907,0.04804,0.000676255561160128,0.04786,0.00067505126027584,0.04752,0.000672769273971396,0.04745,0.000672298278296174,0.00011,3.3164589533067e-05,0.00039,6.55631145173964e-05,0.00021,5.56739615609778e-05,-0.00013,0.000193649699204746,-2e-04,0.000193390728835864,-0.00052,0.000194929925811073,-0.00235,-0.00224000000000001,-0.00196,-0.00214,-0.00248,-0.00255,"lower",1.00075021971096,1.00187701437363,1.00075366723414,1.00150100357348,1.0013840194272,0.999883212134834,0.199625763785351,0.125053328627699,0,4,7.54948333333344,18.6135000000056
35,"K2_n200_bina_equivalence_type1_lower_hetero_first_factor","null","K2_n200",2,200,0.8,"binary","equivalence","type1_lower","hetero_first_factor","binary_direct_hetero","first_factor",-0.21,0.05,TRUE,0.15,1.05925432356324,"unadjusted",100000,0.04788,0.000675185201259625,0.04789,0.000675252159567076,0.04801,0.000676055026606562,0.04797,0.000675787533918761,0.04637,0.000664979872627736,0.0463,0.000664502144466066,1e-05,1.00000000000041e-05,0.00013,3.87278452596846e-05,9e-05,3.31651925865328e-05,-0.00151,0.000196666178525417,-0.00158,0.00019792783471302,-0.00164,0.000196909856876169,-0.00212,-0.00211,-0.00199000000000001,-0.00203,-0.00363,-0.0037,"lower",1.00074694554639,1.00186893659937,1.00075038683766,1.00149445023935,1.00111542421119,0.999621563421689,0.199625763785351,0.125053328627699,0,4,7.54948333333344,18.6135000000056
38,"K2_n200_bina_equivalence_type1_upper_hetero_first_factor","null","K2_n200",2,200,0.8,"binary","equivalence","type1_upper","hetero_first_factor","binary_direct_hetero","first_factor",0.21,0.05,TRUE,0.10935,1.05925432356324,"adjusted",100000,0.04893,0.000682171936537996,0.04895,0.000682304166043268,0.04933,0.000684810565777135,0.04914,0.000683558778745471,0.04911,0.000683360870258168,0.04904,0.000682898809487907,2e-05,1.41420649121704e-05,4e-04,6.63207658613369e-05,0.00021,5.19575403176089e-05,0.00018,0.000201990306700351,0.00011,0.0002022381962014,-0.00022,0.000201989910637413,-0.00107,-0.00105,-0.000670000000000004,-0.00086,-0.000890000000000002,-0.000960000000000003,"upper",1.00047980316561,1.00160113270941,1.00046185703801,1.00095983754766,1.00086406851935,0.999904339786522,0.185382931210817,0.114511319636007,0,4,7.49041666666705,18.6296833333365
38,"K2_n200_bina_equivalence_type1_upper_hetero_first_factor","null","K2_n200",2,200,0.8,"binary","equivalence","type1_upper","hetero_first_factor","binary_direct_hetero","first_factor",0.21,0.05,TRUE,0.10935,1.05925432356324,"unadjusted",100000,0.04907,0.000683096882586943,0.04913,0.000683492817080033,0.04923,0.000684152081777144,0.0492,0.000683954384443875,0.04917,0.000683756616786997,0.04909,0.000683228892099859,6e-05,2.44942850416245e-05,0.00016,4.24236018935242e-05,0.00013,3.87278452596868e-05,1e-04,0.000195959904069394,2e-05,0.000195960149019739,-6e-05,0.000195960067369656,-0.00093,-0.000870000000000003,-0.00077,-0.000800000000000002,-0.000830000000000004,-0.000910000000000001,"upper",1.00047801194181,1.00159544161104,1.00046026748427,1.000956253366,1.00066770562337,0.999711737818643,0.185382931210817,0.114511319636007,0,4,7.49041666666705,18.6296833333365
44,"K2_n1000_cont_superiority_type1_hetero_first_factor","null","K2_n1000",2,1000,0.8,"continuous","superiority","type1","hetero_first_factor","continuous_hetero","first_factor",0,0.05,TRUE,0.5,1.05726589890499,"adjusted",100000,0.05019,0.000690441626062624,0.0505,0.000692457579928186,0.05056,0.000692846926817172,0.05052,0.000692587392319554,0.05068,0.000693624809244883,0.05027,0.000690962568450708,0.00031,5.56692912717296e-05,0.00037,6.08166752352812e-05,0.00033,5.74364343378052e-05,0.00049,0.000173487463463585,8e-05,0.000176068867215261,0.00012,0.000172627211069157,0.000189999999999996,5e-04,0.000559999999999998,0.00052,0.00068,0.000269999999999999,"zero",1.00163234273025,1.001801400312,1.00162597728668,1.00326735537367,1.00311028673236,0.999843508265646,0.19328954457392,0.121099425894041,0,4,25.3656833333341,64.2132333333854
44,"K2_n1000_cont_superiority_type1_hetero_first_factor","null","K2_n1000",2,1000,0.8,"continuous","superiority","type1","hetero_first_factor","continuous_hetero","first_factor",0,0.05,TRUE,0.5,1.05726589890499,"unadjusted",100000,0.04997,0.000689006524642546,0.05033,0.000691352956889605,0.05047,0.00069226280486532,0.05044,0.000692067961980614,0.05024,0.000690767271951994,0.04987,0.000688352984303838,0.00036,5.99894989760644e-05,5e-04,7.06933517064712e-05,0.00047,6.85407760269285e-05,0.00027,0.000173492282236753,-1e-04,0.000173782053164443,-0.00023,0.00017635130279594,-3.00000000000022e-05,0.000329999999999997,0.000469999999999998,0.000439999999999996,0.000239999999999997,-0.000130000000000005,"zero",1.00162678870121,1.00179530474385,1.00162046460179,1.00325622914798,1.00293357141613,0.999678448361663,0.19328954457392,0.121099425894041,0,4,25.3656833333341,64.2132333333854
50,"K2_n1000_cont_noninferiority_type1_hetero_first_factor","null","K2_n1000",2,1000,0.8,"continuous","noninferiority","type1","hetero_first_factor","continuous_hetero","first_factor",-0.2,0.025,TRUE,0.5,1.05726589890499,"adjusted",100000,0.02599,0.000503135368464591,0.02615,0.000504640243143569,0.02617,0.000504828001402458,0.02617,0.000504828001402458,0.02605,0.000503700282906413,0.02588,0.000502097855004381,0.00016,3.99969998575179e-05,0.00018,4.24228004372038e-05,0.00018,4.24228004372038e-05,6e-05,0.000149666923539883,-0.00011,0.000148661023812643,-0.00012,0.00014966656273467,0.000989999999999998,0.00115,0.00117,0.00117,0.00105,0.000879999999999999,"lower",1.00163218915845,1.00180074407594,1.00162529912719,1.00326704765938,1.00309841993072,0.999831937936101,0.1934377293942,0.121164790372852,0,4,25.1165166666669,64.1218000000553
50,"K2_n1000_cont_noninferiority_type1_hetero_first_factor","null","K2_n1000",2,1000,0.8,"continuous","noninferiority","type1","hetero_first_factor","continuous_hetero","first_factor",-0.2,0.025,TRUE,0.5,1.05726589890499,"unadjusted",100000,0.02591,0.000502381049602789,0.02616,0.000504734131994261,0.02621,0.000505203284827009,0.02617,0.000504828001402458,0.02597,0.000502946906740662,0.02578,0.000501152587541958,0.00025,4.99939995799351e-05,3e-04,5.47643131181506e-05,0.00026,5.0983820899365e-05,6e-05,0.000144222647326022,-0.00013,0.000144568461292315,-0.00024,0.00014352571196943,0.000909999999999998,0.00116,0.00121,0.00117,0.000969999999999999,0.00078,"lower",1.00162664941939,1.00179466409099,1.0016198006064,1.00325595006103,1.00293673537955,0.999681834194088,0.1934377293942,0.121164790372852,0,4,25.1165166666669,64.1218000000553
56,"K2_n1000_cont_equivalence_type1_lower_hetero_first_factor","null","K2_n1000",2,1000,0.8,"continuous","equivalence","type1_lower","hetero_first_factor","continuous_hetero","first_factor",-0.45,0.05,TRUE,0.5,1.05726589890499,"adjusted",100000,0.04853,0.000679520706822095,0.04871,0.000680715328900415,0.04878,0.000681179209900009,0.04876,0.00068104671205432,0.04872,0.00068078162137355,0.04852,0.000679454263361413,0.00018,4.24228004372055e-05,0.00025,4.99939995799359e-05,0.00023,4.79530394755094e-05,0.00019,0.000167630307519956,-1e-05,0.000165832065664876,-6e-05,0.000165530172483457,-0.00147000000000001,-0.00129,-0.00122000000000001,-0.00124,-0.00128,-0.00148,"lower",1.00163245035086,1.00179928795361,1.00162378194953,1.00326757093829,1.00318923622381,0.999921971605783,0.193304062801006,0.121106212560573,0,4,26.3092166666665,70.0066000000077
56,"K2_n1000_cont_equivalence_type1_lower_hetero_first_factor","null","K2_n1000",2,1000,0.8,"continuous","equivalence","type1_lower","hetero_first_factor","continuous_hetero","first_factor",-0.45,0.05,TRUE,0.5,1.05726589890499,"unadjusted",100000,0.04882,0.00068144411069434,0.04905,0.00068296484170124,0.04907,0.000683096882586943,0.04906,0.000683030866066827,0.04902,0.000682766721508891,0.04875,0.000680980451261268,0.00023,4.795303947552e-05,0.00025,4.99939995799359e-05,0.00024,4.89841606489501e-05,2e-04,0.000161244720839541,-7e-05,0.000164621450613781,-5e-05,0.000163402086897371,-0.00118,-0.00095,-0.00093,-0.000940000000000003,-0.000980000000000002,-0.00125,"lower",1.00162690696145,1.00179321505968,1.00161829106559,1.00325646602405,1.00300951610799,0.999753900898408,0.193304062801006,0.121106212560573,0,4,26.3092166666665,70.0066000000077
59,"K2_n1000_cont_equivalence_type1_upper_hetero_first_factor","null","K2_n1000",2,1000,0.8,"continuous","equivalence","type1_upper","hetero_first_factor","continuous_hetero","first_factor",0.45,0.05,TRUE,0.5,1.05726589890499,"adjusted",100000,0.04897,0.000682436364066277,0.04926,0.00068434970884775,0.0493,0.000684613102416248,0.04924,0.000684217965271302,0.0491,0.000683294885097203,0.04878,0.000681179209900009,0.00029,5.38441082374726e-05,0.00033,5.74364343378003e-05,0.00027,5.19547687222756e-05,0.00013,0.00017000035294442,-0.00019,0.000169410525054661,-2e-04,0.000169705297497926,-0.00103,-0.000740000000000005,-0.000700000000000006,-0.000760000000000004,-0.000900000000000005,-0.00122000000000001,"upper",1.00163209365997,1.00180021237882,1.00162478270926,1.00326685639087,1.00314221861662,0.999875823246524,0.192960024315306,0.120945509054518,0,4,26.3224833333339,70.1556000000068
59,"K2_n1000_cont_equivalence_type1_upper_hetero_first_factor","null","K2_n1000",2,1000,0.8,"continuous","equivalence","type1_upper","hetero_first_factor","continuous_hetero","first_factor",0.45,0.05,TRUE,0.5,1.05726589890499,"unadjusted",100000,0.04901,0.000682700665738653,0.04932,0.000684744752444296,0.04938,0.000685139515719244,0.04934,0.000684876371325512,0.04904,0.000682898809487907,0.04872,0.00068078162137355,0.00031,5.56692912717208e-05,0.00037,6.0816675235278e-05,0.00033,5.74364343377834e-05,3e-05,0.000170000823535696,-0.00029,0.000168817783407071,-0.00034,0.000172044005973445,-0.000990000000000005,-0.00068,-0.000620000000000002,-0.000660000000000001,-0.000960000000000003,-0.00128,"upper",1.0016265441553,1.00179412796624,1.00161928071811,1.00325573922835,1.00296214941067,0.999707414751661,0.192960024315306,0.120945509054518,0,4,26.3224833333339,70.1556000000068
65,"K2_n1000_bina_superiority_type1_hetero_first_factor","null","K2_n1000",2,1000,0.8,"binary","superiority","type1","hetero_first_factor","binary_direct_hetero","first_factor",0,0.05,TRUE,0.15,1.05726589890499,"adjusted",100000,0.04814,0.000676923484597779,0.04827,0.000677790580489284,0.04839,0.0006785897722483,0.04834,0.000678256915924932,0.0489,0.000681973533210784,0.04875,0.000680980451261268,0.00013,3.60533493372978e-05,0.00025,4.99939995799346e-05,2e-04,4.4717110776501e-05,0.00076,0.000177185038717688,0.00061,0.000177472797819609,0.00051,0.000179158365635585,-0.00186,-0.00173,-0.00161,-0.00166,-0.0011,-0.00125,"zero",1.00072004844831,1.0009023460176,1.00072096303183,1.00144061558949,1.00129871764905,0.99985830611141,0.0888441526006848,0.055590698974617,0,4,28.1756333333376,88.6747333333374
65,"K2_n1000_bina_superiority_type1_hetero_first_factor","null","K2_n1000",2,1000,0.8,"binary","superiority","type1","hetero_first_factor","binary_direct_hetero","first_factor",0,0.05,TRUE,0.15,1.05726589890499,"unadjusted",100000,0.04549,0.000658943547657916,0.04549,0.000658943547657916,0.04549,0.000658943547657916,0.04549,0.000658943547657916,0.04866,0.000680383747601308,0.04854,0.000679587142315097,0,0,0,0,0,0,0.00317,0.00020346971518927,0.00305,0.000201015867716515,0.00317,0.00020346971518927,-0.00451,-0.00451,-0.00451,-0.00451,-0.00134,-0.00146,"zero",1.00071950457091,1.00090166964974,1.000720420193,1.0014395270485,1.00125935703568,0.999820088712477,0.0888441526006848,0.055590698974617,0,4,28.1756333333376,88.6747333333374
71,"K2_n1000_bina_noninferiority_type1_hetero_first_factor","null","K2_n1000",2,1000,0.8,"binary","noninferiority","type1","hetero_first_factor","binary_direct_hetero","first_factor",-0.1,0.025,TRUE,0.15,1.05726589890499,"adjusted",100000,0.02456,0.000489456907194086,0.02464,0.000490233315881326,0.02469,0.000490717881271918,0.02468,0.000490621010557029,0.02485,0.000492264943907242,0.02471,0.000490911559244636,8e-05,2.82832812707296e-05,0.00013,3.60533493373024e-05,0.00012,3.46391108240209e-05,0.00029,0.00014456613709202,0.00015,0.000145258342272709,0.00016,0.000143526826759027,-0.000440000000000003,-0.000360000000000003,-0.000310000000000001,-0.000320000000000001,-0.000150000000000001,-0.000290000000000002,"lower",1.00070423543266,1.0008880971056,1.0007061017093,1.00140896699504,1.00137068363211,0.999961769419239,0.0896719218509785,0.0562174504185861,0,4,27.8928333333323,89.1531000000112
71,"K2_n1000_bina_noninferiority_type1_hetero_first_factor","null","K2_n1000",2,1000,0.8,"binary","noninferiority","type1","hetero_first_factor","binary_direct_hetero","first_factor",-0.1,0.025,TRUE,0.15,1.05726589890499,"unadjusted",100000,0.02463,0.000490136339195534,0.02471,0.000490911559244636,0.02474,0.000491201917748699,0.02471,0.000490911559244636,0.02516,0.000495247154459266,0.02501,0.000493806641308114,8e-05,2.8283281270702e-05,0.00011,3.3164589533097e-05,8e-05,2.82832812707047e-05,0.00053,0.000145249447413724,0.00038,0.000144909509652167,0.00042,0.000144216656404161,-0.000370000000000002,-0.000290000000000002,-0.00026,-0.000290000000000002,0.000159999999999997,9.99999999999959e-06,"lower",1.00070371548798,1.00088744536052,1.00070558138226,1.00140792637041,1.00133303321169,0.999925211039195,0.0896719218509785,0.0562174504185861,0,4,27.8928333333323,89.1531000000112
77,"K2_n1000_bina_equivalence_type1_lower_hetero_first_factor","null","K2_n1000",2,1000,0.8,"binary","equivalence","type1_lower","hetero_first_factor","binary_direct_hetero","first_factor",-0.1,0.05,TRUE,0.15,1.05726589890499,"adjusted",100000,0.04961,0.000686650186776353,0.04968,0.000687109144168523,0.0497,0.000687240205459488,0.04968,0.000687109144168523,0.04946,0.000685665431533485,0.04933,0.000684810565777135,7e-05,2.64567193654389e-05,9e-05,2.99987999639846e-05,7e-05,2.64567193654419e-05,-0.00015,0.000180277841125697,-0.00028,0.000179998722204882,-0.00024,0.00017999929999174,-0.000390000000000001,-0.000320000000000001,-0.000300000000000002,-0.000320000000000001,-0.000540000000000006,-0.000670000000000004,"lower",1.00070424333303,1.00088225309761,1.00070029167644,1.00140898280577,1.00133369781444,0.999924821089014,0.0894219419560613,0.0561408099117709,0,4,29.3982333333332,99.4462499999833
77,"K2_n1000_bina_equivalence_type1_lower_hetero_first_factor","null","K2_n1000",2,1000,0.8,"binary","equivalence","type1_lower","hetero_first_factor","binary_direct_hetero","first_factor",-0.1,0.05,TRUE,0.15,1.05726589890499,"unadjusted",100000,0.04907,0.000683096882586943,0.0492,0.000683954384443875,0.04924,0.000684217965271302,0.04924,0.000684217965271302,0.04893,0.000682171936537996,0.04874,0.000680914182551663,0.00013,3.60533493373124e-05,0.00017,4.12277576067597e-05,0.00017,4.12277576067597e-05,-0.00014,0.000183303409683088,-0.00033,0.00018027544478472,-0.00031,0.000183028342050368,-0.00093,-0.000800000000000002,-0.000760000000000004,-0.000760000000000004,-0.00107,-0.00126,"lower",1.00070372260344,1.00088160384982,1.00069977395898,1.00140794061018,1.00129469206968,0.999886911027295,0.0894219419560613,0.0561408099117709,0,4,29.3982333333332,99.4462499999833
80,"K2_n1000_bina_equivalence_type1_upper_hetero_first_factor","null","K2_n1000",2,1000,0.8,"binary","equivalence","type1_upper","hetero_first_factor","binary_direct_hetero","first_factor",0.1,0.05,TRUE,0.15,1.05726589890499,"adjusted",100000,0.05037,0.00069161306450934,0.05052,0.000692587392319554,0.05059,0.00069304149875747,0.05059,0.00069304149875747,0.05088,0.000694918884475016,0.05073,0.000693948608327735,0.00015,3.87271222517332e-05,0.00022,4.68992323538593e-05,0.00022,4.68992323538593e-05,0.00051,0.000168812570553351,0.00036,0.000167925537039157,0.00029,0.000168817783407088,0.000369999999999995,0.00052,0.00059,0.00059,0.000879999999999999,0.000729999999999995,"upper",1.00077200008986,1.00095092858434,1.00077026064393,1.00154459651197,1.00145330592481,0.999908862643608,0.0862782572896126,0.0537294959620625,0,4,32.656516666668,112.598699999981
80,"K2_n1000_bina_equivalence_type1_upper_hetero_first_factor","null","K2_n1000",2,1000,0.8,"binary","equivalence","type1_upper","hetero_first_factor","binary_direct_hetero","first_factor",0.1,0.05,TRUE,0.15,1.05726589890499,"unadjusted",100000,0.05008,0.000689724536318667,0.05021,0.000690571907189975,0.05026,0.000690897477199041,0.05024,0.000690767271951994,0.05074,0.000694013345693006,0.05058,0.000692976648957236,0.00013,3.60533493373023e-05,0.00018,4.24228004372113e-05,0.00016,3.99969998575145e-05,0.00066,0.000170868182992852,5e-04,0.000170287374687378,0.00048,0.000169109378745824,7.99999999999967e-05,0.000209999999999995,0.000259999999999996,0.000239999999999997,0.000739999999999998,0.000579999999999997,"upper",1.0007713761667,1.00095016743252,1.00076964136357,1.00154334769955,1.00141447258411,0.999871335350547,0.0862782572896126,0.0537294959620625,0,4,32.656516666668,112.598699999981
86,"K5_n400_cont_superiority_type1_hetero_first_factor","null","K5_n400",5,400,0.8,"continuous","superiority","type1","hetero_first_factor","continuous_hetero","first_factor",0,0.05,TRUE,0.5,1.03322674335443,"adjusted",100000,0.04914,0.000683558778745471,0.04938,0.000685139515719244,0.04943,0.000685468271329899,0.04929,0.000684547265716546,0.04915,0.000683624732583601,0.04892,0.00068210580997379,0.00024,4.89841606489505e-05,0.00029,9.64326292937965e-05,0.00015,0.000100498139280085,1e-05,0.000188945378359675,-0.00022,0.00018867928343829,-0.00028,0.000192352764461095,-0.00086,-0.000620000000000002,-0.000570000000000001,-0.000710000000000002,-0.000850000000000004,-0.00108,"zero",1.00095226692703,1.00120923974071,1.00100003959419,1.00190544531512,1.00259894768754,1.00069218951115,2.11924466149207,0.505978256898556,0,22.27084,21.6857333333325,38.0868333333336
86,"K5_n400_cont_superiority_type1_hetero_first_factor","null","K5_n400",5,400,0.8,"continuous","superiority","type1","hetero_first_factor","continuous_hetero","first_factor",0,0.05,TRUE,0.5,1.03322674335443,"unadjusted",100000,0.04899,0.000682568530625314,0.04922,0.000684086190476025,0.04918,0.00068382254715679,0.04915,0.000683624732583601,0.04804,0.000676255561160128,0.04783,0.000674850287841681,0.00023,4.79530394755136e-05,0.00019,8.88803577692308e-05,0.00016,8.71769464836314e-05,-0.00095,0.000183551932469152,-0.00116,0.000185975508787991,-0.00114,0.000187582930656197,-0.00101,-0.000780000000000003,-0.000820000000000001,-0.000850000000000004,-0.00196,-0.00217000000000001,"zero",1.00092059562695,1.00117003212658,1.00096737043283,1.00184204287638,0.99010596006939,0.98828550194778,2.11924466149207,0.505978256898556,0,22.27084,21.6857333333325,38.0868333333336
92,"K5_n400_cont_noninferiority_type1_hetero_first_factor","null","K5_n400",5,400,0.8,"continuous","noninferiority","type1","hetero_first_factor","continuous_hetero","first_factor",-0.2,0.025,TRUE,0.5,1.03322674335443,"adjusted",100000,0.02546,0.000498114328242021,0.02563,0.000499730958616734,0.02557,0.000499161047158129,0.0255,0.000498495235684354,0.02532,0.000496778598572845,0.02521,0.000495726294440793,0.00017,4.12277576067694e-05,0.00011,6.55737904900051e-05,4e-05,6.63327068668338e-05,-0.00014,0.000146287449906687,-0.00025,0.000146627384877084,-0.00025,0.000151985545352334,0.000459999999999999,0.000629999999999999,0.000569999999999998,0.000499999999999997,0.000319999999999997,0.000209999999999998,"lower",1.00095215300715,1.0012175866411,1.00101336056622,1.00190521724552,1.00243302207324,1.00052682137164,2.11914417203616,0.506294728203571,0,22.28207,21.7258500000006,38.102550000001
92,"K5_n400_cont_noninferiority_type1_hetero_first_factor","null","K5_n400",5,400,0.8,"continuous","noninferiority","type1","hetero_first_factor","continuous_hetero","first_factor",-0.2,0.025,TRUE,0.5,1.03322674335443,"unadjusted",100000,0.02566,0.000500015643755273,0.02577,0.00050105795173812,0.02576,0.0005009632960607,0.02574,0.000500773925040032,0.02464,0.000490233315881326,0.0245,0.000488873705572308,0.00011,3.31645895330928e-05,1e-04,5.99994666590137e-05,8e-05,5.83092616974625e-05,-0.00102,0.000156811485224918,-0.00116,0.000159332350349696,-0.00112,0.000160585534457783,0.000659999999999997,0.00077,0.00076,0.000739999999999998,-0.000360000000000003,-5e-04,"lower",1.00092047224331,1.00117820715363,1.00098036995418,1.00184179587704,0.98991199268881,0.988092140285209,2.11914417203616,0.506294728203571,0,22.28207,21.7258500000006,38.102550000001
98,"K5_n400_cont_equivalence_type1_lower_hetero_first_factor","null","K5_n400",5,400,0.8,"continuous","equivalence","type1_lower","hetero_first_factor","continuous_hetero","first_factor",-0.45,0.05,TRUE,0.5,1.03322674335443,"adjusted",100000,0.04889,0.000681907383007399,0.04904,0.000682898809487907,0.0491,0.000683294885097203,0.04908,0.000683162891263862,0.04917,0.000683756616786997,0.04907,0.000683096882586943,0.00015,3.87271222517334e-05,0.00021,7.14115536596742e-05,0.00019,6.8554255862472e-05,0.00028,0.000166731802590143,0.00018,0.000166733182059192,7e-05,0.000168820129138494,-0.00111,-0.000960000000000003,-0.000900000000000005,-0.000920000000000004,-0.000830000000000004,-0.00093,"lower",1.00095194087069,1.00119657198186,1.00099368694547,1.00190479256546,1.00236610122295,1.00046045956158,2.1173676441425,0.506430441439676,0,22.26756,22.6972333333322,41.1926666666669
98,"K5_n400_cont_equivalence_type1_lower_hetero_first_factor","null","K5_n400",5,400,0.8,"continuous","equivalence","type1_lower","hetero_first_factor","continuous_hetero","first_factor",-0.45,0.05,TRUE,0.5,1.03322674335443,"unadjusted",100000,0.04918,0.00068382254715679,0.04936,0.000685007959077849,0.04938,0.000685139515719244,0.04933,0.000684810565777135,0.04853,0.000679520706822095,0.04833,0.000678190320632785,0.00018,4.24228004371941e-05,2e-04,7.21086124990057e-05,0.00015,7.14130660190983e-05,-0.00065,0.000176907003707837,-0.00085,0.00017576428514014,-0.00085,0.000178025537299863,-0.000820000000000001,-0.000640000000000002,-0.000620000000000002,-0.000670000000000004,-0.00147000000000001,-0.00167,"lower",1.00092028649233,1.0011582307252,1.00096163244146,1.00184142402866,0.989898438890518,0.988078988298661,2.1173676441425,0.506430441439676,0,22.26756,22.6972333333322,41.1926666666669
101,"K5_n400_cont_equivalence_type1_upper_hetero_first_factor","null","K5_n400",5,400,0.8,"continuous","equivalence","type1_upper","hetero_first_factor","continuous_hetero","first_factor",0.45,0.05,TRUE,0.5,1.03322674335443,"adjusted",100000,0.05079,0.000694336920377996,0.05111,0.000696403388130759,0.05098,0.000695564803594891,0.05094,0.000695306525210284,0.05128,0.000697498111825401,0.0511,0.000696338926098491,0.00032,5.65597736035574e-05,0.00019,8.99984444154809e-05,0.00015,9.21946853056071e-05,0.00049,0.000184113926630804,0.00031,0.000183028342050371,3e-04,0.000186009263195307,0.000789999999999999,0.00111,0.000979999999999995,0.000939999999999996,0.00128,0.0011,"upper",1.00095190318331,1.00121545911648,1.00100792141576,1.00190471711861,1.00246823668656,1.00056247963361,2.12197236395356,0.506484389560271,0,22.27179,22.9821833333349,41.2587166666662
101,"K5_n400_cont_equivalence_type1_upper_hetero_first_factor","null","K5_n400",5,400,0.8,"continuous","equivalence","type1_upper","hetero_first_factor","continuous_hetero","first_factor",0.45,0.05,TRUE,0.5,1.03322674335443,"unadjusted",100000,0.05098,0.000695564803594891,0.05105,0.000696016504833039,0.05124,0.00069724072170234,0.05116,0.000696725587301055,0.05007,0.000689659300669541,0.04989,0.000688483753620955,7e-05,2.64567193654352e-05,0.00026,8.12366296315168e-05,0.00018,8.36644846841411e-05,-0.00091,0.000184640352904234,-0.00109,0.000185710699434785,-0.00117,0.000189437773072374,0.000979999999999995,0.00105,0.00124,0.00115999999999999,7.00000000000006e-05,-0.000110000000000006,"upper",1.00092024026619,1.00117634567758,1.00097539470795,1.00184133149698,0.989953923738566,0.988134465705876,2.12197236395356,0.506484389560271,0,22.27179,22.9821833333349,41.2587166666662
107,"K5_n400_bina_superiority_type1_hetero_first_factor","null","K5_n400",5,400,0.8,"binary","superiority","type1","hetero_first_factor","binary_direct_hetero","first_factor",0,0.05,TRUE,0.15,1.03322674335444,"adjusted",100000,0.05087,0.000694854251624037,0.05098,0.000695564803594891,0.05123,0.000697176355737915,0.05114,0.00069659672982293,0.05088,0.000694918884475016,0.05079,0.000694336920377996,0.00011,3.31645895330974e-05,0.00036,9.59103539141496e-05,0.00027,9.43364192323895e-05,1e-05,0.00019261456332173,-8e-05,0.000193391597550424,-0.00035,0.000194162694644449,0.000869999999999996,0.000979999999999995,0.00123,0.00114,0.000879999999999999,0.000789999999999999,"zero",1.00042011734372,1.00102529062602,1.00078302963554,1.00084041139427,1.00155547575463,1.00071447372362,0.919118470015322,0.229614055440568,0,22.28063,26.0669666666668,60.8154166666667
107,"K5_n400_bina_superiority_type1_hetero_first_factor","null","K5_n400",5,400,0.8,"binary","superiority","type1","hetero_first_factor","binary_direct_hetero","first_factor",0,0.05,TRUE,0.15,1.03322674335444,"unadjusted",100000,0.04491,0.000654928178505094,0.04491,0.000654928178505094,0.04492,0.000654997661064526,0.04492,0.000654997661064526,0.05059,0.00069304149875747,0.0505,0.000692457579928186,0,0,1e-05,1.00000000000037e-05,1e-05,1.00000000000037e-05,0.00568,0.000255103952890556,0.00559,0.000253353825472481,0.00567,0.00025491010335341,-0.00509,-0.00509,-0.00508,-0.00508,0.00059,5e-04,"zero",1.000416596271,1.00101544591346,1.00077575464188,1.0008333662762,0.998483325643725,0.99765193745347,0.919118470015322,0.229614055440568,0,22.28063,26.0669666666668,60.8154166666667
113,"K5_n400_bina_noninferiority_type1_hetero_first_factor","null","K5_n400",5,400,0.8,"binary","noninferiority","type1","hetero_first_factor","binary_direct_hetero","first_factor",-0.1,0.025,TRUE,0.15,1.03322674335444,"adjusted",100000,0.02384,0.000482407031457876,0.02389,0.000482900278525494,0.02406,0.000484573177136333,0.02399,0.000483885109297651,0.02396,0.000483589892367489,0.02391,0.000483097421851949,5e-05,2.23602325524817e-05,0.00022,6.63291790661814e-05,0.00015,6.08260799174038e-05,0.00012,0.000140712664677175,7e-05,0.000140357215708542,-1e-04,0.000142127062873452,-0.00116,-0.00111,-0.00094,-0.00101,-0.00104,-0.00109,"lower",1.00041085219621,1.00101834162003,1.00078450519171,1.00082187336632,1.00135714344932,1.00053483138855,0.931014508791815,0.23243638194976,0,22.27873,25.4081833333343,59.7832999999997
113,"K5_n400_bina_noninferiority_type1_hetero_first_factor","null","K5_n400",5,400,0.8,"binary","noninferiority","type1","hetero_first_factor","binary_direct_hetero","first_factor",-0.1,0.025,TRUE,0.15,1.03322674335444,"unadjusted",100000,0.02378,0.000481814399950852,0.02379,0.000481913227666558,0.02383,0.0004823083152922,0.02378,0.000481814399950852,0.02371,0.000481121979335802,0.02367,0.000480725816864458,1e-05,1.00000000000031e-05,5e-05,4.79582943814077e-05,0,4.8990039806475e-05,-7e-05,0.000154596862846094,-0.00011,0.000154596629980099,-0.00012,0.000155563806847837,-0.00122,-0.00121,-0.00117,-0.00122,-0.00129,-0.00133,"lower",1.00040745457169,1.00100872813101,1.00077740977873,1.00081507531062,0.998321377691872,0.997508347874764,0.931014508791815,0.23243638194976,0,22.27873,25.4081833333343,59.7832999999997
119,"K5_n400_bina_equivalence_type1_lower_hetero_first_factor","null","K5_n400",5,400,0.8,"binary","equivalence","type1_lower","hetero_first_factor","binary_direct_hetero","first_factor",-0.15,0.05,TRUE,0.15,1.03322674335444,"adjusted",100000,0.04777,0.000674448123283029,0.04783,0.000674850287841681,0.04803,0.000676188724395786,0.04798,0.000675854419235385,0.04803,0.000676188724395786,0.04795,0.000675653738981736,6e-05,2.44942850416096e-05,0.00026,7.3480459945269e-05,0.00021,7.41593823877117e-05,0.00026,0.000163093807350129,0.00018,0.000163094886490853,0,0.000165530281225944,-0.00223,-0.00217000000000001,-0.00197,-0.00202,-0.00197,-0.00205,"lower",1.00041312844825,1.00099416639203,1.00076933419242,1.00082642775167,1.00128054476321,1.00045374348161,0.925570390607437,0.231654270561628,0,22.2766,26.626250000001,64.7205333333329
119,"K5_n400_bina_equivalence_type1_lower_hetero_first_factor","null","K5_n400",5,400,0.8,"binary","equivalence","type1_lower","hetero_first_factor","binary_direct_hetero","first_factor",-0.15,0.05,TRUE,0.15,1.03322674335444,"unadjusted",100000,0.04742,0.000672096299647603,0.04746,0.000672365588054594,0.04764,0.000673575759658852,0.04755,0.000672971006061925,0.04831,0.000678057106002142,0.04821,0.000677390551306999,4e-05,1.99996999947611e-05,0.00022,6.63291790662103e-05,0.00013,6.85556562129186e-05,0.00089,0.000190505752995747,0.00079,0.000190510162304252,0.00067,0.000188403465888087,-0.00258000000000001,-0.00254,-0.00236,-0.00245,-0.00169,-0.00179,"lower",1.00040970184752,1.00098455393933,1.000762140167,1.00081957170409,0.998228850632532,0.997411415837954,0.925570390607437,0.231654270561628,0,22.2766,26.626250000001,64.7205333333329
122,"K5_n400_bina_equivalence_type1_upper_hetero_first_factor","null","K5_n400",5,400,0.8,"binary","equivalence","type1_upper","hetero_first_factor","binary_direct_hetero","first_factor",0.15,0.05,TRUE,0.10935,1.03322674335444,"adjusted",100000,0.04937,0.000685073741286294,0.04942,0.000685402535740859,0.04967,0.000687043601964242,0.04961,0.000686650186776353,0.04926,0.00068434970884775,0.04921,0.000684020291365687,5e-05,2.23602325524742e-05,3e-04,8.12352509177084e-05,0.00024,8.36629786401123e-05,-0.00011,0.000183576185825131,-0.00016,0.000183303246018226,-0.00041,0.000185198979442529,-0.000630000000000006,-0.000580000000000004,-0.000330000000000004,-0.000390000000000001,-0.000740000000000005,-0.000790000000000006,"upper",1.00024730737246,1.00096770109348,1.0006996142009,1.00049467601584,1.00116315232128,1.00066814405749,0.889105099358765,0.218278428645683,0,22.26912,26.2697166666665,64.3748666666663
122,"K5_n400_bina_equivalence_type1_upper_hetero_first_factor","null","K5_n400",5,400,0.8,"binary","equivalence","type1_upper","hetero_first_factor","binary_direct_hetero","first_factor",0.15,0.05,TRUE,0.10935,1.03322674335444,"unadjusted",100000,0.04888,0.000681841224919702,0.0489,0.000681973533210784,0.04898,0.000682502451277649,0.04893,0.000682171936537996,0.04917,0.000683756616786997,0.04913,0.000683492817080033,2e-05,1.41420649121776e-05,1e-04,4.24254404712959e-05,5e-05,4.7958294381411e-05,0.00029,0.000178604249654999,0.00025,0.000178044073186803,0.00019,0.000179721901836291,-0.00112,-0.0011,-0.00102,-0.00107,-0.000830000000000004,-0.000870000000000003,"upper",1.00024556697926,1.00096018062645,1.00069419094405,1.00049119436589,0.99856906332636,0.998078812871037,0.889105099358765,0.218278428645683,0,22.26912,26.2697166666665,64.3748666666663
128,"K5_n2000_cont_superiority_type1_hetero_first_factor","null","K5_n2000",5,2000,0.8,"continuous","superiority","type1","hetero_first_factor","continuous_hetero","first_factor",0,0.05,TRUE,0.5,1.03091640732598,"adjusted",100000,0.04978,0.000687764142711729,0.04999,0.000689137140923343,0.05002,0.00068933300805924,0.05002,0.00068933300805924,0.05013,0.000690050600318556,0.04999,0.000689137140923343,0.00021,4.5821174098836e-05,0.00024,4.8984160648985e-05,0.00024,4.89841606489774e-05,0.00035,0.000165828375106782,0.00021,0.000165226608021631,0.00011,0.000164012645858428,-0.000220000000000005,-1.00000000000031e-05,1.99999999999992e-05,1.99999999999992e-05,0.000129999999999998,-1.00000000000031e-05,"zero",1.00088093079261,1.00118939888966,1.00098684626781,1.00176263840268,1.00191154899443,1.00014865560497,1.76618015237951,0.260015923423644,0,30.06907,85.4730833333357,186.332300000022
128,"K5_n2000_cont_superiority_type1_hetero_first_factor","null","K5_n2000",5,2000,0.8,"continuous","superiority","type1","hetero_first_factor","continuous_hetero","first_factor",0,0.05,TRUE,0.5,1.03091640732598,"unadjusted",100000,0.04961,0.000686650186776353,0.04979,0.000687829600264484,0.04992,0.000688679850148093,0.04988,0.000688418372793754,0.04954,0.000686190851002839,0.04931,0.000684678931324749,0.00018,4.24228004372099e-05,0.00031,5.74375486134129e-05,0.00027,5.56713749877337e-05,-7e-05,0.000164012865355613,-3e-04,0.000164314850192077,-0.00038,0.000163091452836096,-0.000390000000000001,-0.000210000000000002,-8.00000000000037e-05,-0.000120000000000002,-0.000460000000000002,-0.000690000000000003,"zero",1.00087484539117,1.00118123457375,1.0009800697271,1.00175045689726,0.99904755124724,0.997301822472886,1.76618015237951,0.260015923423644,0,30.06907,85.4730833333357,186.332300000022
134,"K5_n2000_cont_noninferiority_type1_hetero_first_factor","null","K5_n2000",5,2000,0.8,"continuous","noninferiority","type1","hetero_first_factor","continuous_hetero","first_factor",-0.2,0.025,TRUE,0.5,1.03091640732598,"adjusted",100000,0.0245,0.000488873705572308,0.02457,0.000489554032768601,0.02459,0.000489748220006975,0.02459,0.000489748220006975,0.02451,0.000488970959260363,0.02436,0.000487509901437909,7e-05,2.64567193654128e-05,9e-05,2.9998799963988e-05,9e-05,2.9998799963988e-05,1e-05,0.000131530118230372,-0.00014,0.00013266491623565,-8e-05,0.000133417067877933,-5e-04,-0.00043,-0.000410000000000001,-0.000410000000000001,-0.000490000000000001,-0.000640000000000002,"lower",1.00088079542798,1.00119220284554,1.00098783619657,1.00176236743403,1.00185472927831,1.00009221088072,1.76808987918756,0.259992116849985,0,30.07204,85.1883333333334,185.98251666669
134,"K5_n2000_cont_noninferiority_type1_hetero_first_factor","null","K5_n2000",5,2000,0.8,"continuous","noninferiority","type1","hetero_first_factor","continuous_hetero","first_factor",-0.2,0.025,TRUE,0.5,1.03091640732598,"unadjusted",100000,0.02429,0.00048682641567606,0.02442,0.000488094904706042,0.0245,0.000488873705572308,0.02445,0.000488387115923424,0.02432,0.000487119467892631,0.02422,0.00048614186818253,0.00013,3.60533493373038e-05,0.00021,4.58211740988575e-05,0.00016,3.99969998575118e-05,3e-05,0.000133791516927321,-7e-05,0.000132288041792316,-0.00018,0.000134163541987283,-0.000710000000000002,-0.000580000000000001,-5e-04,-0.000550000000000002,-0.00068,-0.000780000000000003,"lower",1.00087470856405,1.00118401584808,1.00098104777656,1.00175018300267,0.998980047186326,0.997234714602146,1.76808987918756,0.259992116849985,0,30.07204,85.1883333333334,185.98251666669
140,"K5_n2000_cont_equivalence_type1_lower_hetero_first_factor","null","K5_n2000",5,2000,0.8,"continuous","equivalence","type1_lower","hetero_first_factor","continuous_hetero","first_factor",-0.45,0.05,TRUE,0.5,1.03091640732598,"adjusted",100000,0.04947,0.000685731136087607,0.04963,0.000686781356036985,0.04974,0.000687502235632729,0.04969,0.000687174678666203,0.04966,0.000686978052051155,0.04947,0.000685731136087607,0.00016,3.99969998575165e-05,0.00027,5.3845148277309e-05,0.00022,4.8985099728414e-05,0.00019,0.000156524387872537,0,0.000156205774548958,-8e-05,0.000157480741685595,-0.000530000000000003,-0.000370000000000002,-0.000260000000000003,-0.000310000000000005,-0.00034,-0.000530000000000003,"lower",1.00088082142294,1.00118784397877,1.00098652079823,1.00176241946673,1.00191957046307,1.00015688667372,1.7687410477554,0.260123471383588,0,30.06699,87.7393999999992,196.914366666565
140,"K5_n2000_cont_equivalence_type1_lower_hetero_first_factor","null","K5_n2000",5,2000,0.8,"continuous","equivalence","type1_lower","hetero_first_factor","continuous_hetero","first_factor",-0.45,0.05,TRUE,0.5,1.03091640732598,"unadjusted",100000,0.0495,0.00068592820323996,0.04959,0.000686518986627464,0.04969,0.000687174678666203,0.04966,0.000686978052051155,0.04931,0.000684678931324749,0.04914,0.000683558778745471,9e-05,2.99987999639955e-05,0.00019,4.35850662105765e-05,0.00016,4.24236018935249e-05,-0.00019,0.000156524387872527,-0.00036,0.000158110575198422,-0.00038,0.00015874132413472,-5e-04,-0.000410000000000001,-0.000310000000000005,-0.00034,-0.000690000000000003,-0.00086,"lower",1.0008747357855,1.00117969130022,1.0009797447283,1.00175023749039,0.999064804332882,0.99731926930393,1.7687410477554,0.260123471383588,0,30.06699,87.7393999999992,196.914366666565
143,"K5_n2000_cont_equivalence_type1_upper_hetero_first_factor","null","K5_n2000",5,2000,0.8,"continuous","equivalence","type1_upper","hetero_first_factor","continuous_hetero","first_factor",0.45,0.05,TRUE,0.5,1.03091640732598,"adjusted",100000,0.05053,0.000692652287226427,0.05071,0.000693819111152179,0.05074,0.000694013345693006,0.05071,0.000693819111152179,0.05077,0.00069420751292391,0.05057,0.000692911791644507,0.00018,4.24228004371912e-05,0.00021,4.79539570402293e-05,0.00018,4.47179605634379e-05,0.00024,0.000170879243903983,4e-05,0.000171465092665378,3e-05,0.000170588047655269,0.000529999999999996,0.000709999999999995,0.000739999999999998,0.000709999999999995,0.00077,0.000569999999999994,"upper",1.00088095392733,1.0011935255769,1.0009890939767,1.00176268471255,1.00203911056842,1.00027594991174,1.76844282385993,0.260133537545285,0,30.07388,87.4276166666661,196.509433333301
143,"K5_n2000_cont_equivalence_type1_upper_hetero_first_factor","null","K5_n2000",5,2000,0.8,"continuous","equivalence","type1_upper","hetero_first_factor","continuous_hetero","first_factor",0.45,0.05,TRUE,0.5,1.03091640732598,"unadjusted",100000,0.0505,0.000692457579928186,0.05074,0.000694013345693006,0.05081,0.000694466297958367,0.05076,0.000694142797989002,0.05042,0.00069193802901705,0.05032,0.00069128791107613,0.00024,4.898416064894e-05,0.00031,5.56692912717627e-05,0.00026,5.09838208993613e-05,-8e-05,0.000161864752191406,-0.00018,0.00016124495650841,-0.00039,0.000165223339717823,5e-04,0.000739999999999998,0.000809999999999998,0.000759999999999997,0.000419999999999997,0.000319999999999994,"upper",1.0008748645026,1.00118532433359,1.00098229330627,1.00175049515282,0.999160312157287,0.9974143526368,1.76844282385993,0.260133537545285,0,30.07388,87.4276166666661,196.509433333301
149,"K5_n2000_bina_superiority_type1_hetero_first_factor","null","K5_n2000",5,2000,0.8,"binary","superiority","type1","hetero_first_factor","binary_direct_hetero","first_factor",0,0.05,TRUE,0.15,1.03091640732598,"adjusted",100000,0.04986,0.000688287588149024,0.04992,0.000688679850148093,0.05,0.000689202437604511,0.04993,0.000688745200346253,0.04996,0.000688941205038572,0.0499,0.000688549126787624,6e-05,2.44942850416153e-05,0.00014,4.24243090482251e-05,7e-05,3.87293945171109e-05,1e-04,0.000169706181389818,4e-05,0.000170880882496351,-4e-05,0.000170880882496352,-0.000140000000000001,-8.00000000000037e-05,0,-7.00000000000006e-05,-4.00000000000053e-05,-0.000100000000000003,"zero",1.00038995225099,1.00073771655441,1.00052939415007,1.00078005659796,1.000862766188,1.00008264319549,0.791000786315772,0.118575815812539,0,30.07048,114.116600000001,317.973866666664
149,"K5_n2000_bina_superiority_type1_hetero_first_factor","null","K5_n2000",5,2000,0.8,"binary","superiority","type1","hetero_first_factor","binary_direct_hetero","first_factor",0,0.05,TRUE,0.15,1.03091640732598,"unadjusted",100000,0.04749,0.00067256746799113,0.04749,0.00067256746799113,0.04749,0.00067256746799113,0.04749,0.00067256746799113,0.04999,0.000689137140923343,0.0499,0.000688549126787624,0,0,0,0,0,0,0.0025,0.000192711886968057,0.00241,0.000191943448502302,0.0025,0.000192711886968057,-0.00251000000000001,-0.00251000000000001,-0.00251000000000001,-0.00251000000000001,-1.00000000000031e-05,-0.000100000000000003,"zero",1.00038938855659,1.00073659592851,1.00052859598913,1.00077892876903,1.00029726732593,0.999518711842384,0.791000786315772,0.118575815812539,0,30.07048,114.116600000001,317.973866666664
155,"K5_n2000_bina_noninferiority_type1_hetero_first_factor","null","K5_n2000",5,2000,0.8,"binary","noninferiority","type1","hetero_first_factor","binary_direct_hetero","first_factor",-0.1,0.025,TRUE,0.15,1.03091640732598,"adjusted",100000,0.02468,0.000490621010557029,0.02471,0.000490911559244636,0.02477,0.000491492086406282,0.02478,0.000491588767162147,0.02484,0.000492168410201224,0.02479,0.000491685426873728,3e-05,1.73203348680168e-05,9e-05,2.99987999640031e-05,1e-04,3.16213535305279e-05,0.00016,0.000134163795411638,0.00011,0.000133791098360845,7e-05,0.000132288041792303,-0.000320000000000001,-0.000290000000000002,-0.000230000000000001,-0.000220000000000001,-0.00016,-0.000210000000000002,"lower",1.0003813611434,1.00072997737016,1.00051914030988,1.0007628677505,1.00079150126865,1.00002861090771,0.797695126048599,0.120010022607145,0,30.07349,115.733466666668,316.346700000003
155,"K5_n2000_bina_noninferiority_type1_hetero_first_factor","null","K5_n2000",5,2000,0.8,"binary","noninferiority","type1","hetero_first_factor","binary_direct_hetero","first_factor",-0.1,0.025,TRUE,0.15,1.03091640732598,"unadjusted",100000,0.02469,0.000490717881271918,0.02476,0.00049139538459371,0.0248,0.000491782065553432,0.02477,0.000491492086406282,0.02465,0.000490330271347793,0.02456,0.000489456907194086,7e-05,2.64567193654415e-05,0.00011,3.60540150180101e-05,8e-05,3.46402655803855e-05,-4e-05,0.000136382440224911,-0.00013,0.000135277544330777,-0.00015,0.000134536076944179,-0.000310000000000001,-0.000240000000000001,-0.000200000000000002,-0.000230000000000001,-0.000350000000000003,-0.000440000000000003,"lower",1.00038081998436,1.00072888701516,1.00051837358749,1.00076178501912,1.00023636835688,0.999474983028641,0.797695126048599,0.120010022607145,0,30.07349,115.733466666668,316.346700000003
161,"K5_n2000_bina_equivalence_type1_lower_hetero_first_factor","null","K5_n2000",5,2000,0.8,"binary","equivalence","type1_lower","hetero_first_factor","binary_direct_hetero","first_factor",-0.1,0.05,TRUE,0.15,1.03091640732598,"adjusted",100000,0.04726,0.000671017826886887,0.04733,0.000671489918762747,0.0474,0.00067196160604606,0.04739,0.000671894246887112,0.04758,0.000673172664329145,0.0475,0.000672634744865295,7e-05,2.645671936543e-05,0.00014,3.99977499142002e-05,0.00013,3.60533493373056e-05,0.00032,0.00016186178669597,0.00024,0.000161863170600641,0.00018,0.000158744851882888,-0.00274,-0.00267000000000001,-0.0026,-0.00261,-0.00242000000000001,-0.0025,"lower",1.00038137355374,1.00073029005321,1.00052132185583,1.00076289258059,1.00080055970401,1.00003763894832,0.797820926147468,0.120029653639805,0,30.0759,121.476599999998,334.942383333339
161,"K5_n2000_bina_equivalence_type1_lower_hetero_first_factor","null","K5_n2000",5,2000,0.8,"binary","equivalence","type1_lower","hetero_first_factor","binary_direct_hetero","first_factor",-0.1,0.05,TRUE,0.15,1.03091640732598,"unadjusted",100000,0.04711,0.000670004835057181,0.04722,0.00067074787811815,0.04723,0.000670815377730714,0.0472,0.00067061285403726,0.04698,0.000669125396319703,0.04693,0.000668786775437433,0.00011,3.3164589533092e-05,0.00012,3.99983999519603e-05,9e-05,3.605456974258e-05,-0.00013,0.000159060001260112,-0.00018,0.000159373554893333,-0.00025,0.000157796146962543,-0.00289,-0.00278,-0.00277,-0.0028,-0.00302,-0.00307,"lower",1.00038083421342,1.00072920318262,1.00052055264802,1.00076181348806,1.00024971005822,0.999488287369129,0.797820926147468,0.120029653639805,0,30.0759,121.476599999998,334.942383333339
164,"K5_n2000_bina_equivalence_type1_upper_hetero_first_factor","null","K5_n2000",5,2000,0.8,"binary","equivalence","type1_upper","hetero_first_factor","binary_direct_hetero","first_factor",0.1,0.05,TRUE,0.15,1.03091640732598,"adjusted",100000,0.05038,0.000691678072516398,0.05044,0.000692067961980614,0.0505,0.000692457579928186,0.05048,0.000692327737419208,0.05052,0.000692587392319554,0.05045,0.000692132917148144,6e-05,2.44942850416376e-05,0.00012,3.99983999519841e-05,1e-04,3.74154246152922e-05,0.00014,0.00016186434443907,7e-05,0.000162173407197677,2e-05,0.000160624574715559,0.000379999999999998,0.000439999999999996,5e-04,0.000479999999999994,0.00052,0.000449999999999999,"upper",1.0004180416238,1.00076501481948,1.00055980086954,1.00083625805779,1.00099675883812,1.00016036665469,0.76949287401281,0.114234423188866,0,30.07542,121.300183333334,338.857200000007
164,"K5_n2000_bina_equivalence_type1_upper_hetero_first_factor","null","K5_n2000",5,2000,0.8,"binary","equivalence","type1_upper","hetero_first_factor","binary_direct_hetero","first_factor",0.1,0.05,TRUE,0.15,1.03091640732598,"unadjusted",100000,0.05015,0.000690180972644132,0.05033,0.000691352956889605,0.05038,0.000691678072516398,0.05033,0.000691352956889605,0.0505,0.000692457579928186,0.05045,0.000692132917148144,0.00018,4.2422800437227e-05,0.00023,5.19566934569485e-05,0.00018,4.47179605634806e-05,0.00035,0.000161551960651724,3e-04,0.000162478810906452,0.00012,0.000160000350003152,0.000149999999999997,0.000329999999999997,0.000379999999999998,0.000329999999999997,5e-04,0.000449999999999999,"upper",1.00041740010762,1.00076377702198,1.00055889106053,1.00083497448869,1.00039937966732,0.99956476862078,0.76949287401281,0.114234423188866,0,30.07542,121.300183333334,338.857200000007
