"scenario_id","scenario_label","set","design_label","factor_count","total_n","pbc","outcome_type","objective","role","variant","model_type","direction","true_effect","alpha","boundaries","achieved_effect","max_abs_d0","heterogeneity_shrink","individual_effect_sd","pair_ratio_at_first_boundary","pair_ratio_at_last_boundary","control_risk"
2,"K2_n200_cont_superiority_type1_hetero_first_factor","null","K2_n200",2,200,0.8,"continuous","superiority","type1","hetero_first_factor","continuous_hetero","first_factor",0,0.05,"zero=0.000",0,0.5,1,0.25,1.05925432356324,1.05925432356324,
8,"K2_n200_cont_noninferiority_type1_hetero_first_factor","null","K2_n200",2,200,0.8,"continuous","noninferiority","type1","hetero_first_factor","continuous_hetero","first_factor",-0.2,0.025,"lower=-0.200",-0.2,0.5,1,0.25,1.05925432356324,1.05925432356324,
14,"K2_n200_cont_equivalence_type1_lower_hetero_first_factor","null","K2_n200",2,200,0.8,"continuous","equivalence","type1_lower","hetero_first_factor","continuous_hetero","first_factor",-0.45,0.05,"lower=-0.450;upper=0.450",-0.45,0.5,1,0.25,1.05925432356324,1.18293760197661,
17,"K2_n200_cont_equivalence_type1_upper_hetero_first_factor","null","K2_n200",2,200,0.8,"continuous","equivalence","type1_upper","hetero_first_factor","continuous_hetero","first_factor",0.45,0.05,"lower=-0.450;upper=0.450",0.45,0.5,1,0.25,1.18889445105868,1.05925432356324,
23,"K2_n200_bina_superiority_type1_hetero_first_factor","null","K2_n200",2,200,0.8,"binary","superiority","type1","hetero_first_factor","binary_direct_hetero","first_factor",0,0.05,"zero=0.000",0,0.15,1,,1.05925432356324,1.05925432356324,0.6
29,"K2_n200_bina_noninferiority_type1_hetero_first_factor","null","K2_n200",2,200,0.8,"binary","noninferiority","type1","hetero_first_factor","binary_direct_hetero","first_factor",-0.1,0.025,"lower=-0.100",-0.1,0.15,1,,1.05925432356324,1.05925432356324,0.6
35,"K2_n200_bina_equivalence_type1_lower_hetero_first_factor","null","K2_n200",2,200,0.8,"binary","equivalence","type1_lower","hetero_first_factor","binary_direct_hetero","first_factor",-0.21,0.05,"lower=-0.210;upper=0.210",-0.21,0.15,1,,1.05925432356324,1.20403638615251,0.6
38,"K2_n200_bina_equivalence_type1_upper_hetero_first_factor","null","K2_n200",2,200,0.8,"binary","equivalence","type1_upper","hetero_first_factor","binary_direct_hetero","first_factor",0.21,0.05,"lower=-0.210;upper=0.210",0.21,0.10935,0.729,,1.21619726081369,1.05925432356324,0.6
44,"K2_n1000_cont_superiority_type1_hetero_first_factor","null","K2_n1000",2,1000,0.8,"continuous","superiority","type1","hetero_first_factor","continuous_hetero","first_factor",0,0.05,"zero=0.000",0,0.5,1,0.25,1.05726589890499,1.05726589890499,
50,"K2_n1000_cont_noninferiority_type1_hetero_first_factor","null","K2_n1000",2,1000,0.8,"continuous","noninferiority","type1","hetero_first_factor","continuous_hetero","first_factor",-0.2,0.025,"lower=-0.200",-0.2,0.5,1,0.25,1.05726589890499,1.05726589890499,
56,"K2_n1000_cont_equivalence_type1_lower_hetero_first_factor","null","K2_n1000",2,1000,0.8,"continuous","equivalence","type1_lower","hetero_first_factor","continuous_hetero","first_factor",-0.45,0.05,"lower=-0.450;upper=0.450",-0.45,0.5,1,0.25,1.05726589890499,1.16932373309117,
59,"K2_n1000_cont_equivalence_type1_upper_hetero_first_factor","null","K2_n1000",2,1000,0.8,"continuous","equivalence","type1_upper","hetero_first_factor","continuous_hetero","first_factor",0.45,0.05,"lower=-0.450;upper=0.450",0.45,0.5,1,0.25,1.17093615155664,1.05726589890499,
65,"K2_n1000_bina_superiority_type1_hetero_first_factor","null","K2_n1000",2,1000,0.8,"binary","superiority","type1","hetero_first_factor","binary_direct_hetero","first_factor",0,0.05,"zero=0.000",0,0.15,1,,1.05726589890499,1.05726589890499,0.6
71,"K2_n1000_bina_noninferiority_type1_hetero_first_factor","null","K2_n1000",2,1000,0.8,"binary","noninferiority","type1","hetero_first_factor","binary_direct_hetero","first_factor",-0.1,0.025,"lower=-0.100",-0.1,0.15,1,,1.05726589890499,1.05726589890499,0.6
77,"K2_n1000_bina_equivalence_type1_lower_hetero_first_factor","null","K2_n1000",2,1000,0.8,"binary","equivalence","type1_lower","hetero_first_factor","binary_direct_hetero","first_factor",-0.1,0.05,"lower=-0.100;upper=0.100",-0.1,0.15,1,,1.05726589890499,1.15088146482065,0.6
80,"K2_n1000_bina_equivalence_type1_upper_hetero_first_factor","null","K2_n1000",2,1000,0.8,"binary","equivalence","type1_upper","hetero_first_factor","binary_direct_hetero","first_factor",0.1,0.05,"lower=-0.100;upper=0.100",0.1,0.15,1,,1.15270457263227,1.05726589890499,0.6
86,"K5_n400_cont_superiority_type1_hetero_first_factor","null","K5_n400",5,400,0.8,"continuous","superiority","type1","hetero_first_factor","continuous_hetero","first_factor",0,0.05,"zero=0.000",0,0.5,1,0.25,1.03322674335443,1.03322674335443,
92,"K5_n400_cont_noninferiority_type1_hetero_first_factor","null","K5_n400",5,400,0.8,"continuous","noninferiority","type1","hetero_first_factor","continuous_hetero","first_factor",-0.2,0.025,"lower=-0.200",-0.2,0.5,1,0.25,1.03322674335443,1.03322674335443,
98,"K5_n400_cont_equivalence_type1_lower_hetero_first_factor","null","K5_n400",5,400,0.8,"continuous","equivalence","type1_lower","hetero_first_factor","continuous_hetero","first_factor",-0.45,0.05,"lower=-0.450;upper=0.450",-0.45,0.5,1,0.25,1.03322674335443,1.1439904349469,
101,"K5_n400_cont_equivalence_type1_upper_hetero_first_factor","null","K5_n400",5,400,0.8,"continuous","equivalence","type1_upper","hetero_first_factor","continuous_hetero","first_factor",0.45,0.05,"lower=-0.450;upper=0.450",0.45,0.5,1,0.25,1.14142101004247,1.03322674335443,
107,"K5_n400_bina_superiority_type1_hetero_first_factor","null","K5_n400",5,400,0.8,"binary","superiority","type1","hetero_first_factor","binary_direct_hetero","first_factor",0,0.05,"zero=0.000",1.30104260698261e-18,0.15,1,,1.03322674335444,1.03322674335444,0.6
113,"K5_n400_bina_noninferiority_type1_hetero_first_factor","null","K5_n400",5,400,0.8,"binary","noninferiority","type1","hetero_first_factor","binary_direct_hetero","first_factor",-0.1,0.025,"lower=-0.100",-0.0999999999999999,0.15,1,,1.03322674335444,1.03322674335444,0.6
119,"K5_n400_bina_equivalence_type1_lower_hetero_first_factor","null","K5_n400",5,400,0.8,"binary","equivalence","type1_lower","hetero_first_factor","binary_direct_hetero","first_factor",-0.15,0.05,"lower=-0.150;upper=0.150",-0.15,0.15,1,,1.03322674335444,1.14905225798958,0.6
122,"K5_n400_bina_equivalence_type1_upper_hetero_first_factor","null","K5_n400",5,400,0.8,"binary","equivalence","type1_upper","hetero_first_factor","binary_direct_hetero","first_factor",0.15,0.05,"lower=-0.150;upper=0.150",0.15,0.10935,0.729,,1.15871948034949,1.03322674335444,0.6
128,"K5_n2000_cont_superiority_type1_hetero_first_factor","null","K5_n2000",5,2000,0.8,"continuous","superiority","type1","hetero_first_factor","continuous_hetero","first_factor",0,0.05,"zero=0.000",0,0.5,1,0.25,1.03091640732598,1.03091640732598,
134,"K5_n2000_cont_noninferiority_type1_hetero_first_factor","null","K5_n2000",5,2000,0.8,"continuous","noninferiority","type1","hetero_first_factor","continuous_hetero","first_factor",-0.2,0.025,"lower=-0.200",-0.2,0.5,1,0.25,1.03091640732598,1.03091640732598,
140,"K5_n2000_cont_equivalence_type1_lower_hetero_first_factor","null","K5_n2000",5,2000,0.8,"continuous","equivalence","type1_lower","hetero_first_factor","continuous_hetero","first_factor",-0.45,0.05,"lower=-0.450;upper=0.450",-0.45,0.5,1,0.25,1.03091640732598,1.13020416091478,
143,"K5_n2000_cont_equivalence_type1_upper_hetero_first_factor","null","K5_n2000",5,2000,0.8,"continuous","equivalence","type1_upper","hetero_first_factor","continuous_hetero","first_factor",0.45,0.05,"lower=-0.450;upper=0.450",0.45,0.5,1,0.25,1.12893193760218,1.03091640732598,
149,"K5_n2000_bina_superiority_type1_hetero_first_factor","null","K5_n2000",5,2000,0.8,"binary","superiority","type1","hetero_first_factor","binary_direct_hetero","first_factor",0,0.05,"zero=0.000",1.30104260698261e-18,0.15,1,,1.03091640732598,1.03091640732598,0.6
155,"K5_n2000_bina_noninferiority_type1_hetero_first_factor","null","K5_n2000",5,2000,0.8,"binary","noninferiority","type1","hetero_first_factor","binary_direct_hetero","first_factor",-0.1,0.025,"lower=-0.100",-0.0999999999999999,0.15,1,,1.03091640732598,1.03091640732598,0.6
161,"K5_n2000_bina_equivalence_type1_lower_hetero_first_factor","null","K5_n2000",5,2000,0.8,"binary","equivalence","type1_lower","hetero_first_factor","binary_direct_hetero","first_factor",-0.1,0.05,"lower=-0.100;upper=0.100",-0.0999999999999999,0.15,1,,1.03091640732598,1.11425943249427,0.6
164,"K5_n2000_bina_equivalence_type1_upper_hetero_first_factor","null","K5_n2000",5,2000,0.8,"binary","equivalence","type1_upper","hetero_first_factor","binary_direct_hetero","first_factor",0.1,0.05,"lower=-0.100;upper=0.100",0.0999999999999999,0.15,1,,1.11282097200215,1.03091640732598,0.6
