scenario_id,design_label,outcome_type,objective,role,analysis,true_effect,alpha,is_null,n_outer,rt,rt_se,rt_minus_nominal,crt_model,crt_model_se,crt_model_minus_nominal,crt_data,crt_data_se,crt_data_minus_nominal,crt_data_db,crt_data_db_se,crt_data_db_minus_nominal,siga_s,siga_s_se,siga_s_minus_nominal,siga_r,siga_r_se,siga_r_minus_nominal,mean_lambda_model,mean_lambda_data,mean_lambda_data_db,mean_ratio_vr_model_over_vs,mean_ratio_vrt_empirical_over_vs,mean_ratio_vrt_empirical_over_vr_model
2,K2_n200,continuous,superiority,type1,adjusted,0.0,0.05,TRUE,100000,0.0435,0.0006450406963905455,-0.006500000000000006,0.050199999999999995,0.0006905067704229987,0.00019999999999999185,0.050199999999999995,0.0006905067704229987,0.00019999999999999185,0.049800000000000004,0.0006878950501348299,-0.0001999999999999988,0.048600000000000004,0.0006799855880825711,-0.0013999999999999985,0.0426,0.0006386332280738296,-0.007400000000000004,1.0294,1.0308,1.0293,1.0597,1.0493,0.9902
2,K2_n200,continuous,superiority,type1,unadjusted,0.0,0.05,TRUE,100000,0.0443,0.0006506728056404386,-0.005700000000000004,0.0504,0.0006918080658679833,0.0003999999999999976,0.0504,0.0006918080658679833,0.0003999999999999976,0.05,0.0006892024376045111,0.0,0.0479,0.0006753191097547883,-0.0021000000000000046,0.042,0.000634318531969546,-0.008,1.0281,1.0295,1.028,1.0571,1.0415,0.9853
8,K2_n200,continuous,noninferiority,type1,adjusted,-0.2,0.025,TRUE,100000,0.021400000000000002,0.0004576247370936148,-0.003599999999999999,0.0246,0.0004898452816961699,-0.00040000000000000105,0.0245,0.0004888737055723083,-0.0005000000000000004,0.024300000000000002,0.0004869241213988069,-0.0006999999999999992,0.024399999999999998,0.0004878999897519982,-0.0006000000000000033,0.0212,0.00045552782571430255,-0.0038000000000000013,1.0294,1.0308,1.0293,1.0597,1.0496,0.9904
8,K2_n200,continuous,noninferiority,type1,unadjusted,-0.2,0.025,TRUE,100000,0.021099999999999997,0.00045447541187615414,-0.003900000000000004,0.024399999999999998,0.0004878999897519982,-0.0006000000000000033,0.024399999999999998,0.0004878999897519982,-0.0006000000000000033,0.0242,0.0004859460875446987,-0.0008000000000000021,0.0232,0.00047604369547343025,-0.001800000000000003,0.0203,0.0004459586303683336,-0.004700000000000003,1.0281,1.0295,1.028,1.0571,1.0417,0.9854
14,K2_n200,continuous,equivalence,type1_lower,adjusted,-0.45,0.05,TRUE,100000,0.045,0.0006555532015023647,-0.0050000000000000044,0.0501,0.0006898549847612903,9.999999999999593e-05,0.050199999999999995,0.0006905067704229987,0.00019999999999999185,0.0499,0.0006885491267876243,-0.00010000000000000286,0.049,0.0006826346021115543,-0.0010000000000000009,0.0444,0.0006513727043713146,-0.005600000000000001,1.0294,1.0308,1.0293,1.0597,1.0492,0.9901
14,K2_n200,continuous,equivalence,type1_lower,unadjusted,-0.45,0.05,TRUE,100000,0.0453,0.0006576314317305704,-0.004700000000000003,0.0499,0.0006885491267876243,-0.00010000000000000286,0.0501,0.0006898549847612903,9.999999999999593e-05,0.049800000000000004,0.0006878950501348299,-0.0001999999999999988,0.048499999999999995,0.0006793213525276531,-0.0015000000000000083,0.044000000000000004,0.0006485676526007137,-0.005999999999999998,1.0282,1.0295,1.028,1.0571,1.0416,0.9853
17,K2_n200,continuous,equivalence,type1_upper,adjusted,0.45,0.05,TRUE,100000,0.0454,0.0006583224134115442,-0.0046,0.050199999999999995,0.0006905067704229987,0.00019999999999999185,0.0504,0.0006918080658679833,0.0003999999999999976,0.0501,0.0006898549847612903,9.999999999999593e-05,0.049400000000000006,0.0006852710412676141,-0.0005999999999999964,0.044800000000000006,0.0006541632823691652,-0.005199999999999996,1.0294,1.0309,1.0293,1.0597,1.0493,0.9902
17,K2_n200,continuous,equivalence,type1_upper,unadjusted,0.45,0.05,TRUE,100000,0.045599999999999995,0.0006597017507934931,-0.004400000000000008,0.0501,0.0006898549847612903,9.999999999999593e-05,0.050199999999999995,0.0006905067704229987,0.00019999999999999185,0.0499,0.0006885491267876243,-0.00010000000000000286,0.0493,0.0006846131024162479,-0.0007000000000000062,0.0446,0.0006527697909676887,-0.005400000000000002,1.0281,1.0295,1.028,1.0571,1.0416,0.9854
23,K2_n200,binary,superiority,type1,adjusted,0.0,0.05,TRUE,100000,0.0431,0.0006422023824309592,-0.006900000000000003,0.0434,0.0006443325228482573,-0.006600000000000002,0.0466,0.0006665466225253866,-0.0034000000000000002,0.0458,0.0006610776051266599,-0.004200000000000002,0.048799999999999996,0.0006813116761071983,-0.0012000000000000066,0.048499999999999995,0.0006793213525276531,-0.0015000000000000083,1.001,1.0083,1.0009,1.0019,1.0021,1.0001
23,K2_n200,binary,superiority,type1,unadjusted,0.0,0.05,TRUE,100000,0.036699999999999997,0.0005945848131259325,-0.013300000000000006,0.036699999999999997,0.0005945848131259325,-0.013300000000000006,0.036699999999999997,0.0005945848131259325,-0.013300000000000006,0.036699999999999997,0.0005945848131259325,-0.013300000000000006,0.0482,0.0006773238516396716,-0.001800000000000003,0.048,0.0006759881655768835,-0.0020000000000000018,1.001,1.0083,1.0009,1.0019,1.0018,0.9999
29,K2_n200,binary,noninferiority,type1,adjusted,-0.1,0.025,TRUE,100000,0.023,0.0004740358636221525,-0.0020000000000000018,0.0231,0.0004750409456036395,-0.0019000000000000024,0.025699999999999997,0.0005003949440192217,0.0006999999999999958,0.024700000000000003,0.0004908147308302798,-0.0002999999999999982,0.0235,0.0004790380986936217,-0.0015000000000000013,0.0235,0.0004790380986936217,-0.0015000000000000013,1.0009,1.0083,1.0008,1.0019,1.0018,0.9999
29,K2_n200,binary,noninferiority,type1,unadjusted,-0.1,0.025,TRUE,100000,0.0227,0.0004710064755393497,-0.0023,0.0227,0.0004710064755393497,-0.0023,0.024700000000000003,0.0004908147308302798,-0.0002999999999999982,0.0239,0.0004829988612823016,-0.0011000000000000003,0.0236,0.0004800316656221754,-0.001400000000000002,0.0235,0.0004790380986936217,-0.0015000000000000013,1.0009,1.0083,1.0008,1.0019,1.0015,0.9996
35,K2_n200,binary,equivalence,type1_lower,adjusted,-0.21,0.05,TRUE,100000,0.047599999999999996,0.000673307062193766,-0.0024000000000000063,0.04769999999999999,0.000673978560489872,-0.0023000000000000104,0.0506,0.0006931063410473172,0.0005999999999999964,0.049400000000000006,0.0006852710412676141,-0.0005999999999999964,0.046799999999999994,0.0006679053825206082,-0.0032000000000000084,0.0467,0.0006672264233376853,-0.0033000000000000043,1.001,1.0084,1.001,1.0019,1.0022,1.0003
35,K2_n200,binary,equivalence,type1_lower,unadjusted,-0.21,0.05,TRUE,100000,0.04769999999999999,0.000673978560489872,-0.0023000000000000104,0.0478,0.0006746492421992336,-0.0022000000000000006,0.0508,0.0006944016129013526,0.0007999999999999952,0.049400000000000006,0.0006852710412676141,-0.0005999999999999964,0.0455,0.0006590125188492248,-0.004500000000000004,0.0453,0.0006576314317305704,-0.004700000000000003,1.001,1.0084,1.001,1.0019,1.002,1.0
38,K2_n200,binary,equivalence,type1_upper,adjusted,0.21,0.05,TRUE,100000,0.0504,0.0006918080658679833,0.0003999999999999976,0.050499999999999996,0.0006924575799281859,0.0004999999999999935,0.053399999999999996,0.0007109742611374901,0.0033999999999999933,0.0524,0.0007046576473721122,0.0023999999999999994,0.0504,0.0006918080658679833,0.0003999999999999976,0.050199999999999995,0.0006905067704229987,0.00019999999999999185,1.0006,1.0081,1.0006,1.0012,1.0011,0.9998
38,K2_n200,binary,equivalence,type1_upper,unadjusted,0.21,0.05,TRUE,100000,0.0504,0.0006918080658679833,0.0003999999999999976,0.0504,0.0006918080658679833,0.0003999999999999976,0.053399999999999996,0.0007109742611374901,0.0033999999999999933,0.0521,0.0007027488171459273,0.0020999999999999977,0.050199999999999995,0.0006905067704229987,0.00019999999999999185,0.0501,0.0006898549847612903,9.999999999999593e-05,1.0006,1.0081,1.0006,1.0012,1.0009,0.9996
44,K2_n1000,continuous,superiority,type1,adjusted,0.0,0.05,TRUE,100000,0.0437,0.0006464542520550081,-0.0063,0.0495,0.0006859282032399601,-0.0005000000000000004,0.049400000000000006,0.0006852710412676141,-0.0005999999999999964,0.0493,0.0006846131024162479,-0.0007000000000000062,0.049800000000000004,0.0006878950501348299,-0.0001999999999999988,0.0438,0.0006471596402743298,-0.006200000000000004,1.0275,1.0278,1.0275,1.0558,1.0562,1.0004
44,K2_n1000,continuous,superiority,type1,unadjusted,0.0,0.05,TRUE,100000,0.0431,0.0006422023824309592,-0.006900000000000003,0.0495,0.0006859282032399601,-0.0005000000000000004,0.0495,0.0006859282032399601,-0.0005000000000000004,0.0495,0.0006859282032399601,-0.0005000000000000004,0.0495,0.0006859282032399601,-0.0005000000000000004,0.0433,0.0006436234147387741,-0.0067000000000000046,1.0273,1.0276,1.0273,1.0553,1.0546,0.9993
50,K2_n1000,continuous,noninferiority,type1,adjusted,-0.2,0.025,TRUE,100000,0.0216,0.00045971121369833915,-0.0034000000000000002,0.0245,0.0004888737055723083,-0.0005000000000000004,0.0245,0.0004888737055723083,-0.0005000000000000004,0.0245,0.0004888737055723083,-0.0005000000000000004,0.0245,0.0004888737055723083,-0.0005000000000000004,0.021400000000000002,0.0004576247370936148,-0.003599999999999999,1.0275,1.0278,1.0275,1.0558,1.0562,1.0003
50,K2_n1000,continuous,noninferiority,type1,unadjusted,-0.2,0.025,TRUE,100000,0.0213,0.00045657759471967087,-0.003700000000000002,0.024399999999999998,0.0004878999897519982,-0.0006000000000000033,0.024399999999999998,0.0004878999897519982,-0.0006000000000000033,0.024399999999999998,0.0004878999897519982,-0.0006000000000000033,0.0241,0.0004849658750881344,-0.0009000000000000015,0.0212,0.00045552782571430255,-0.0038000000000000013,1.0273,1.0276,1.0273,1.0553,1.0545,0.9993
56,K2_n1000,continuous,equivalence,type1_lower,adjusted,-0.45,0.05,TRUE,100000,0.045700000000000005,0.0006603901119792755,-0.004299999999999998,0.0501,0.0006898549847612903,9.999999999999593e-05,0.0501,0.0006898549847612903,9.999999999999593e-05,0.0501,0.0006898549847612903,9.999999999999593e-05,0.0501,0.0006898549847612903,9.999999999999593e-05,0.045700000000000005,0.0006603901119792755,-0.004299999999999998,1.0275,1.0278,1.0275,1.0558,1.0564,1.0005
56,K2_n1000,continuous,equivalence,type1_lower,unadjusted,-0.45,0.05,TRUE,100000,0.0454,0.0006583224134115442,-0.0046,0.049800000000000004,0.0006878950501348299,-0.0001999999999999988,0.049800000000000004,0.0006878950501348299,-0.0001999999999999988,0.049699999999999994,0.0006872402054594885,-0.0003000000000000086,0.049400000000000006,0.0006852710412676141,-0.0005999999999999964,0.045,0.0006555532015023647,-0.0050000000000000044,1.0273,1.0276,1.0273,1.0553,1.0548,0.9995
59,K2_n1000,continuous,equivalence,type1_upper,adjusted,0.45,0.05,TRUE,100000,0.0463,0.0006645021444660656,-0.003700000000000002,0.0504,0.0006918080658679833,0.0003999999999999976,0.0504,0.0006918080658679833,0.0003999999999999976,0.0504,0.0006918080658679833,0.0003999999999999976,0.0504,0.0006918080658679833,0.0003999999999999976,0.0464,0.0006651844856879932,-0.003600000000000006,1.0275,1.0278,1.0275,1.0558,1.0565,1.0007
59,K2_n1000,continuous,equivalence,type1_upper,unadjusted,0.45,0.05,TRUE,100000,0.045899999999999996,0.0006617642329410074,-0.004100000000000006,0.050300000000000004,0.0006911577967439852,0.00030000000000000165,0.050300000000000004,0.0006911577967439852,0.00030000000000000165,0.050300000000000004,0.0006911577967439852,0.00030000000000000165,0.0504,0.0006918080658679833,0.0003999999999999976,0.0461,0.0006631349033190758,-0.0039000000000000007,1.0273,1.0276,1.0273,1.0553,1.0549,0.9996
65,K2_n1000,binary,superiority,type1,adjusted,0.0,0.05,TRUE,100000,0.0471,0.0006699372358661668,-0.0029,0.0473,0.000671287643264793,-0.002700000000000001,0.0483,0.0006779904866589207,-0.0017000000000000001,0.0482,0.0006773238516396716,-0.001800000000000003,0.0495,0.0006859282032399601,-0.0005000000000000004,0.049400000000000006,0.0006852710412676141,-0.0005999999999999964,1.0009,1.0023,1.0009,1.0018,1.0012,0.9994
65,K2_n1000,binary,superiority,type1,unadjusted,0.0,0.05,TRUE,100000,0.0441,0.0006492702827020501,-0.0059000000000000025,0.0441,0.0006492702827020501,-0.0059000000000000025,0.0441,0.0006492702827020501,-0.0059000000000000025,0.0441,0.0006492702827020501,-0.0059000000000000025,0.0493,0.0006846131024162479,-0.0007000000000000062,0.0492,0.000683954384443875,-0.0008000000000000021,1.0009,1.0023,1.0009,1.0018,1.0012,0.9994
71,K2_n1000,binary,noninferiority,type1,adjusted,-0.1,0.025,TRUE,100000,0.0239,0.0004829988612823016,-0.0011000000000000003,0.0239,0.0004829988612823016,-0.0011000000000000003,0.024399999999999998,0.0004878999897519982,-0.0006000000000000033,0.0242,0.0004859460875446987,-0.0008000000000000021,0.0242,0.0004859460875446987,-0.0008000000000000021,0.024,0.0004839834707921336,-0.0010000000000000009,1.0009,1.0023,1.0009,1.0018,1.0017,1.0
71,K2_n1000,binary,noninferiority,type1,unadjusted,-0.1,0.025,TRUE,100000,0.023700000000000002,0.00048102297242439475,-0.001299999999999999,0.023700000000000002,0.00048102297242439475,-0.001299999999999999,0.0239,0.0004829988612823016,-0.0011000000000000003,0.023799999999999998,0.0004820120330448193,-0.0012000000000000031,0.0242,0.0004859460875446987,-0.0008000000000000021,0.0241,0.0004849658750881344,-0.0009000000000000015,1.0009,1.0023,1.0009,1.0018,1.0017,0.9999
77,K2_n1000,binary,equivalence,type1_lower,adjusted,-0.1,0.05,TRUE,100000,0.049400000000000006,0.0006852710412676141,-0.0005999999999999964,0.0495,0.0006859282032399601,-0.0005000000000000004,0.0499,0.0006885491267876243,-0.00010000000000000286,0.049699999999999994,0.0006872402054594885,-0.0003000000000000086,0.049800000000000004,0.0006878950501348299,-0.0001999999999999988,0.049699999999999994,0.0006872402054594885,-0.0003000000000000086,1.0009,1.0023,1.0009,1.0018,1.0013,0.9996
77,K2_n1000,binary,equivalence,type1_lower,unadjusted,-0.1,0.05,TRUE,100000,0.049100000000000005,0.0006832948850972031,-0.000899999999999998,0.049100000000000005,0.0006832948850972031,-0.000899999999999998,0.0492,0.000683954384443875,-0.0008000000000000021,0.0492,0.000683954384443875,-0.0008000000000000021,0.049800000000000004,0.0006878950501348299,-0.0001999999999999988,0.049400000000000006,0.0006852710412676141,-0.0005999999999999964,1.0009,1.0023,1.0009,1.0018,1.0013,0.9995
80,K2_n1000,binary,equivalence,type1_upper,adjusted,0.1,0.05,TRUE,100000,0.05,0.0006892024376045111,0.0,0.05,0.0006892024376045111,0.0,0.0504,0.0006918080658679833,0.0003999999999999976,0.050300000000000004,0.0006911577967439852,0.00030000000000000165,0.050199999999999995,0.0006905067704229987,0.00019999999999999185,0.0501,0.0006898549847612903,9.999999999999593e-05,1.001,1.0024,1.001,1.0019,1.0018,0.9998
80,K2_n1000,binary,equivalence,type1_upper,unadjusted,0.1,0.05,TRUE,100000,0.049699999999999994,0.0006872402054594885,-0.0003000000000000086,0.049800000000000004,0.0006878950501348299,-0.0001999999999999988,0.0499,0.0006885491267876243,-0.00010000000000000286,0.049800000000000004,0.0006878950501348299,-0.0001999999999999988,0.050499999999999996,0.0006924575799281859,0.0004999999999999935,0.050300000000000004,0.0006911577967439852,0.00030000000000000165,1.001,1.0024,1.001,1.0019,1.0017,0.9998
86,K5_n400,continuous,superiority,type1,adjusted,0.0,0.05,TRUE,100000,0.0425,0.0006379165305900137,-0.0075,0.0499,0.0006885491267876243,-0.00010000000000000286,0.048499999999999995,0.0006793213525276531,-0.0015000000000000083,0.0484,0.0006786563195019994,-0.0016000000000000042,0.049400000000000006,0.0006852710412676141,-0.0005999999999999964,0.0421,0.0006350400774754298,-0.007900000000000004,1.0345,1.0294,1.0288,1.0702,1.0664,0.9964
86,K5_n400,continuous,superiority,type1,unadjusted,0.0,0.05,TRUE,100000,0.043,0.0006414904519944158,-0.007000000000000006,0.0499,0.0006885491267876243,-0.00010000000000000286,0.0487,0.0006806490285014737,-0.0013000000000000025,0.048600000000000004,0.0006799855880825711,-0.0013999999999999985,0.0421,0.0006350400774754298,-0.007900000000000004,0.0363,0.0005914584516261476,-0.013700000000000004,1.0307,1.0261,1.0256,1.0623,0.9908,0.9327
92,K5_n400,continuous,noninferiority,type1,adjusted,-0.2,0.025,TRUE,100000,0.022000000000000002,0.0004638534251247909,-0.002999999999999999,0.0256,0.0004994460931872428,0.0005999999999999998,0.025,0.0004937104414532875,0.0,0.024900000000000002,0.0004927472983183165,-9.99999999999994e-05,0.0253,0.0004965874545334387,0.0002999999999999982,0.0218,0.00046178739696964445,-0.0032000000000000015,1.0345,1.0294,1.0288,1.0702,1.0662,0.9963
92,K5_n400,continuous,noninferiority,type1,unadjusted,-0.2,0.025,TRUE,100000,0.0218,0.00046178739696964445,-0.0032000000000000015,0.0253,0.0004965874545334387,0.0002999999999999982,0.024700000000000003,0.0004908147308302798,-0.0002999999999999982,0.0246,0.0004898452816961699,-0.00040000000000000105,0.021400000000000002,0.0004576247370936148,-0.003599999999999999,0.0181,0.0004215731253294024,-0.0069,1.0306,1.0261,1.0257,1.0622,0.9905,0.9325
98,K5_n400,continuous,equivalence,type1_lower,adjusted,-0.45,0.05,TRUE,100000,0.0444,0.0006513727043713146,-0.005600000000000001,0.05,0.0006892024376045111,0.0,0.049,0.0006826346021115543,-0.0010000000000000009,0.0489,0.0006819735332107838,-0.0011000000000000038,0.049400000000000006,0.0006852710412676141,-0.0005999999999999964,0.043899999999999995,0.000647864106121029,-0.006100000000000008,1.0345,1.0294,1.0289,1.0702,1.0665,0.9966
98,K5_n400,continuous,equivalence,type1_lower,unadjusted,-0.45,0.05,TRUE,100000,0.0443,0.0006506728056404386,-0.005700000000000004,0.0493,0.0006846131024162479,-0.0007000000000000062,0.0487,0.0006806490285014737,-0.0013000000000000025,0.048600000000000004,0.0006799855880825711,-0.0013999999999999985,0.0435,0.0006450406963905455,-0.006500000000000006,0.0392,0.0006137048150373272,-0.010800000000000004,1.0306,1.0261,1.0257,1.0622,0.991,0.9329
101,K5_n400,continuous,equivalence,type1_upper,adjusted,0.45,0.05,TRUE,100000,0.0441,0.0006492702827020501,-0.0059000000000000025,0.05,0.0006892024376045111,0.0,0.049,0.0006826346021115543,-0.0010000000000000009,0.0489,0.0006819735332107838,-0.0011000000000000038,0.0496,0.000686584590564047,-0.0004000000000000045,0.044000000000000004,0.0006485676526007137,-0.005999999999999998,1.0345,1.0294,1.0288,1.0702,1.0667,0.9967
101,K5_n400,continuous,equivalence,type1_upper,unadjusted,0.45,0.05,TRUE,100000,0.044199999999999996,0.0006499719993968971,-0.0058000000000000065,0.0493,0.0006846131024162479,-0.0007000000000000062,0.048600000000000004,0.0006799855880825711,-0.0013999999999999985,0.0484,0.0006786563195019994,-0.0016000000000000042,0.0435,0.0006450406963905455,-0.006500000000000006,0.0391,0.0006129534240054459,-0.0109,1.0307,1.0261,1.0256,1.0622,0.991,0.9329
107,K5_n400,binary,superiority,type1,adjusted,0.0,0.05,TRUE,100000,0.0495,0.0006859282032399601,-0.0005000000000000004,0.049800000000000004,0.0006878950501348299,-0.0001999999999999988,0.0524,0.0007046576473721122,0.0023999999999999994,0.0516,0.0006995530001365158,0.0015999999999999973,0.050300000000000004,0.0006911577967439852,0.00030000000000000165,0.05,0.0006892024376045111,0.0,1.0011,1.0043,1.0017,1.0023,1.0028,1.0005
107,K5_n400,binary,superiority,type1,unadjusted,0.0,0.05,TRUE,100000,0.041299999999999996,0.0006292400972601794,-0.008700000000000006,0.041299999999999996,0.0006292400972601794,-0.008700000000000006,0.041299999999999996,0.0006292400972601794,-0.008700000000000006,0.041299999999999996,0.0006292400972601794,-0.008700000000000006,0.05,0.0006892024376045111,0.0,0.049800000000000004,0.0006878950501348299,-0.0001999999999999988,1.0011,1.0043,1.0017,1.0023,0.9996,0.9973
113,K5_n400,binary,noninferiority,type1,adjusted,-0.1,0.025,TRUE,100000,0.0235,0.0004790380986936217,-0.0015000000000000013,0.0236,0.0004800316656221754,-0.001400000000000002,0.024399999999999998,0.0004878999897519982,-0.0006000000000000033,0.0242,0.0004859460875446987,-0.0008000000000000021,0.023399999999999997,0.00047804225754633867,-0.0016000000000000042,0.0233,0.000477044127937867,-0.0017000000000000001,1.0011,1.0042,1.0017,1.0022,1.0027,1.0005
113,K5_n400,binary,noninferiority,type1,unadjusted,-0.1,0.025,TRUE,100000,0.022799999999999997,0.00047201864369958945,-0.002200000000000004,0.022799999999999997,0.00047201864369958945,-0.002200000000000004,0.0233,0.000477044127937867,-0.0017000000000000001,0.0231,0.0004750409456036395,-0.0019000000000000024,0.0233,0.000477044127937867,-0.0017000000000000001,0.0231,0.0004750409456036395,-0.0019000000000000024,1.0011,1.0042,1.0017,1.0022,0.9995,0.9973
119,K5_n400,binary,equivalence,type1_lower,adjusted,-0.15,0.05,TRUE,100000,0.047,0.0006692607862410587,-0.0030000000000000027,0.0471,0.0006699372358661668,-0.0029,0.048,0.0006759881655768835,-0.0020000000000000018,0.047599999999999996,0.000673307062193766,-0.0024000000000000063,0.0473,0.000671287643264793,-0.002700000000000001,0.0471,0.0006699372358661668,-0.0029,1.0011,1.0042,1.0017,1.0022,1.0029,1.0006
119,K5_n400,binary,equivalence,type1_lower,unadjusted,-0.15,0.05,TRUE,100000,0.0466,0.0006665466225253866,-0.0034000000000000002,0.0466,0.0006665466225253866,-0.0034000000000000002,0.047400000000000005,0.0006719616060460598,-0.002599999999999998,0.047,0.0006692607862410587,-0.0030000000000000027,0.0479,0.0006753191097547883,-0.0021000000000000046,0.047599999999999996,0.000673307062193766,-0.0024000000000000063,1.0011,1.0042,1.0017,1.0022,0.9997,0.9974
122,K5_n400,binary,equivalence,type1_upper,adjusted,0.15,0.05,TRUE,100000,0.048799999999999996,0.0006813116761071983,-0.0012000000000000066,0.0489,0.0006819735332107838,-0.0011000000000000038,0.0501,0.0006898549847612903,9.999999999999593e-05,0.0495,0.0006859282032399601,-0.0005000000000000004,0.049100000000000005,0.0006832948850972031,-0.000899999999999998,0.049,0.0006826346021115543,-0.0010000000000000009,1.0007,1.0039,1.0013,1.0013,1.0019,1.0006
122,K5_n400,binary,equivalence,type1_upper,unadjusted,0.15,0.05,TRUE,100000,0.048600000000000004,0.0006799855880825711,-0.0013999999999999985,0.048600000000000004,0.0006799855880825711,-0.0013999999999999985,0.0492,0.000683954384443875,-0.0008000000000000021,0.0489,0.0006819735332107838,-0.0011000000000000038,0.049100000000000005,0.0006832948850972031,-0.000899999999999998,0.049,0.0006826346021115543,-0.0010000000000000009,1.0007,1.0039,1.0013,1.0013,0.9992,0.9978
128,K5_n2000,continuous,superiority,type1,adjusted,0.0,0.05,TRUE,100000,0.0429,0.000640777574513965,-0.007100000000000002,0.05,0.0006892024376045111,0.0,0.049800000000000004,0.0006878950501348299,-0.0001999999999999988,0.049800000000000004,0.0006878950501348299,-0.0001999999999999988,0.0499,0.0006885491267876243,-0.00010000000000000286,0.0426,0.0006386332280738296,-0.007400000000000004,1.0352,1.0349,1.0347,1.0715,1.0706,0.9991
128,K5_n2000,continuous,superiority,type1,unadjusted,0.0,0.05,TRUE,100000,0.0425,0.0006379165305900137,-0.0075,0.05,0.0006892024376045111,0.0,0.0499,0.0006885491267876243,-0.00010000000000000286,0.0499,0.0006885491267876243,-0.00010000000000000286,0.0484,0.0006786563195019994,-0.0016000000000000042,0.0409,0.0006263161342325455,-0.009100000000000004,1.0342,1.0339,1.0338,1.0697,1.0521,0.9836
134,K5_n2000,continuous,noninferiority,type1,adjusted,-0.2,0.025,TRUE,100000,0.0212,0.00045552782571430255,-0.0038000000000000013,0.025,0.0004937104414532875,0.0,0.025,0.0004937104414532875,0.0,0.025,0.0004937104414532875,0.0,0.025099999999999997,0.0004946715071640977,9.999999999999593e-05,0.0212,0.00045552782571430255,-0.0038000000000000013,1.0352,1.0348,1.0347,1.0715,1.0706,0.9991
134,K5_n2000,continuous,noninferiority,type1,unadjusted,-0.2,0.025,TRUE,100000,0.021400000000000002,0.0004576247370936148,-0.003599999999999999,0.025099999999999997,0.0004946715071640977,9.999999999999593e-05,0.025,0.0004937104414532875,0.0,0.025,0.0004937104414532875,0.0,0.0241,0.0004849658750881344,-0.0009000000000000015,0.0204,0.00044703288469641697,-0.0046,1.0342,1.0339,1.0338,1.0697,1.0521,0.9836
140,K5_n2000,continuous,equivalence,type1_lower,adjusted,-0.45,0.05,TRUE,100000,0.0444,0.0006513727043713146,-0.005600000000000001,0.049699999999999994,0.0006872402054594885,-0.0003000000000000086,0.049699999999999994,0.0006872402054594885,-0.0003000000000000086,0.049699999999999994,0.0006872402054594885,-0.0003000000000000086,0.049800000000000004,0.0006878950501348299,-0.0001999999999999988,0.044199999999999996,0.0006499719993968971,-0.0058000000000000065,1.0352,1.0349,1.0347,1.0715,1.0705,0.9991
140,K5_n2000,continuous,equivalence,type1_lower,unadjusted,-0.45,0.05,TRUE,100000,0.044199999999999996,0.0006499719993968971,-0.0058000000000000065,0.049699999999999994,0.0006872402054594885,-0.0003000000000000086,0.0496,0.000686584590564047,-0.0004000000000000045,0.0496,0.000686584590564047,-0.0004000000000000045,0.0482,0.0006773238516396716,-0.001800000000000003,0.0429,0.000640777574513965,-0.007100000000000002,1.0342,1.0339,1.0338,1.0696,1.0521,0.9836
143,K5_n2000,continuous,equivalence,type1_upper,adjusted,0.45,0.05,TRUE,100000,0.045,0.0006555532015023647,-0.0050000000000000044,0.0504,0.0006918080658679833,0.0003999999999999976,0.0504,0.0006918080658679833,0.0003999999999999976,0.0504,0.0006918080658679833,0.0003999999999999976,0.050300000000000004,0.0006911577967439852,0.00030000000000000165,0.0447,0.0006534669846289099,-0.005300000000000006,1.0352,1.0349,1.0347,1.0715,1.0707,0.9992
143,K5_n2000,continuous,equivalence,type1_upper,unadjusted,0.45,0.05,TRUE,100000,0.0449,0.000654858687046297,-0.0051,0.050300000000000004,0.0006911577967439852,0.00030000000000000165,0.050300000000000004,0.0006911577967439852,0.00030000000000000165,0.050300000000000004,0.0006911577967439852,0.00030000000000000165,0.0489,0.0006819735332107838,-0.0011000000000000038,0.0437,0.0006464542520550081,-0.0063,1.0342,1.034,1.0338,1.0697,1.0523,0.9838
149,K5_n2000,binary,superiority,type1,adjusted,0.0,0.05,TRUE,100000,0.0504,0.0006918080658679833,0.0003999999999999976,0.0508,0.0006944016129013526,0.0007999999999999952,0.0513,0.0006976267626747128,0.0012999999999999956,0.051100000000000007,0.0006963389260984912,0.0011000000000000038,0.0509,0.0006950481278300086,0.000899999999999998,0.0506,0.0006931063410473172,0.0005999999999999964,1.0012,1.002,1.0013,1.0023,1.0022,0.9999
149,K5_n2000,binary,superiority,type1,unadjusted,0.0,0.05,TRUE,100000,0.046799999999999994,0.0006679053825206082,-0.0032000000000000084,0.046799999999999994,0.0006679053825206082,-0.0032000000000000084,0.046799999999999994,0.0006679053825206082,-0.0032000000000000084,0.046799999999999994,0.0006679053825206082,-0.0032000000000000084,0.0507,0.0006937543513377051,0.0006999999999999992,0.0506,0.0006931063410473172,0.0005999999999999964,1.0012,1.002,1.0013,1.0023,1.0016,0.9993
155,K5_n2000,binary,noninferiority,type1,adjusted,-0.1,0.025,TRUE,100000,0.0259,0.0005022866711351198,0.000899999999999998,0.0259,0.0005022866711351198,0.000899999999999998,0.026000000000000002,0.0005032295698784005,0.0010000000000000009,0.026000000000000002,0.0005032295698784005,0.0010000000000000009,0.0258,0.0005013417995739034,0.0007999999999999986,0.025699999999999997,0.0005003949440192217,0.0006999999999999958,1.0011,1.002,1.0013,1.0023,1.0023,1.0
155,K5_n2000,binary,noninferiority,type1,unadjusted,-0.1,0.025,TRUE,100000,0.0255,0.0004984952356843544,0.000499999999999997,0.0255,0.0004984952356843544,0.000499999999999997,0.0256,0.0004994460931872428,0.0005999999999999998,0.0255,0.0004984952356843544,0.000499999999999997,0.025699999999999997,0.0005003949440192217,0.0006999999999999958,0.0256,0.0004994460931872428,0.0005999999999999998,1.0011,1.002,1.0013,1.0023,1.0017,0.9994
161,K5_n2000,binary,equivalence,type1_lower,adjusted,-0.1,0.05,TRUE,100000,0.048799999999999996,0.0006813116761071983,-0.0012000000000000066,0.049,0.0006826346021115543,-0.0010000000000000009,0.0493,0.0006846131024162479,-0.0007000000000000062,0.0492,0.000683954384443875,-0.0008000000000000021,0.049,0.0006826346021115543,-0.0010000000000000009,0.048799999999999996,0.0006813116761071983,-0.0012000000000000066,1.0011,1.002,1.0013,1.0023,1.0021,0.9999
161,K5_n2000,binary,equivalence,type1_lower,unadjusted,-0.1,0.05,TRUE,100000,0.0483,0.0006779904866589207,-0.0017000000000000001,0.048499999999999995,0.0006793213525276531,-0.0015000000000000083,0.048499999999999995,0.0006793213525276531,-0.0015000000000000083,0.048499999999999995,0.0006793213525276531,-0.0015000000000000083,0.0484,0.0006786563195019994,-0.0016000000000000042,0.0483,0.0006779904866589207,-0.0017000000000000001,1.0011,1.0019,1.0013,1.0023,1.0016,0.9993
164,K5_n2000,binary,equivalence,type1_upper,adjusted,0.1,0.05,TRUE,100000,0.0501,0.0006898549847612903,9.999999999999593e-05,0.050199999999999995,0.0006905067704229987,0.00019999999999999185,0.050499999999999996,0.0006924575799281859,0.0004999999999999935,0.0504,0.0006918080658679833,0.0003999999999999976,0.050199999999999995,0.0006905067704229987,0.00019999999999999185,0.05,0.0006892024376045111,0.0,1.0012,1.0021,1.0014,1.0025,1.0026,1.0001
164,K5_n2000,binary,equivalence,type1_upper,unadjusted,0.1,0.05,TRUE,100000,0.049699999999999994,0.0006872402054594885,-0.0003000000000000086,0.049800000000000004,0.0006878950501348299,-0.0001999999999999988,0.049800000000000004,0.0006878950501348299,-0.0001999999999999988,0.049800000000000004,0.0006878950501348299,-0.0001999999999999988,0.050199999999999995,0.0006905067704229987,0.00019999999999999185,0.05,0.0006892024376045111,0.0,1.0012,1.0021,1.0014,1.0025,1.002,0.9995
